Price,Adj Close,Close,High,Low,Open,Volume
Ticker,AAPL,AAPL,AAPL,AAPL,AAPL,AAPL
Date,,,,,,
2018-02-01,39.292701721191406,41.94499969482422,42.154998779296875,41.689998626708984,41.79249954223633,188923200
2018-02-02,37.587791442871094,40.125,41.70000076293945,40.025001525878906,41.5,346375200
2018-02-05,36.648685455322266,39.122501373291016,40.970001220703125,39.0,39.775001525878906,290954000
2018-02-06,38.180294036865234,40.75749969482422,40.93000030517578,38.5,38.70750045776367,272975200
2018-02-07,37.36295700073242,39.8849983215332,40.849998474121094,39.76750183105469,40.772499084472656,206434400
2018-02-08,36.334861755371094,38.787498474121094,40.25,38.75749969482422,40.0724983215332,217562000
2018-02-09,36.77928924560547,39.102500915527344,39.47249984741211,37.560001373291016,39.26750183105469,282690400
2018-02-12,38.26072692871094,40.6775016784668,40.97249984741211,39.377498626708984,39.625,243278000
2018-02-13,38.64400100708008,41.084999084472656,41.1875,40.412498474121094,40.48749923706055,130196800
2018-02-14,39.35649108886719,41.842498779296875,41.8849983215332,40.720001220703125,40.7599983215332,162579600
2018-02-15,40.67802810668945,43.247501373291016,43.272499084472656,42.25,42.4474983215332,204588800
2018-02-16,40.54633712768555,43.10749816894531,43.70500183105469,42.942501068115234,43.09000015258789,160704400
2018-02-20,40.40995788574219,42.962501525878906,43.564998626708984,42.85499954223633,43.01250076293945,135722000
2018-02-21,40.22653579711914,42.76750183105469,43.529998779296875,42.752498626708984,43.20750045776367,149886400
2018-02-22,40.56279373168945,43.125,43.48749923706055,42.9275016784668,42.95000076293945,123967600
2018-02-23,41.26824188232422,43.875,43.912498474121094,43.3849983215332,43.41749954223633,135249600
2018-02-26,42.084197998046875,44.74250030517578,44.84749984741211,44.0525016784668,44.087501525878906,152648800
2018-02-27,41.947811126708984,44.59749984741211,45.119998931884766,44.540000915527344,44.775001525878906,155712400
2018-02-28,41.88433074951172,44.529998779296875,45.154998779296875,44.51250076293945,44.814998626708984,151128400
2018-03-01,41.15066909790039,43.75,44.94499969482422,43.165000915527344,44.6349983215332,195208000
2018-03-02,41.43519592285156,44.0525016784668,44.07500076293945,43.11249923706055,43.20000076293945,153816000
2018-03-05,41.578643798828125,44.20500183105469,44.435001373291016,43.630001068115234,43.8025016784668,113605600
2018-03-06,41.543365478515625,44.16749954223633,44.5625,44.032501220703125,44.477500915527344,95154000
2018-03-07,41.15772247314453,43.75749969482422,43.962501525878906,43.567501068115234,43.73500061035156,126814000
2018-03-08,41.60684585571289,44.23500061035156,44.279998779296875,43.76750183105469,43.869998931884766,95096400
2018-03-09,42.32170104980469,44.994998931884766,45.0,44.34749984741211,44.4900016784668,128740800
2018-03-12,42.7308464050293,45.43000030517578,45.59749984741211,45.0525016784668,45.0724983215332,128828400
2018-03-13,42.31935119628906,44.99250030517578,45.875,44.810001373291016,45.647499084472656,126774000
2018-03-14,41.95957946777344,44.61000061035156,45.130001068115234,44.45249938964844,45.08000183105469,117473600
2018-03-15,42.00895690917969,44.662498474121094,45.060001373291016,44.51750183105469,44.625,90975200
2018-03-16,41.86081314086914,44.505001068115234,44.779998779296875,44.404998779296875,44.662498474121094,157618800
2018-03-19,41.221214294433594,43.82500076293945,44.36750030517578,43.415000915527344,44.33000183105469,133787200
2018-03-20,41.20710754394531,43.810001373291016,44.20000076293945,43.73500061035156,43.810001373291016,78597600
2018-03-21,40.27357482910156,42.817501068115234,43.772499084472656,42.814998626708984,43.7599983215332,148219600
2018-03-22,39.70452117919922,42.212501525878906,43.16999816894531,42.150001525878906,42.5,165963200
2018-03-23,38.785091400146484,41.23500061035156,42.47999954223633,41.23500061035156,42.09749984741211,164115200
2018-03-26,40.626285552978516,43.192501068115234,43.275001525878906,41.61000061035156,42.01750183105469,150164800
2018-03-27,39.5845832824707,42.084999084472656,43.787498474121094,41.72999954223633,43.41999816894531,163690400
2018-03-28,39.147220611572266,41.619998931884766,42.505001068115234,41.29750061035156,41.8125,166674000
2018-03-29,39.452919006347656,41.94499969482422,42.9375,41.724998474121094,41.95249938964844,153594000
2018-04-02,39.194244384765625,41.66999816894531,42.23500061035156,41.11750030517578,41.65999984741211,150347200
2018-04-03,39.59635543823242,42.09749984741211,42.1875,41.220001220703125,41.90999984741211,121112000
2018-04-04,40.35352325439453,42.90250015258789,43.002498626708984,41.192501068115234,41.220001220703125,138422000
2018-04-05,40.63334655761719,43.20000076293945,43.557498931884766,43.02000045776367,43.14500045776367,107732800
2018-04-06,39.59400939941406,42.095001220703125,43.119998931884766,42.04999923706055,42.74250030517578,140021200
2018-04-09,39.986690521240234,42.51250076293945,43.272499084472656,42.462501525878906,42.470001220703125,116070800
2018-04-10,40.73915100097656,43.3125,43.5,42.88249969482422,43.25,113634400
2018-04-11,40.5486946105957,43.11000061035156,43.47999954223633,42.92499923706055,43.057498931884766,89726400
2018-04-12,40.948448181152344,43.53499984741211,43.75,43.2599983215332,43.352500915527344,91557200
2018-04-13,41.08716583251953,43.682498931884766,43.959999084472656,43.462501525878906,43.69499969482422,100497200
2018-04-16,41.34349822998047,43.95500183105469,44.04750061035156,43.70750045776367,43.75749969482422,86313600
2018-04-17,41.91254806518555,44.560001373291016,44.73500061035156,44.102500915527344,44.122501373291016,106421600
2018-04-18,41.8184814453125,44.459999084472656,44.70500183105469,44.220001220703125,44.45249938964844,83018000
2018-04-19,40.63334655761719,43.20000076293945,43.84749984741211,43.165000915527344,43.439998626708984,139235200
2018-04-20,38.96852111816406,41.43000030517578,42.80500030517578,41.35749816894531,42.650001525878906,261964400
2018-04-23,38.85563659667969,41.310001373291016,41.72999954223633,41.022499084472656,41.70750045776367,146062000
2018-04-24,38.3148078918457,40.73500061035156,41.58250045776367,40.30500030517578,41.41749954223633,134768000
2018-04-25,38.48175048828125,40.912498474121094,41.35499954223633,40.602500915527344,40.654998779296875,113528400
2018-04-26,38.61578369140625,41.05500030517578,41.432498931884766,40.842498779296875,41.029998779296875,111852000
2018-04-27,38.16901397705078,40.58000183105469,41.08250045776367,40.157501220703125,41.0,142623200
2018-04-30,38.860347747802734,41.314998626708984,41.814998626708984,40.459999084472656,40.532501220703125,169709600
2018-05-01,39.76329803466797,42.275001525878906,42.29999923706055,41.317501068115234,41.602500915527344,214277600
2018-05-02,41.51985168457031,44.14250183105469,44.4375,43.45000076293945,43.807498931884766,266157600
2018-05-03,41.5951042175293,44.22249984741211,44.375,43.61000061035156,43.970001220703125,136272800
2018-05-04,43.22701644897461,45.95750045776367,46.0625,44.54249954223633,44.5625,224805200
2018-05-07,43.539764404296875,46.290000915527344,46.91749954223633,46.1875,46.29499816894531,169805600
2018-05-08,43.74904251098633,46.51250076293945,46.55500030517578,45.91749954223633,46.247501373291016,113611200
2018-05-09,44.05707931518555,46.84000015258789,46.849998474121094,46.30500030517578,46.63750076293945,92844800
2018-05-10,44.68728256225586,47.5099983215332,47.592498779296875,46.912498474121094,46.935001373291016,111957200
2018-05-11,44.51731491088867,47.147499084472656,47.51499938964844,46.86249923706055,47.372501373291016,104848800
2018-05-14,44.4134521484375,47.037498474121094,47.38249969482422,46.96500015258789,47.252498626708984,83115200
2018-05-15,44.00980758666992,46.61000061035156,46.76750183105469,46.275001525878906,46.69499969482422,94780800
2018-05-16,44.42053985595703,47.04499816894531,47.1150016784668,46.5,46.51750183105469,76732400
2018-05-17,44.13963317871094,46.747501373291016,47.227500915527344,46.59000015258789,47.0,69176000
2018-05-18,43.97910690307617,46.57749938964844,46.95249938964844,46.532501220703125,46.79750061035156,73190800
2018-05-21,44.29070281982422,46.907501220703125,47.317501068115234,46.727500915527344,47.0,73603200
2018-05-22,44.179752349853516,46.790000915527344,47.220001220703125,46.69499969482422,47.095001220703125,60962800
2018-05-23,44.4630241394043,47.09000015258789,47.125,46.439998626708984,46.587501525878906,80233600
2018-05-24,44.4134521484375,47.037498474121094,47.209999084472656,46.5525016784668,47.192501068115234,92936000
2018-05-25,44.51494598388672,47.14500045776367,47.412498474121094,46.912498474121094,47.057498931884766,69844000
2018-05-29,44.35444259643555,46.974998474121094,47.1875,46.717498779296875,46.900001525878906,90056400
2018-05-30,44.26002883911133,46.875,47.0,46.69499969482422,46.93000030517578,74762000
2018-05-31,44.11131286621094,46.717498779296875,47.057498931884766,46.53499984741211,46.80500030517578,109931200
2018-06-01,44.90679931640625,47.560001373291016,47.564998626708984,46.9375,46.997501373291016,93770000
2018-06-04,45.28213119506836,47.95750045776367,48.35499954223633,47.837501525878906,47.90999984741211,105064800
2018-06-05,45.6314811706543,48.32749938964844,48.48500061035156,48.09000015258789,48.26750183105469,86264000
2018-06-06,45.789642333984375,48.494998931884766,48.52000045776367,47.97999954223633,48.407501220703125,83734400
2018-06-07,45.66688919067383,48.3650016784668,48.54999923706055,48.084999084472656,48.53499984741211,85388800
2018-06-08,45.2514533996582,47.92499923706055,48.0,47.442501068115234,47.79249954223633,106627200
2018-06-11,45.14049530029297,47.807498931884766,47.99250030517578,47.5525016784668,47.837501525878906,73234000
2018-06-12,45.38835144042969,48.06999969482422,48.15250015258789,47.787498474121094,47.84749984741211,67644400
2018-06-13,45.015380859375,47.67499923706055,48.220001220703125,47.61000061035156,48.10499954223633,86553600
2018-06-14,45.03898620605469,47.70000076293945,47.89250183105469,47.55500030517578,47.88750076293945,86440400
2018-06-15,44.57632827758789,47.209999084472656,47.540000915527344,47.064998626708984,47.50749969482422,246876800
2018-06-18,44.5527229309082,47.185001373291016,47.30500030517578,46.79999923706055,46.970001220703125,73939600
2018-06-19,43.832763671875,46.42250061035156,46.58250045776367,45.86249923706055,46.28499984741211,134314000
2018-06-20,44.023963928222656,46.625,46.79999923706055,46.432498931884766,46.587501525878906,82514800
2018-06-21,43.77847671508789,46.3650016784668,47.087501525878906,46.23500061035156,46.8125,102847600
2018-06-22,43.6509895324707,46.22999954223633,46.537498474121094,46.17499923706055,46.529998779296875,108801600
2018-06-25,43.00185012817383,45.54249954223633,46.22999954223633,45.182498931884766,45.849998474121094,126652400
2018-06-26,43.53533935546875,46.10749816894531,46.63249969482422,45.6349983215332,45.747501373291016,98276800
2018-06-27,43.47159957885742,46.040000915527344,46.81999969482422,46.00749969482422,46.307498931884766,101141200
2018-06-28,43.787906646728516,46.375,46.5525016784668,45.95000076293945,46.025001525878906,69460800
2018-06-29,43.695858001708984,46.27750015258789,46.79750061035156,45.727500915527344,46.5724983215332,90950800
2018-07-02,44.184478759765625,46.79499816894531,46.82500076293945,45.85499954223633,45.95500183105469,70925200
2018-07-03,43.414939880371094,45.97999954223633,46.98749923706055,45.8849983215332,46.9474983215332,55819200
2018-07-05,43.76430892944336,46.349998474121094,46.602500915527344,46.06999969482422,46.314998626708984,66416800
2018-07-06,44.37096405029297,46.99250030517578,47.10749816894531,46.29999923706055,46.35499954223633,69940800
2018-07-09,44.987060546875,47.64500045776367,47.66999816894531,47.32500076293945,47.375,79026400
2018-07-10,44.93277359008789,47.587501525878906,47.81999969482422,47.54499816894531,47.6775016784668,63756400
2018-07-11,44.349735260009766,46.970001220703125,47.44499969482422,46.90250015258789,47.125,75326000
2018-07-12,45.093284606933594,47.75749969482422,47.852500915527344,47.32749938964844,47.38249969482422,72164400
2018-07-13,45.164100646972656,47.83250045776367,47.959999084472656,47.724998474121094,47.77000045776367,50055600
2018-07-16,45.064971923828125,47.727500915527344,48.162498474121094,47.60499954223633,47.880001068115234,60172400
2018-07-17,45.192420959472656,47.86249923706055,47.967498779296875,47.29999923706055,47.4375,62138000
2018-07-18,44.94456481933594,47.599998474121094,47.95000076293945,47.48249816894531,47.94499969482422,65573600
2018-07-19,45.2939338684082,47.970001220703125,48.13750076293945,47.42250061035156,47.42250061035156,81147200
2018-07-20,45.19007873535156,47.86000061035156,48.10749816894531,47.54249954223633,47.94499969482422,82704800
2018-07-23,45.230186462402344,47.90250015258789,47.9900016784668,47.38999938964844,47.66999816894531,63957600
2018-07-24,45.558311462402344,48.25,48.415000915527344,48.01250076293945,48.11249923706055,74791600
2018-07-25,45.98793411254883,48.70500183105469,48.712501525878906,48.10749816894531,48.26499938964844,66839600
2018-07-26,45.843936920166016,48.5525016784668,48.9900016784668,48.40250015258789,48.65250015258789,76304000
2018-07-27,45.08148956298828,47.744998931884766,48.79750061035156,47.525001525878906,48.747501373291016,96096000
2018-07-30,44.828914642333984,47.477500915527344,48.04999923706055,47.26750183105469,47.974998474121094,84118000
2018-07-31,44.91860580444336,47.5724983215332,48.03499984741211,47.334999084472656,47.57500076293945,157492000
2018-08-01,47.564754486083984,50.375,50.439998626708984,49.32749938964844,49.782501220703125,271742800
2018-08-02,48.95512008666992,51.84749984741211,52.095001220703125,50.087501525878906,50.14500045776367,249616000
2018-08-03,49.09675598144531,51.997501373291016,52.185001373291016,51.369998931884766,51.75749969482422,133789600
2018-08-06,49.351688385009766,52.26750183105469,52.3125,51.76750183105469,52.0,101701600
2018-08-07,48.8890380859375,51.77750015258789,52.375,51.689998626708984,52.33000183105469,102349600
2018-08-08,48.92207717895508,51.8125,51.95249938964844,51.130001068115234,51.51250076293945,90102000
2018-08-09,49.306846618652344,52.220001220703125,52.44499969482422,51.79999923706055,52.38249969482422,93970400
2018-08-10,49.159976959228516,51.88249969482422,52.275001525878906,51.66749954223633,51.84000015258789,98444800
2018-08-13,49.477394104003906,52.217498779296875,52.73749923706055,51.92499923706055,52.32749938964844,103563600
2018-08-14,49.68584442138672,52.4375,52.63999938964844,52.064998626708984,52.540000915527344,82992000
2018-08-15,49.80192947387695,52.560001373291016,52.685001373291016,52.08250045776367,52.30500030517578,115230400
2018-08-16,50.53152847290039,53.33000183105469,53.45249938964844,52.86750030517578,52.9375,114001600
2018-08-17,51.54063415527344,54.39500045776367,54.48749923706055,53.290000915527344,53.36000061035156,141708000
2018-08-20,51.038448333740234,53.8650016784668,54.79499816894531,53.77750015258789,54.525001525878906,121150800
2018-08-21,50.9389533996582,53.7599983215332,54.29750061035156,53.50749969482422,54.20000076293945,104639200
2018-08-22,50.94132614135742,53.76250076293945,54.09000015258789,53.459999084472656,53.525001525878906,76072400
2018-08-23,51.045555114746094,53.872501373291016,54.26250076293945,53.650001525878906,53.662498474121094,75532800
2018-08-24,51.20425033569336,54.040000915527344,54.224998474121094,53.77750015258789,54.150001525878906,73905600
2018-08-27,51.625911712646484,54.48500061035156,54.685001373291016,54.08250045776367,54.287498474121094,82100400
2018-08-28,52.042816162109375,54.92499923706055,55.1349983215332,54.72999954223633,54.752498626708984,91107200
2018-08-29,52.81978988647461,55.744998931884766,55.872501373291016,54.852500915527344,55.037498474121094,109019200
2018-08-30,53.30540084838867,56.25749969482422,57.064998626708984,55.599998474121094,55.8125,195175200
2018-08-31,53.921295166015625,56.907501220703125,57.217498779296875,56.5,56.627498626708984,173360400
2018-09-04,54.094215393066406,57.09000015258789,57.29499816894531,56.657501220703125,57.102500915527344,109560400
2018-09-05,53.74125289916992,56.717498779296875,57.41749954223633,56.275001525878906,57.247501373291016,133332000
2018-09-06,52.84821701049805,55.775001525878906,56.837501525878906,55.32500076293945,56.557498931884766,137160000
2018-09-07,52.42182922363281,55.32500076293945,56.342498779296875,55.1775016784668,55.462501525878906,150479200
2018-09-10,51.71829605102539,54.58250045776367,55.462501525878906,54.11750030517578,55.23749923706055,158066000
2018-09-11,53.02587890625,55.962501525878906,56.07500076293945,54.13999938964844,54.502498626708984,142996000
2018-09-12,52.36735153198242,55.26750183105469,56.25,54.959999084472656,56.23500061035156,197114800
2018-09-13,53.632293701171875,56.602500915527344,57.087501525878906,55.64250183105469,55.880001068115234,166825600
2018-09-14,53.02350997924805,55.959999084472656,56.709999084472656,55.630001068115234,56.4375,127997200
2018-09-17,51.6117057800293,54.470001220703125,55.73749923706055,54.317501068115234,55.537498474121094,148780400
2018-09-18,51.69697952270508,54.560001373291016,55.462501525878906,54.279998779296875,54.4474983215332,126286800
2018-09-19,51.72777557373047,54.592498779296875,54.904998779296875,53.82500076293945,54.625,108495200
2018-09-20,52.120994567871094,55.00749969482422,55.56999969482422,54.787498474121094,55.060001373291016,106435200
2018-09-21,51.5595817565918,54.415000915527344,55.34000015258789,54.3224983215332,55.19499969482422,384986800
2018-09-24,52.301025390625,55.1974983215332,55.314998626708984,54.157501220703125,54.20500183105469,110773600
2018-09-25,52.63266372680664,55.54750061035156,55.70500183105469,54.92499923706055,54.9375,98217600
2018-09-26,52.213375091552734,55.10499954223633,55.9375,54.939998626708984,55.25,95938800
2018-09-27,53.28643798828125,56.23749923706055,56.61000061035156,55.8849983215332,55.95500183105469,120724800
2018-09-28,53.47358322143555,56.435001373291016,56.459999084472656,56.005001068115234,56.1974983215332,91717600
2018-10-01,53.833648681640625,56.814998626708984,57.35499954223633,56.587501525878906,56.98749923706055,94403200
2018-10-02,54.3121452331543,57.31999969482422,57.5,56.657501220703125,56.8125,99152800
2018-10-03,54.97304153442383,58.01750183105469,58.36750030517578,57.44499969482422,57.51250076293945,114619200
2018-10-04,54.006561279296875,56.997501373291016,58.087501525878906,56.682498931884766,57.69499969482422,128168000
2018-10-05,53.130096435546875,56.0724983215332,57.102500915527344,55.14500045776367,56.9900016784668,134322000
2018-10-08,53.00691604614258,55.942501068115234,56.20000076293945,55.04999923706055,55.5525016784668,118655600
2018-10-09,53.74125289916992,56.717498779296875,56.817501068115234,55.5625,55.90999984741211,107564000
2018-10-10,51.25164794921875,54.09000015258789,56.587501525878906,54.01250076293945,56.3650016784668,167962400
2018-10-11,50.79920196533203,53.61249923706055,54.875,53.08000183105469,53.630001068115234,212497600
2018-10-12,52.61370086669922,55.52750015258789,55.720001220703125,54.209999084472656,55.10499954223633,161351600
2018-10-15,51.488521575927734,54.34000015258789,55.45750045776367,54.317501068115234,55.290000915527344,123164000
2018-10-16,52.62318801879883,55.537498474121094,55.747501373291016,54.189998626708984,54.73249816894531,116736000
2018-10-17,52.39577865600586,55.29750061035156,55.65999984741211,54.834999084472656,55.57500076293945,91541600
2018-10-18,51.17110061645508,54.005001068115234,54.935001373291016,53.25,54.46500015258789,130325200
2018-10-19,51.95043182373047,54.82749938964844,55.314998626708984,54.35749816894531,54.51499938964844,132314800
2018-10-22,52.267860412597656,55.162498474121094,55.84000015258789,54.73500061035156,54.9474983215332,115168400
2018-10-23,52.760562896728516,55.682498931884766,55.8125,53.67499923706055,53.95750045776367,155071200
2018-10-24,50.95079803466797,53.772499084472656,56.057498931884766,53.6349983215332,55.650001525878906,163702000
2018-10-25,52.06651306152344,54.95000076293945,55.345001220703125,54.1875,54.4275016784668,119423200
2018-10-26,51.237422943115234,54.07500076293945,55.04750061035156,53.16749954223633,53.974998474121094,189033600
2018-10-29,50.27569580078125,53.060001373291016,54.92250061035156,51.522499084472656,54.79750061035156,183742000
2018-10-30,50.52677536010742,53.32500076293945,53.79499816894531,52.317501068115234,52.787498474121094,146640000
2018-10-31,51.843841552734375,54.71500015258789,55.11249923706055,54.154998779296875,54.220001220703125,153435600
2018-11-01,52.63976287841797,55.55500030517578,55.59000015258789,54.20249938964844,54.76250076293945,233292800
2018-11-02,49.148128509521484,51.869998931884766,53.412498474121094,51.35749816894531,52.38750076293945,365314800
2018-11-05,47.75291061401367,50.397499084472656,51.09749984741211,49.54249954223633,51.07500076293945,264654800
2018-11-06,48.26931381225586,50.942501068115234,51.18000030517578,50.42250061035156,50.47999954223633,127531600
2018-11-07,49.73322296142578,52.48749923706055,52.51499938964844,51.032501220703125,51.49250030517578,133697600
2018-11-08,49.55970764160156,52.122501373291016,52.529998779296875,51.6875,52.494998931884766,101450400
2018-11-09,48.60411834716797,51.11750030517578,51.502498626708984,50.5625,51.38750076293945,137463200
2018-11-12,46.155731201171875,48.54249954223633,49.962501525878906,48.4474983215332,49.75,204542000
2018-11-13,45.69457244873047,48.057498931884766,49.29499816894531,47.86249923706055,47.907501220703125,187531600
2018-11-14,44.40382385253906,46.70000076293945,48.619998931884766,46.48249816894531,48.474998474121094,243204000
2018-11-15,45.49964904785156,47.852500915527344,47.99250030517578,46.724998474121094,47.09749984741211,185915200
2018-11-16,46.00358963012695,48.38249969482422,48.74250030517578,47.3650016784668,47.625,147713200
2018-11-19,44.18037796020508,46.46500015258789,47.67499923706055,46.247501373291016,47.5,167701200
2018-11-20,42.069522857666016,44.244998931884766,45.36750030517578,43.877498626708984,44.592498779296875,271300800
2018-11-21,42.0219841003418,44.19499969482422,45.067501068115234,44.13750076293945,44.932498931884766,124496800
2018-11-23,40.954681396484375,43.0724983215332,44.150001525878906,43.025001525878906,43.73500061035156,94496000
2018-11-26,41.508541107177734,43.654998779296875,43.73749923706055,42.564998626708984,43.560001373291016,179994000
2018-11-27,41.418212890625,43.560001373291016,43.692501068115234,42.720001220703125,42.877498626708984,165549600
2018-11-28,43.01084899902344,45.23500061035156,45.3224983215332,43.73249816894531,44.182498931884766,184250000
2018-11-29,42.68043518066406,44.88750076293945,45.70000076293945,44.42499923706055,45.665000915527344,167080000
2018-11-30,42.449867248535156,44.64500045776367,45.08250045776367,44.25749969482422,45.0724983215332,158126000
2018-12-03,43.93316650390625,46.20500183105469,46.23500061035156,45.3025016784668,46.1150016784668,163210000
2018-12-04,42.00059509277344,44.17250061035156,45.59749984741211,44.067501068115234,45.23749923706055,165377200
2018-12-06,41.532310485839844,43.68000030517578,43.69499969482422,42.60499954223633,42.939998626708984,172393600
2018-12-07,40.051395416259766,42.122501373291016,43.622501373291016,42.07500076293945,43.372501373291016,169126400
2018-12-10,40.31524658203125,42.400001525878906,42.522499084472656,40.83250045776367,41.25,248104000
2018-12-11,40.08467483520508,42.157501220703125,42.9474983215332,41.75,42.915000915527344,189126800
2018-12-12,40.19639587402344,42.275001525878906,42.97999954223633,42.255001068115234,42.599998474121094,142510800
2018-12-13,40.63615798950195,42.73749923706055,43.14250183105469,42.38750076293945,42.622501373291016,127594400
2018-12-14,39.33589172363281,41.369998931884766,42.27000045776367,41.31999969482422,42.25,162814800
2018-12-17,38.96981430053711,40.98500061035156,42.087501525878906,40.682498931884766,41.36249923706055,177151600
2018-12-18,39.476139068603516,41.51750183105469,41.88249969482422,41.09749984741211,41.345001220703125,135366000
2018-12-19,38.244808197021484,40.22249984741211,41.86249923706055,39.772499084472656,41.5,196189200
2018-12-20,37.27971649169922,39.20750045776367,40.52750015258789,38.82500076293945,40.099998474121094,259092000
2018-12-21,35.8297004699707,37.682498931884766,39.540000915527344,37.407501220703125,39.21500015258789,382978400
2018-12-24,34.90263366699219,36.70750045776367,37.88750076293945,36.647499084472656,37.037498474121094,148676800
2018-12-26,37.360538482666016,39.29249954223633,39.307498931884766,36.68000030517578,37.07500076293945,234330000
2018-12-27,37.11808395385742,39.037498474121094,39.192501068115234,37.51750183105469,38.959999084472656,212468400
2018-12-28,37.13709259033203,39.057498931884766,39.630001068115234,38.63750076293945,39.375,169165600
2018-12-31,37.496036529541016,39.435001373291016,39.84000015258789,39.119998931884766,39.63249969482422,140014000
2019-01-02,37.53882598876953,39.47999954223633,39.712501525878906,38.557498931884766,38.72249984741211,148158800
2019-01-03,33.799678802490234,35.54750061035156,36.43000030517578,35.5,35.994998931884766,365248800
2019-01-04,35.242557525634766,37.064998626708984,37.13750076293945,35.95000076293945,36.13249969482422,234428400
2019-01-07,35.16410827636719,36.98249816894531,37.20750045776367,36.474998474121094,37.17499923706055,219111200
2019-01-08,35.83445739746094,37.6875,37.95500183105469,37.130001068115234,37.38999938964844,164101200
2019-01-09,36.442989349365234,38.32749938964844,38.63249969482422,37.407501220703125,37.8224983215332,180396400
2019-01-10,36.5594596862793,38.45000076293945,38.49250030517578,37.71500015258789,38.125,143122800
2019-01-11,36.20052719116211,38.0724983215332,38.42499923706055,37.877498626708984,38.220001220703125,108092800
2019-01-14,35.65616226196289,37.5,37.817501068115234,37.30500030517578,37.712501525878906,129756800
2019-01-15,36.38594055175781,38.26750183105469,38.34749984741211,37.51250076293945,37.567501068115234,114843600
2019-01-16,36.8304443359375,38.73500061035156,38.970001220703125,38.25,38.27000045776367,122278800
2019-01-17,37.04913330078125,38.96500015258789,39.415000915527344,38.314998626708984,38.54999923706055,119284800
2019-01-18,37.27735137939453,39.20500183105469,39.470001220703125,38.994998931884766,39.375,135004000
2019-01-22,36.44060516357422,38.32500076293945,39.182498931884766,38.154998779296875,39.102500915527344,121576000
2019-01-23,36.587982177734375,38.47999954223633,38.78499984741211,37.92499923706055,38.537498474121094,92522400
2019-01-24,36.29798126220703,38.17499923706055,38.619998931884766,37.935001373291016,38.52750015258789,101766000
2019-01-25,37.50078582763672,39.439998626708984,39.532501220703125,38.58000183105469,38.869998931884766,134142000
2019-01-28,37.15373229980469,39.07500076293945,39.08250045776367,38.415000915527344,38.9474983215332,104768400
2019-01-29,36.768638610839844,38.66999816894531,39.532501220703125,38.52750015258789,39.0625,166348800
2019-01-30,39.28121566772461,41.3125,41.537498474121094,40.057498931884766,40.8125,244439200
2019-01-31,39.56409454345703,41.61000061035156,42.25,41.13999938964844,41.52750015258789,162958400
2019-02-01,39.58312225341797,41.630001068115234,42.244998931884766,41.48249816894531,41.7400016784668,130672400
2019-02-04,40.707462310791016,42.8125,42.915000915527344,41.81999969482422,41.852500915527344,125982000
2019-02-05,41.40395736694336,43.54499816894531,43.77000045776367,43.087501525878906,43.21500015258789,144406400
2019-02-06,41.418212890625,43.560001373291016,43.89250183105469,43.212501525878906,43.662498474121094,112958400
2019-02-07,40.63378143310547,42.73500061035156,43.48500061035156,42.584999084472656,43.099998474121094,126966800
2019-02-08,40.6815185546875,42.602500915527344,42.665000915527344,42.10499954223633,42.247501373291016,95280000
2019-02-11,40.44755554199219,42.35749816894531,42.8025016784668,42.3125,42.76250076293945,83973600
2019-02-12,40.796112060546875,42.72249984741211,42.75,42.42499923706055,42.525001525878906,89134000
2019-02-13,40.626609802246094,42.54499816894531,43.119998931884766,42.47999954223633,42.84749984741211,89960800
2019-02-14,40.774620056152344,42.70000076293945,42.814998626708984,42.345001220703125,42.4275016784668,87342800
2019-02-15,40.683902740478516,42.60499954223633,42.92499923706055,42.4375,42.8125,98507200
2019-02-19,40.8056640625,42.73249816894531,42.86000061035156,42.372501373291016,42.4275016784668,75891200
2019-02-20,41.06825637817383,43.00749969482422,43.33000183105469,42.747501373291016,42.79750061035156,104457600
2019-02-21,40.836692810058594,42.76499938964844,43.092498779296875,42.57500076293945,42.95000076293945,68998800
2019-02-22,41.292659759521484,43.24250030517578,43.25,42.845001220703125,42.89500045776367,75652800
2019-02-25,41.59345626831055,43.557498931884766,43.967498779296875,43.48749923706055,43.540000915527344,87493600
2019-02-26,41.617332458496094,43.58250045776367,43.82500076293945,43.29249954223633,43.4275016784668,68280800
2019-02-27,41.7462272644043,43.717498779296875,43.75,43.182498931884766,43.3025016784668,111341600
2019-02-28,41.33563995361328,43.287498474121094,43.727500915527344,43.22999954223633,43.58000183105469,112861600
2019-03-01,41.770118713378906,43.74250030517578,43.787498474121094,43.22249984741211,43.56999969482422,103544800
2019-03-04,41.98019790649414,43.962501525878906,44.4375,43.49250030517578,43.92250061035156,109744800
2019-03-05,41.903804779052734,43.88249969482422,44.0,43.6349983215332,43.98500061035156,78949600
2019-03-06,41.662689208984375,43.630001068115234,43.872501373291016,43.48500061035156,43.66749954223633,83241600
2019-03-07,41.180450439453125,43.125,43.61000061035156,43.005001068115234,43.467498779296875,99185600
2019-03-08,41.278343200683594,43.227500915527344,43.26750183105469,42.375,42.58000183105469,95997600
2019-03-11,42.70832443237305,44.724998474121094,44.779998779296875,43.837501525878906,43.872501373291016,128044000
2019-03-12,43.18815994262695,45.227500915527344,45.66749954223633,44.842498779296875,45.0,129870400
2019-03-13,43.37913513183594,45.4275016784668,45.82500076293945,45.22999954223633,45.5625,124130000
2019-03-14,43.86137008666992,45.932498931884766,46.025001525878906,45.63999938964844,45.974998474121094,94318000
2019-03-15,44.43193054199219,46.529998779296875,46.83250045776367,45.935001373291016,46.212501525878906,156171600
2019-03-18,44.88550567626953,47.005001068115234,47.09749984741211,46.4474983215332,46.45000076293945,104879200
2019-03-19,44.52980041503906,46.63249969482422,47.247501373291016,46.47999954223633,47.087501525878906,126585600
2019-03-20,44.91892623901367,47.040000915527344,47.372501373291016,46.182498931884766,46.557498931884766,124140800
2019-03-21,46.573307037353516,48.772499084472656,49.08250045776367,47.45249938964844,47.505001068115234,204136800
2019-03-22,45.608848571777344,47.76250076293945,49.42250061035156,47.69499969482422,48.834999084472656,169630800
2019-03-25,45.057395935058594,47.185001373291016,47.994998931884766,46.650001525878906,47.877498626708984,175381200
2019-03-26,44.59186553955078,46.6974983215332,48.220001220703125,46.14500045776367,47.915000915527344,199202000
2019-03-27,44.99293899536133,47.11750030517578,47.439998626708984,46.63750076293945,47.1875,119393600
2019-03-28,45.0526008605957,47.18000030517578,47.38999938964844,46.88249969482422,47.23749923706055,83121600
2019-03-29,45.346248626708984,47.48749923706055,47.52000045776367,47.1349983215332,47.45750045776367,94256000
2019-04-01,45.65420150756836,47.810001373291016,47.91999816894531,47.095001220703125,47.90999984741211,111448000
2019-04-02,46.31787109375,48.505001068115234,48.6150016784668,47.76250076293945,47.772499084472656,91062800
2019-04-03,46.6353759765625,48.837501525878906,49.125,48.287498474121094,48.3125,93087200
2019-04-04,46.716552734375,48.92250061035156,49.092498779296875,48.28499984741211,48.6974983215332,76457200
2019-04-05,47.02927780151367,49.25,49.275001525878906,48.98249816894531,49.11249923706055,74106400
2019-04-08,47.769325256347656,50.025001525878906,50.057498931884766,49.084999084472656,49.10499954223633,103526800
2019-04-09,47.626102447509766,49.875,50.712501525878906,49.807498931884766,50.08000183105469,143072800
2019-04-10,47.89346694946289,50.154998779296875,50.185001373291016,49.54499816894531,49.66999816894531,86781200
2019-04-11,47.494789123535156,49.73749923706055,50.25,49.61000061035156,50.212501525878906,83603200
2019-04-12,47.47569274902344,49.717498779296875,50.03499984741211,49.0525016784668,49.79999923706055,111042800
2019-04-15,47.561641693115234,49.807498931884766,49.962501525878906,49.502498626708984,49.64500045776367,70146400
2019-04-16,47.566410064697266,49.8125,50.342498779296875,49.63999938964844,49.8650016784668,102785600
2019-04-17,48.492679595947266,50.782501220703125,50.845001220703125,49.65250015258789,49.8849983215332,115627200
2019-04-18,48.66694259643555,50.96500015258789,51.037498474121094,50.630001068115234,50.779998779296875,96783200
2019-04-22,48.82689666748047,51.13249969482422,51.23500061035156,50.584999084472656,50.70750045776367,77758000
2019-04-23,49.5311393737793,51.869998931884766,51.9375,50.974998474121094,51.10749816894531,93292000
2019-04-24,49.454750061035156,51.790000915527344,52.119998931884766,51.76250076293945,51.84000015258789,70162400
2019-04-25,49.00593948364258,51.31999969482422,51.939998626708984,51.279998779296875,51.70750045776367,74172800
2019-04-26,48.7719841003418,51.07500076293945,51.25,50.529998779296875,51.224998474121094,74596400
2019-04-29,48.84599304199219,51.15250015258789,51.49250030517578,50.96500015258789,51.099998474121094,88818800
2019-04-30,47.9054069519043,50.16749954223633,50.849998474121094,49.77750015258789,50.76499938964844,186139600
2019-05-01,50.25687789916992,52.630001068115234,53.82749938964844,52.307498931884766,52.470001220703125,259309200
2019-05-02,49.9298095703125,52.287498474121094,53.162498474121094,52.032501220703125,52.459999084472656,127985200
2019-05-03,50.550498962402344,52.9375,52.959999084472656,52.557498931884766,52.72249984741211,83569600
2019-05-06,49.769859313964844,52.119998931884766,52.209999084472656,50.875,51.0724983215332,129772400
2019-05-07,48.42823028564453,50.71500015258789,51.85499954223633,50.20750045776367,51.470001220703125,155054800
2019-05-08,48.43776321411133,50.724998474121094,51.334999084472656,50.4375,50.474998474121094,105358000
2019-05-09,47.91735076904297,50.18000030517578,50.41999816894531,49.165000915527344,50.099998474121094,139634400
2019-05-10,47.25352478027344,49.29499816894531,49.712501525878906,48.192501068115234,49.35499954223633,164834800
2019-05-13,44.50717544555664,46.43000030517578,47.369998931884766,45.712501525878906,46.9275016784668,229722400
2019-05-14,45.21173858642578,47.165000915527344,47.42499923706055,46.352500915527344,46.602500915527344,146118800
2019-05-15,45.753334045410156,47.72999954223633,47.9375,46.505001068115234,46.567501068115234,106178800
2019-05-16,45.552032470703125,47.52000045776367,48.11750030517578,47.209999084472656,47.477500915527344,132125600
2019-05-17,45.293216705322266,47.25,47.724998474121094,46.689998626708984,46.73249816894531,131516400
2019-05-20,43.87690734863281,45.772499084472656,46.087501525878906,45.06999969482422,45.880001068115234,154449200
2019-05-21,44.71806335449219,46.650001525878906,47.0,46.17499923706055,46.30500030517578,113459200
2019-05-22,43.802616119384766,45.69499969482422,46.4275016784668,45.63750076293945,46.165000915527344,118994400
2019-05-23,43.0549201965332,44.915000915527344,45.1349983215332,44.45249938964844,44.95000076293945,146118800
2019-05-24,42.88955307006836,44.74250030517578,45.53499984741211,44.654998779296875,45.04999923706055,94858800
2019-05-28,42.712215423583984,44.557498931884766,45.147499084472656,44.477500915527344,44.72999954223633,111792800
2019-05-29,42.508522033691406,44.345001220703125,44.837501525878906,44.0,44.10499954223633,113924800
2019-05-30,42.729000091552734,44.57500076293945,44.807498931884766,44.16749954223633,44.48749923706055,84873600
2019-05-31,41.95493698120117,43.76750183105469,44.497501373291016,43.747501373291016,44.057498931884766,108174400
2019-06-03,41.530765533447266,43.32500076293945,44.47999954223633,42.567501068115234,43.900001525878906,161584400
2019-06-04,43.05012130737305,44.90999984741211,44.95750045776367,43.630001068115234,43.86000061035156,123872000
2019-06-05,43.74508285522461,45.6349983215332,46.247501373291016,45.28499984741211,46.06999969482422,119093600
2019-06-06,44.38734436035156,46.30500030517578,46.36750030517578,45.537498474121094,45.77000045776367,90105200
2019-06-07,45.56880187988281,47.537498474121094,47.97999954223633,46.442501068115234,46.627498626708984,122737600
2019-06-10,46.151145935058594,48.14500045776367,48.842498779296875,47.904998779296875,47.95249938964844,104883600
2019-06-11,46.685569763183594,48.70249938964844,49.0,48.400001525878906,48.71500015258789,107731600
2019-06-12,46.53697967529297,48.54750061035156,48.99250030517578,48.34749984741211,48.48749923706055,73012800
2019-06-13,46.52739334106445,48.537498474121094,49.1974983215332,48.400001525878906,48.67499923706055,86698400
2019-06-14,46.18949890136719,48.185001373291016,48.397499084472656,47.57500076293945,47.88750076293945,75046000
2019-06-17,46.465087890625,48.47249984741211,48.7400016784668,48.04249954223633,48.224998474121094,58676400
2019-06-18,47.55787658691406,49.61249923706055,50.0724983215332,48.8025016784668,49.01250076293945,106204000
2019-06-19,47.41887664794922,49.467498779296875,49.970001220703125,49.32749938964844,49.91999816894531,84496800
2019-06-20,47.799922943115234,49.8650016784668,50.15250015258789,49.50749969482422,50.092498779296875,86056000
2019-06-21,47.63695526123047,49.69499969482422,50.212501525878906,49.537498474121094,49.70000076293945,191202400
2019-06-24,47.58903121948242,49.64500045776367,50.040000915527344,49.54249954223633,49.6349983215332,72881600
2019-06-25,46.867698669433594,48.89250183105469,49.814998626708984,48.8224983215332,49.60749816894531,84281200
2019-06-26,47.88140869140625,49.95000076293945,50.247501373291016,49.337501525878906,49.442501068115234,104270000
2019-06-27,47.867027282714844,49.935001373291016,50.39250183105469,49.89250183105469,50.0724983215332,83598800
2019-06-28,47.43086242675781,49.47999954223633,49.875,49.26250076293945,49.66999816894531,124442400
2019-07-01,48.300777435302734,50.38750076293945,51.122501373291016,50.162498474121094,50.79249954223633,109012000
2019-07-02,48.58356475830078,50.682498931884766,50.782501220703125,50.34000015258789,50.352500915527344,67740800
2019-07-03,48.986167907714844,51.102500915527344,51.11000061035156,50.67250061035156,50.81999969482422,45448000
2019-07-05,48.94303894042969,51.057498931884766,51.27000045776367,50.724998474121094,50.837501525878906,69062000
2019-07-08,47.93411636352539,50.005001068115234,50.349998474121094,49.602500915527344,50.20249938964844,101354400
2019-07-09,48.22648620605469,50.310001373291016,50.377498626708984,49.70249938964844,49.79999923706055,82312000
2019-07-10,48.70338821411133,50.807498931884766,50.932498931884766,50.38999938964844,50.462501525878906,71588400
2019-07-11,48.348697662353516,50.4375,51.09749984741211,50.4275016784668,50.82749938964844,80767200
2019-07-12,48.720149993896484,50.82500076293945,51.0,50.54999923706055,50.61249923706055,70380800
2019-07-15,49.177879333496094,51.3025016784668,51.467498779296875,51.0,51.022499084472656,67789600
2019-07-16,49.00773239135742,51.125,51.52750015258789,50.875,51.147499084472656,67467200
2019-07-17,48.732139587402344,50.837501525878906,51.272499084472656,50.817501068115234,51.01250076293945,56430000
2019-07-18,49.28573226928711,51.415000915527344,51.470001220703125,50.92499923706055,51.0,74162400
2019-07-19,48.550010681152344,50.647499084472656,51.625,50.59000015258789,51.4474983215332,83717200
2019-07-22,49.65957260131836,51.80500030517578,51.807498931884766,50.90250015258789,50.912498474121094,89111600
2019-07-23,50.04779815673828,52.209999084472656,52.227500915527344,51.8224983215332,52.1150016784668,73420800
2019-07-24,50.00706481933594,52.16749954223633,52.287498474121094,51.79249954223633,51.91749954223633,59966400
2019-07-25,49.61164855957031,51.755001068115234,52.310001373291016,51.682498931884766,52.22249984741211,55638400
2019-07-26,49.7841911315918,51.935001373291016,52.432498931884766,51.78499984741211,51.869998931884766,70475600
2019-07-29,50.24911880493164,52.41999816894531,52.65999984741211,52.11000061035156,52.1150016784668,86693600
2019-07-30,50.03342056274414,52.19499969482422,52.540000915527344,51.82749938964844,52.189998626708984,135742800
2019-07-31,51.054317474365234,53.2599983215332,55.342498779296875,52.82500076293945,54.10499954223633,277125600
2019-08-01,49.94954299926758,52.10749816894531,54.50749969482422,51.685001373291016,53.474998474121094,216071600
2019-08-02,48.892704010009766,51.005001068115234,51.60749816894531,50.407501220703125,51.38249969482422,163448400
2019-08-05,46.33327865600586,48.334999084472656,49.662498474121094,48.14500045776367,49.497501373291016,209572000
2019-08-06,47.210384368896484,49.25,49.51750183105469,48.5099983215332,49.07749938964844,143299200
2019-08-07,47.69926452636719,49.7599983215332,49.88999938964844,48.45500183105469,48.852500915527344,133457600
2019-08-08,48.751312255859375,50.85749816894531,50.88249969482422,49.84749984741211,50.04999923706055,108038000
2019-08-09,48.349586486816406,50.247501373291016,50.689998626708984,49.8224983215332,50.32500076293945,98478800
2019-08-12,48.22690200805664,50.119998931884766,50.51250076293945,49.787498474121094,49.904998779296875,89927600
2019-08-13,50.26923370361328,52.24250030517578,53.03499984741211,50.119998931884766,50.255001068115234,188874000
2019-08-14,48.77296447753906,50.6875,51.61000061035156,50.647499084472656,50.790000915527344,146189600
2019-08-15,48.529998779296875,50.435001373291016,51.28499984741211,49.91749954223633,50.8650016784668,108909600
2019-08-16,49.675052642822266,51.625,51.790000915527344,50.959999084472656,51.06999969482422,110481600
2019-08-19,50.601200103759766,52.587501525878906,53.182498931884766,52.50749969482422,52.654998779296875,97654400
2019-08-20,50.603607177734375,52.59000015258789,53.337501525878906,52.58000183105469,52.720001220703125,107537200
2019-08-21,51.152069091796875,53.15999984741211,53.412498474121094,52.900001525878906,53.247501373291016,86141600
2019-08-22,51.10877990722656,53.1150016784668,53.61000061035156,52.6875,53.29750061035156,89014800
2019-08-23,48.74650573730469,50.65999984741211,53.01250076293945,50.25,52.35749816894531,187272000
2019-08-26,49.67265701293945,51.622501373291016,51.79750061035156,51.26499938964844,51.46500015258789,104174400
2019-08-27,49.112152099609375,51.040000915527344,52.13750076293945,50.88249969482422,51.96500015258789,103493200
2019-08-28,49.44171142578125,51.38249969482422,51.43000030517578,50.83000183105469,51.025001525878906,63755200
2019-08-29,50.278846740722656,52.252498626708984,52.33000183105469,51.665000915527344,52.125,83962000
2019-08-30,50.213905334472656,52.185001373291016,52.61249923706055,51.79999923706055,52.540000915527344,84573600
2019-09-03,49.48261260986328,51.42499923706055,51.744998931884766,51.05500030517578,51.60749816894531,80092000
2019-09-04,50.3221549987793,52.29750061035156,52.369998931884766,51.83000183105469,52.09749984741211,76752400
2019-09-05,51.306034088134766,53.31999969482422,53.49250030517578,52.877498626708984,53.0,95654800
2019-09-06,51.30122375488281,53.314998626708984,53.60499954223633,53.127498626708984,53.51250076293945,77449200
2019-09-09,51.520137786865234,53.54249954223633,54.11000061035156,52.76750183105469,53.709999084472656,109237600
2019-09-10,52.12873840332031,54.17499923706055,54.19499969482422,52.9275016784668,53.46500015258789,127111600
2019-09-11,53.78617858886719,55.897499084472656,55.9275016784668,54.432498931884766,54.51750183105469,177158400
2019-09-12,53.665897369384766,55.772499084472656,56.60499954223633,55.71500015258789,56.20000076293945,128906800
2019-09-13,52.621883392333984,54.6875,55.1974983215332,54.255001068115234,55.0,159053200
2019-09-16,52.89852523803711,54.974998474121094,55.032501220703125,54.38999938964844,54.432498931884766,84632400
2019-09-17,53.090965270996094,55.17499923706055,55.20500183105469,54.779998779296875,54.9900016784668,73274800
2019-09-18,53.58891677856445,55.692501068115234,55.712501525878906,54.86000061035156,55.26499938964844,101360000
2019-09-19,53.15351104736328,55.2400016784668,55.939998626708984,55.092498779296875,55.502498626708984,88242400
2019-09-20,52.376502990722656,54.432498931884766,55.63999938964844,54.36750030517578,55.345001220703125,221652400
2019-09-23,52.614662170410156,54.68000030517578,54.959999084472656,54.412498474121094,54.73749923706055,76662000
2019-09-24,52.36448669433594,54.41999816894531,55.622501373291016,54.29750061035156,55.25749969482422,124763200
2019-09-25,53.17036056518555,55.25749969482422,55.375,54.28499984741211,54.63750076293945,87613600
2019-09-26,52.896121978759766,54.97249984741211,55.23500061035156,54.70750045776367,55.0,75334000
2019-09-27,52.63872528076172,54.70500183105469,55.2400016784668,54.31999969482422,55.1349983215332,101408000
2019-09-30,53.877593994140625,55.99250030517578,56.14500045776367,55.1974983215332,55.224998474121094,103909600
2019-10-01,54.02672576904297,56.147499084472656,57.05500030517578,56.04999923706055,56.26750183105469,139223200
2019-10-02,52.67239761352539,54.7400016784668,55.89500045776367,54.48249816894531,55.76499938964844,138449200
2019-10-03,53.11983871459961,55.20500183105469,55.2400016784668,53.782501220703125,54.60749816894531,114426000
2019-10-04,54.6088752746582,56.752498626708984,56.872501373291016,55.97249984741211,56.40999984741211,138478800
2019-10-07,54.62091064453125,56.76499938964844,57.48249816894531,56.459999084472656,56.567501068115234,122306000
2019-10-08,53.98102569580078,56.099998474121094,57.01499938964844,56.08250045776367,56.45500183105469,111820000
2019-10-09,54.613685607910156,56.75749969482422,56.9474983215332,56.40999984741211,56.75749969482422,74770400
2019-10-10,55.34978485107422,57.522499084472656,57.61000061035156,56.82500076293945,56.98249816894531,113013600
2019-10-11,56.82200622558594,59.0525016784668,59.40999984741211,58.07749938964844,58.23749923706055,166795600
2019-10-14,56.74021530151367,58.967498779296875,59.532501220703125,58.66749954223633,58.724998474121094,96427600
2019-10-15,56.607913970947266,58.83000183105469,59.412498474121094,58.720001220703125,59.09749984741211,87360000
2019-10-16,56.37937927246094,58.592498779296875,58.810001373291016,58.29999923706055,58.342498779296875,73903200
2019-10-17,56.598289489746094,58.81999969482422,59.037498474121094,58.380001068115234,58.772499084472656,67585200
2019-10-18,56.870113372802734,59.102500915527344,59.39500045776367,58.5724983215332,58.647499084472656,97433600
2019-10-21,57.85640335083008,60.127498626708984,60.247501373291016,59.33000183105469,59.380001068115234,87247200
2019-10-22,57.72410202026367,59.9900016784668,60.54999923706055,59.904998779296875,60.290000915527344,82293600
2019-10-23,58.49868392944336,60.79499816894531,60.810001373291016,60.30500030517578,60.525001525878906,75828800
2019-10-24,58.59491729736328,60.89500045776367,61.20000076293945,60.45249938964844,61.127498626708984,69275200
2019-10-25,59.31658935546875,61.64500045776367,61.682498931884766,60.720001220703125,60.790000915527344,73477200
2019-10-28,59.91075897216797,62.26250076293945,62.3125,61.68000030517578,61.85499954223633,96572800
2019-10-29,58.52516174316406,60.8224983215332,62.4375,60.64250183105469,62.24250030517578,142839600
2019-10-30,58.5179328918457,60.814998626708984,61.32500076293945,60.3025016784668,61.189998626708984,124522000
2019-10-31,59.84098815917969,62.189998626708984,62.29249954223633,59.314998626708984,61.810001373291016,139162000
2019-11-01,61.539329528808594,63.95500183105469,63.98249816894531,62.290000915527344,62.3849983215332,151125200
2019-11-04,61.94346237182617,64.375,64.4625015258789,63.845001220703125,64.3324966430664,103272000
2019-11-05,61.854454040527344,64.28250122070312,64.54750061035156,64.08000183105469,64.26249694824219,79897600
2019-11-06,61.880924224853516,64.30999755859375,64.37249755859375,63.842498779296875,64.19249725341797,75864400
2019-11-07,62.59510040283203,64.85749816894531,65.0875015258789,64.52749633789062,64.68499755859375,94940400
2019-11-08,62.76642990112305,65.03500366210938,65.11000061035156,64.2125015258789,64.67250061035156,69986400
2019-11-11,63.26344680786133,65.55000305175781,65.61750030517578,64.56999969482422,64.57499694824219,81821200
2019-11-12,63.20553207397461,65.48999786376953,65.69750213623047,65.2300033569336,65.38749694824219,87388800
2019-11-13,63.811161041259766,66.11750030517578,66.19499969482422,65.26750183105469,65.28250122070312,102734400
2019-11-14,63.369625091552734,65.66000366210938,66.22000122070312,65.5250015258789,65.9375,89182800
2019-11-15,64.12240600585938,66.44000244140625,66.44499969482422,65.75250244140625,65.91999816894531,100206400
2019-11-18,64.44573211669922,66.7750015258789,66.85749816894531,66.05750274658203,66.44999694824219,86703200
2019-11-19,64.25029754638672,66.57250213623047,67.0,66.34750366210938,66.9749984741211,76167200
2019-11-20,63.502315521240234,65.79750061035156,66.5199966430664,65.0999984741211,66.38500213623047,106234400
2019-11-21,63.21760940551758,65.50250244140625,66.00250244140625,65.29499816894531,65.92250061035156,121395200
2019-11-22,63.162132263183594,65.44499969482422,65.79499816894531,65.20999908447266,65.64749908447266,65325200
2019-11-25,64.26959228515625,66.59249877929688,66.61000061035156,65.62999725341797,65.67749786376953,84020400
2019-11-26,63.76772689819336,66.07250213623047,66.79000091552734,65.625,66.73500061035156,105207600
2019-11-27,64.62427520751953,66.95999908447266,66.99500274658203,66.32749938964844,66.3949966430664,65235600
2019-11-29,64.48191833496094,66.8125,67.0,66.4749984741211,66.6500015258789,46617600
2019-12-02,63.736358642578125,66.04000091552734,67.0625,65.86250305175781,66.81749725341797,94487200
2019-12-03,62.59991455078125,64.86250305175781,64.88249969482422,64.07250213623047,64.57749938964844,114430400
2019-12-04,63.1524658203125,65.43499755859375,65.82749938964844,65.16999816894531,65.26750183105469,67181600
2019-12-05,64.07897186279297,66.3949966430664,66.47250366210938,65.68250274658203,65.94750213623047,74424400
2019-12-06,65.31673431396484,67.67749786376953,67.75,66.82499694824219,66.87000274658203,106075600
2019-12-09,64.40230560302734,66.7300033569336,67.69999694824219,66.22750091552734,67.5,128042400
2019-12-10,64.77872467041016,67.12000274658203,67.51750183105469,66.46499633789062,67.1500015258789,90420400
2019-12-11,65.33122253417969,67.69249725341797,67.7750015258789,67.125,67.20249938964844,78756800
2019-12-12,65.49769592285156,67.86499786376953,68.13999938964844,66.83000183105469,66.94499969482422,137310400
2019-12-13,66.38802337646484,68.7874984741211,68.82499694824219,67.73249816894531,67.86499786376953,133587600
2019-12-16,67.52445220947266,69.96499633789062,70.19750213623047,69.24500274658203,69.25,128186000
2019-12-17,67.65716552734375,70.10250091552734,70.44249725341797,69.69999694824219,69.89250183105469,114158400
2019-12-18,67.4954833984375,69.93499755859375,70.4749984741211,69.77999877929688,69.94999694824219,116028400
2019-12-19,67.56305694580078,70.00499725341797,70.29499816894531,69.73750305175781,69.875,98369200
2019-12-20,67.423095703125,69.86000061035156,70.6624984741211,69.63999938964844,70.55750274658203,275978000
2019-12-23,68.5233383178711,71.0,71.0625,70.09249877929688,70.13249969482422,98572000
2019-12-24,68.58848571777344,71.06749725341797,71.22250366210938,70.7300033569336,71.17250061035156,48478800
2019-12-26,69.94929504394531,72.47750091552734,72.49500274658203,71.17500305175781,71.20500183105469,93121200
2019-12-27,69.92276763916016,72.44999694824219,73.49250030517578,72.02999877929688,72.77999877929688,146266000
2019-12-30,70.33776092529297,72.87999725341797,73.17250061035156,71.30500030517578,72.36499786376953,144114400
2019-12-31,70.85167694091797,73.4124984741211,73.41999816894531,72.37999725341797,72.48249816894531,100805600
2020-01-02,72.46827697753906,75.0875015258789,75.1500015258789,73.79750061035156,74.05999755859375,135480400
2020-01-03,71.76371765136719,74.35749816894531,75.1449966430664,74.125,74.2874984741211,146322800
2020-01-06,72.33555603027344,74.94999694824219,74.98999786376953,73.1875,73.44750213623047,118387200
2020-01-07,71.995361328125,74.59750366210938,75.2249984741211,74.37000274658203,74.95999908447266,108872000
2020-01-08,73.15351104736328,75.79750061035156,76.11000061035156,74.29000091552734,74.29000091552734,132079200
2020-01-09,74.70733642578125,77.40750122070312,77.60749816894531,76.55000305175781,76.80999755859375,170108400
2020-01-10,74.876220703125,77.5824966430664,78.1675033569336,77.0625,77.6500015258789,140644800
2020-01-13,76.47591400146484,79.23999786376953,79.26750183105469,77.7874984741211,77.91000366210938,121532000
2020-01-14,75.44322204589844,78.16999816894531,79.39250183105469,78.0425033569336,79.17500305175781,161954400
2020-01-15,75.11990356445312,77.83499908447266,78.875,77.38749694824219,77.9625015258789,121923600
2020-01-16,76.0609130859375,78.80999755859375,78.92500305175781,78.02249908447266,78.39749908447266,108829200
2020-01-17,76.90296173095703,79.68250274658203,79.68499755859375,78.75,79.06749725341797,137816400
2020-01-21,76.3818130493164,79.14250183105469,79.75499725341797,79.0,79.29750061035156,110843200
2020-01-22,76.65446472167969,79.42500305175781,79.99749755859375,79.32749938964844,79.6449966430664,101832400
2020-01-23,77.02363586425781,79.80750274658203,79.88999938964844,78.9124984741211,79.4800033569336,104472000
2020-01-24,76.80162811279297,79.57749938964844,80.8324966430664,79.37999725341797,80.0625,146537600
2020-01-27,74.54326629638672,77.23750305175781,77.94249725341797,76.22000122070312,77.51499938964844,161940000
2020-01-28,76.65203857421875,79.42250061035156,79.5999984741211,78.04750061035156,78.1500015258789,162234000
2020-01-29,78.25656127929688,81.08499908447266,81.9625015258789,80.34500122070312,81.11250305175781,216229200
2020-01-30,78.14315032958984,80.96749877929688,81.02249908447266,79.6875,80.13500213623047,126743200
2020-01-31,74.67839050292969,77.37750244140625,80.66999816894531,77.07250213623047,80.23249816894531,199588400
2020-02-03,74.47329711914062,77.16500091552734,78.37249755859375,75.55500030517578,76.07499694824219,173788400
2020-02-04,76.93192291259766,79.7125015258789,79.91000366210938,78.40750122070312,78.82749938964844,136616400
2020-02-05,77.55926513671875,80.36250305175781,81.19000244140625,79.73750305175781,80.87999725341797,118826800
2020-02-06,78.46646118164062,81.30249786376953,81.30500030517578,80.06500244140625,80.64250183105469,105425600
2020-02-07,77.39989471435547,80.00749969482422,80.8499984741211,79.5,80.59249877929688,117684000
2020-02-10,77.76751708984375,80.38749694824219,80.38749694824219,78.4625015258789,78.54499816894531,109348800
2020-02-11,77.29832458496094,79.90249633789062,80.9749984741211,79.67749786376953,80.9000015258789,94323200
2020-02-12,79.13398742675781,81.80000305175781,81.80500030517578,80.36750030517578,80.36750030517578,113730400
2020-02-13,78.57044982910156,81.21749877929688,81.55500030517578,80.8375015258789,81.04750061035156,94747600
2020-02-14,78.5898208618164,81.23750305175781,81.49500274658203,80.7125015258789,81.18499755859375,80113600
2020-02-18,77.15078735351562,79.75,79.9375,78.65249633789062,78.83999633789062,152531200
2020-02-19,78.26815795898438,80.90499877929688,81.14250183105469,80.0,80.0,93984000
2020-02-20,77.46517944335938,80.07499694824219,81.1624984741211,79.55249786376953,80.65750122070312,100566000
2020-02-21,75.71176147460938,78.26249694824219,80.11250305175781,77.625,79.65499877929688,129554000
2020-02-24,72.11542510986328,74.54499816894531,76.04499816894531,72.30750274658203,74.31500244140625,222195200
2020-02-25,69.6727294921875,72.0199966430664,75.63249969482422,71.53250122070312,75.23750305175781,230673600
2020-02-26,70.77798461914062,73.1624984741211,74.47000122070312,71.625,71.63249969482422,198054800
2020-02-27,66.15135192871094,68.37999725341797,71.5,68.23999786376953,70.2750015258789,320605600
2020-02-28,66.11267852783203,68.33999633789062,69.60250091552734,64.09249877929688,64.31500244140625,426510000
2020-03-02,72.26778411865234,74.70249938964844,75.36000061035156,69.43000030517578,70.56999969482422,341397200
2020-03-03,69.97264099121094,72.33000183105469,76.0,71.44999694824219,75.9175033569336,319475600
2020-03-04,73.21827697753906,75.68499755859375,75.8499984741211,73.28250122070312,74.11000061035156,219178400
2020-03-05,70.84329223632812,73.2300033569336,74.88749694824219,72.85250091552734,73.87999725341797,187572800
2020-03-06,69.90250396728516,72.25749969482422,72.70500183105469,70.30750274658203,70.5,226176800
2020-03-09,64.3737564086914,66.5425033569336,69.52249908447266,65.75,65.9375,286744800
2020-03-10,69.01004028320312,71.33499908447266,71.61000061035156,67.34249877929688,69.28500366210938,285290000
2020-03-11,66.61329650878906,68.85749816894531,70.30500030517578,67.96499633789062,69.34750366210938,255598800
2020-03-12,60.034915924072266,62.057498931884766,67.5,62.0,63.98500061035156,418474000
2020-03-13,67.22759246826172,69.49250030517578,69.9800033569336,63.23749923706055,66.22250366210938,370732000
2020-03-16,58.578975677490234,60.5525016784668,64.7699966430664,60.0,60.48749923706055,322423600
2020-03-17,61.15469741821289,63.21500015258789,64.40249633789062,59.599998474121094,61.877498626708984,324056000
2020-03-18,59.65762710571289,61.66749954223633,62.5,59.279998779296875,59.942501068115234,300233600
2020-03-19,59.20054244995117,61.19499969482422,63.209999084472656,60.65250015258789,61.84749984741211,271857200
2020-03-20,55.4421501159668,57.310001373291016,62.95750045776367,57.0,61.79499816894531,401693200
2020-03-23,54.26433181762695,56.092498779296875,57.125,53.15250015258789,57.02000045776367,336752800
2020-03-24,59.708431243896484,61.720001220703125,61.92250061035156,58.57500076293945,59.09000015258789,287531200
2020-03-25,59.3795166015625,61.380001068115234,64.5625,61.07500076293945,62.6875,303602000
2020-03-26,62.50422668457031,64.61000061035156,64.66999816894531,61.59000015258789,61.630001068115234,252087200
2020-03-27,59.916419982910156,61.935001373291016,63.967498779296875,61.76250076293945,63.1875,204216800
2020-03-30,61.62631607055664,63.70249938964844,63.880001068115234,62.349998474121094,62.685001373291016,167976400
2020-03-31,61.50054168701172,63.5724983215332,65.62249755859375,63.0,63.900001525878906,197002000
2020-04-01,58.264583587646484,60.227500915527344,62.18000030517578,59.782501220703125,61.625,176218400
2020-04-02,59.236812591552734,61.23249816894531,61.287498474121094,59.224998474121094,60.084999084472656,165934000
2020-04-03,58.385501861572266,60.352500915527344,61.42499923706055,59.74250030517578,60.70000076293945,129880000
2020-04-06,63.47888946533203,65.61750030517578,65.77749633789062,62.345001220703125,62.724998474121094,201820400
2020-04-07,62.74365997314453,64.85749816894531,67.92500305175781,64.75,67.69999694824219,202887200
2020-04-08,64.34957122802734,66.51750183105469,66.84249877929688,65.30750274658203,65.68499755859375,168895200
2020-04-09,64.81392669677734,66.99749755859375,67.51750183105469,66.17500305175781,67.17500305175781,161834800
2020-04-13,66.0860595703125,68.3125,68.42500305175781,66.4574966430664,67.07749938964844,131022800
2020-04-14,69.4236068725586,71.76249694824219,72.0625,69.51249694824219,70.0,194994800
2020-04-15,68.78994750976562,71.10749816894531,71.5824966430664,70.15750122070312,70.5999984741211,131154400
2020-04-16,69.33656311035156,71.67250061035156,72.05000305175781,70.5875015258789,71.84500122070312,157125200
2020-04-17,68.39574432373047,70.69999694824219,71.73750305175781,69.21499633789062,71.17250061035156,215250000
2020-04-20,66.97607421875,69.23249816894531,70.41999816894531,69.2125015258789,69.48750305175781,130015200
2020-04-21,64.90582275390625,67.09249877929688,69.3125,66.35749816894531,69.06999969482422,180991600
2020-04-22,66.77534484863281,69.0250015258789,69.4749984741211,68.05000305175781,68.40249633789062,116862400
2020-04-23,66.51656341552734,68.75749969482422,70.4375,68.71749877929688,68.96749877929688,124814400
2020-04-24,68.43688201904297,70.74250030517578,70.75250244140625,69.25,69.30000305175781,126161200
2020-04-27,68.48524475097656,70.7925033569336,71.13500213623047,69.98750305175781,70.44999694824219,117087600
2020-04-28,67.37512969970703,69.6449966430664,71.4574966430664,69.55000305175781,71.2699966430664,112004800
2020-04-29,69.58809661865234,71.93250274658203,72.4175033569336,70.97250366210938,71.18250274658203,137280800
2020-04-30,71.0561294555664,73.44999694824219,73.63249969482422,72.0875015258789,72.48999786376953,183064000
2020-05-01,69.91217041015625,72.26750183105469,74.75,71.4625015258789,71.5625,240616800
2020-05-04,70.90133666992188,73.29000091552734,73.42250061035156,71.58000183105469,72.2925033569336,133568000
2020-05-05,71.96548461914062,74.38999938964844,75.25,73.61499786376953,73.76499938964844,147751200
2020-05-06,72.70796966552734,75.15750122070312,75.80999755859375,74.71749877929688,75.11499786376953,142333600
2020-05-07,73.46012878417969,75.93499755859375,76.2925033569336,75.49250030517578,75.80500030517578,115215200
2020-05-08,75.20861053466797,77.53250122070312,77.5875015258789,76.07250213623047,76.41000366210938,133838400
2020-05-11,76.39203643798828,78.75250244140625,79.26249694824219,76.80999755859375,77.0250015258789,145946400
2020-05-12,75.51904296875,77.85250091552734,79.92250061035156,77.72750091552734,79.4574966430664,162301200
2020-05-13,74.60719299316406,76.9124984741211,78.98750305175781,75.80249786376953,78.0374984741211,200622400
2020-05-14,75.06552124023438,77.38500213623047,77.44750213623047,75.38249969482422,76.12750244140625,158929200
2020-05-15,74.6217269897461,76.92749786376953,76.9749984741211,75.05249786376953,75.0875015258789,166348400
2020-05-18,76.3799057006836,78.73999786376953,79.125,77.58000183105469,78.2925033569336,135178400
2020-05-19,75.93853759765625,78.28500366210938,79.62999725341797,78.25250244140625,78.75749969482422,101729600
2020-05-20,77.4154281616211,79.80750274658203,79.87999725341797,79.12999725341797,79.16999816894531,111504800
2020-05-21,76.8382568359375,79.2125015258789,80.22250366210938,78.96749877929688,79.66500091552734,102688800
2020-05-22,77.33296203613281,79.72250366210938,79.80750274658203,78.8375015258789,78.94249725341797,81803200
2020-05-26,76.80914306640625,79.18250274658203,81.05999755859375,79.125,80.875,125522000
2020-05-27,77.1438217163086,79.52749633789062,79.67749786376953,78.27249908447266,79.03500366210938,112945200
2020-05-28,77.1777572631836,79.5625,80.86000061035156,78.90750122070312,79.19249725341797,133560800
2020-05-29,77.10257720947266,79.48500061035156,80.2874984741211,79.11750030517578,79.8125,153532400
2020-06-01,78.05077362060547,80.4625015258789,80.5875015258789,79.30249786376953,79.4375,80791200
2020-06-02,78.412109375,80.83499908447266,80.86000061035156,79.73249816894531,80.1875,87642800
2020-06-03,78.84376525878906,81.27999877929688,81.55000305175781,80.57499694824219,81.16500091552734,104491200
2020-06-04,78.1647720336914,80.58000183105469,81.40499877929688,80.19499969482422,81.09750366210938,87560400
2020-06-05,80.39096069335938,82.875,82.9375,80.80750274658203,80.8375015258789,137250400
2020-06-08,80.86627960205078,83.36499786376953,83.4000015258789,81.83000183105469,82.5625,95654400
2020-06-09,83.41987609863281,85.99749755859375,86.40249633789062,83.00250244140625,83.03500366210938,147712400
2020-06-10,85.5660629272461,88.20999908447266,88.69249725341797,86.52249908447266,86.9749984741211,166651600
2020-06-11,81.4579849243164,83.9749984741211,87.76499938964844,83.87000274658203,87.32749938964844,201662400
2020-06-12,82.1612548828125,84.69999694824219,86.94999694824219,83.55500030517578,86.18000030517578,200146000
2020-06-15,83.17736053466797,85.74749755859375,86.41999816894531,83.1449966430664,83.3125,138808800
2020-06-16,85.38174438476562,88.0199966430664,88.30000305175781,86.18000030517578,87.86499786376953,165428800
2020-06-17,85.262939453125,87.89749908447266,88.8499984741211,87.77249908447266,88.7874984741211,114406400
2020-06-18,85.29689025878906,87.93250274658203,88.36250305175781,87.30500030517578,87.85250091552734,96820400
2020-06-19,84.80941772460938,87.43000030517578,89.13999938964844,86.2874984741211,88.66000366210938,264476000
2020-06-22,87.02837371826172,89.71749877929688,89.86499786376953,87.7874984741211,87.83499908447266,135445200
2020-06-23,88.8859634399414,91.63249969482422,93.09500122070312,90.56749725341797,91.0,212155600
2020-06-24,87.31695556640625,90.01499938964844,92.19750213623047,89.62999725341797,91.25,192623200
2020-06-25,88.47614288330078,91.20999908447266,91.25,89.39250183105469,90.17500305175781,137522400
2020-06-26,85.75764465332031,88.40750122070312,91.33000183105469,88.25499725341797,91.10250091552734,205256800
2020-06-29,87.73407745361328,90.44499969482422,90.5425033569336,87.81999969482422,88.3125,130646000
2020-06-30,88.46643829345703,91.19999694824219,91.49500274658203,90.0,90.0199966430664,140223200
2020-07-01,88.29911041259766,91.02749633789062,91.83999633789062,90.97750091552734,91.27999877929688,110737200
2020-07-02,88.29911041259766,91.02749633789062,92.61750030517578,90.91000366210938,91.9625015258789,114041600
2020-07-06,90.6611328125,93.4625015258789,93.94499969482422,92.46749877929688,92.5,118655600
2020-07-07,90.37982177734375,93.17250061035156,94.65499877929688,93.05750274658203,93.85250091552734,112424400
2020-07-08,92.48477935791016,95.34249877929688,95.375,94.08999633789062,94.18000030517578,117092000
2020-07-09,92.88248443603516,95.75250244140625,96.31749725341797,94.67250061035156,96.26249694824219,125642800
2020-07-10,93.0449447631836,95.91999816894531,95.9800033569336,94.70500183105469,95.33499908447266,90257200
2020-07-13,92.61573791503906,95.47750091552734,99.95500183105469,95.25749969482422,97.26499938964844,191649200
2020-07-14,94.14835357666016,97.05750274658203,97.25499725341797,93.87750244140625,94.83999633789062,170989200
2020-07-15,94.7958755493164,97.7249984741211,99.24749755859375,96.48999786376953,98.98999786376953,153198000
2020-07-16,93.6294174194336,96.52249908447266,97.40499877929688,95.90499877929688,96.5625,110577600
2020-07-17,93.44024658203125,96.32749938964844,97.14749908447266,95.83999633789062,96.98750305175781,92186800
2020-07-20,95.4094009399414,98.35749816894531,98.5,96.0625,96.4175033569336,90318000
2020-07-21,94.09258270263672,97.0,99.25,96.74250030517578,99.17250061035156,103433200
2020-07-22,94.35692596435547,97.27249908447266,97.9749984741211,96.60250091552734,96.69249725341797,89001600
2020-07-23,90.0621337890625,92.84500122070312,97.07749938964844,92.01000213623047,96.99749755859375,197004400
2020-07-24,89.83903503417969,92.61499786376953,92.97000122070312,89.1449966430664,90.98750305175781,185438800
2020-07-27,91.96824645996094,94.80999755859375,94.90499877929688,93.4800033569336,93.70999908447266,121214000
2020-07-28,90.45742797851562,93.25250244140625,94.55000305175781,93.24749755859375,94.36750030517578,103625600
2020-07-29,92.19134521484375,95.04000091552734,95.2300033569336,93.7125015258789,93.75,90329200
2020-07-30,93.306884765625,96.19000244140625,96.29750061035156,93.76750183105469,94.1875,158130000
2020-07-31,103.07504272460938,106.26000213623047,106.41500091552734,100.82499694824219,102.88500213623047,374336800
2020-08-03,105.67228698730469,108.9375,111.63749694824219,107.89250183105469,108.19999694824219,308151200
2020-08-04,106.37798309326172,109.66500091552734,110.79000091552734,108.38749694824219,109.13249969482422,173071600
2020-08-05,106.76358032226562,110.0625,110.39250183105469,108.89749908447266,109.37750244140625,121776800
2020-08-06,110.48847961425781,113.90249633789062,114.4124984741211,109.79750061035156,110.40499877929688,202428800
2020-08-07,107.9764404296875,111.11250305175781,113.67500305175781,110.2925033569336,113.20500183105469,198045600
2020-08-10,109.54584503173828,112.72750091552734,113.7750015258789,110.0,112.5999984741211,212403600
2020-08-11,106.2879867553711,109.375,112.48249816894531,109.10749816894531,111.97000122070312,187902400
2020-08-12,109.82036590576172,113.01000213623047,113.2750015258789,110.29750061035156,110.49749755859375,165598000
2020-08-13,111.763916015625,115.01000213623047,116.0425033569336,113.92749786376953,114.43000030517578,210082000
2020-08-14,111.6643295288086,114.90750122070312,115.0,113.04499816894531,114.83000183105469,165565200
2020-08-17,111.3727798461914,114.60749816894531,116.0875015258789,113.9625015258789,116.0625,119561600
2020-08-18,112.30084991455078,115.5625,116.0,114.00749969482422,114.35250091552734,105633600
2020-08-19,112.44174194335938,115.7074966430664,117.1624984741211,115.61000061035156,115.98249816894531,145538000
2020-08-20,114.93677520751953,118.2750015258789,118.39250183105469,115.73249816894531,115.75,126907200
2020-08-21,120.85974884033203,124.37000274658203,124.86750030517578,119.25,119.26249694824219,338054800
2020-08-24,122.30525970458984,125.85749816894531,128.78500366210938,123.9375,128.69749450683594,345937600
2020-08-25,121.3019027709961,124.82499694824219,125.18000030517578,123.05249786376953,124.69750213623047,211495600
2020-08-26,122.95149993896484,126.52249908447266,126.99250030517578,125.0824966430664,126.18000030517578,163022400
2020-08-27,121.48168182373047,125.01000213623047,127.48500061035156,123.8324966430664,127.14250183105469,155552400
2020-08-28,121.2848892211914,124.80750274658203,126.44249725341797,124.57749938964844,126.01249694824219,187630000
2020-08-31,125.39794921875,129.0399932861328,131.0,126.0,127.58000183105469,225702700
2020-09-01,130.39285278320312,134.17999267578125,134.8000030517578,130.52999877929688,132.75999450683594,151948100
2020-09-02,127.69132232666016,131.39999389648438,137.97999572753906,127.0,137.58999633789062,200119000
2020-09-03,117.46825408935547,120.87999725341797,128.83999633789062,120.5,126.91000366210938,257599600
2020-09-04,117.54598999023438,120.95999908447266,123.69999694824219,110.88999938964844,120.06999969482422,332607200
2020-09-08,109.6357421875,112.81999969482422,118.98999786376953,112.68000030517578,113.94999694824219,231366600
2020-09-09,114.00872039794922,117.31999969482422,119.13999938964844,115.26000213623047,117.26000213623047,176940500
2020-09-10,110.28683471679688,113.48999786376953,120.5,112.5,120.36000061035156,182274400
2020-09-11,108.83889770507812,112.0,115.2300033569336,110.0,114.56999969482422,180860300
2020-09-14,112.10406494140625,115.36000061035156,115.93000030517578,112.80000305175781,114.72000122070312,140150100
2020-09-15,112.27897644042969,115.54000091552734,118.83000183105469,113.61000061035156,118.33000183105469,184642000
2020-09-16,108.96522521972656,112.12999725341797,116.0,112.04000091552734,115.2300033569336,154679000
2020-09-17,107.2257308959961,110.33999633789062,112.19999694824219,108.70999908447266,109.72000122070312,178011000
2020-09-18,103.82451629638672,106.83999633789062,110.87999725341797,106.08999633789062,110.4000015258789,287104900
2020-09-21,106.97308349609375,110.08000183105469,110.19000244140625,103.0999984741211,104.54000091552734,195713800
2020-09-22,108.65425109863281,111.80999755859375,112.86000061035156,109.16000366210938,112.68000030517578,183055400
2020-09-23,104.09662628173828,107.12000274658203,112.11000061035156,106.7699966430664,111.62000274658203,150718700
2020-09-24,105.16556549072266,108.22000122070312,110.25,105.0,105.16999816894531,167743300
2020-09-25,109.11096954345703,112.27999877929688,112.44000244140625,107.66999816894531,108.43000030517578,149981400
2020-09-28,111.71533203125,114.95999908447266,115.31999969482422,112.77999877929688,115.01000213623047,137672400
2020-09-29,110.86988830566406,114.08999633789062,115.30999755859375,113.56999969482422,114.55000305175781,99382200
2020-09-30,112.54133605957031,115.80999755859375,117.26000213623047,113.62000274658203,113.79000091552734,142675200
2020-10-01,113.49370574951172,116.79000091552734,117.72000122070312,115.83000183105469,117.63999938964844,116120400
2020-10-02,109.8301010131836,113.0199966430664,115.37000274658203,112.22000122070312,112.88999938964844,144712000
2020-10-05,113.21188354492188,116.5,116.6500015258789,113.55000305175781,113.91000366210938,106243800
2020-10-06,109.9661636352539,113.16000366210938,116.12000274658203,112.25,115.69999694824219,161498200
2020-10-07,111.83195495605469,115.08000183105469,115.55000305175781,114.12999725341797,114.62000274658203,96849000
2020-10-08,111.72505950927734,114.97000122070312,116.4000015258789,114.58999633789062,116.25,83477200
2020-10-09,113.66860961914062,116.97000122070312,117.0,114.91999816894531,115.27999877929688,100506900
2020-10-12,120.888916015625,124.4000015258789,125.18000030517578,119.27999877929688,120.05999755859375,240226800
2020-10-13,117.68206024169922,121.0999984741211,125.38999938964844,119.6500015258789,125.2699966430664,262330500
2020-10-14,117.7695083618164,121.19000244140625,123.02999877929688,119.62000274658203,121.0,150712000
2020-10-15,117.30303955078125,120.70999908447266,121.19999694824219,118.1500015258789,118.72000122070312,112559200
2020-10-16,115.66075897216797,119.0199966430664,121.55000305175781,118.80999755859375,121.27999877929688,115393800
2020-10-19,112.70655822753906,115.9800033569336,120.41999816894531,115.66000366210938,119.95999908447266,120639300
2020-10-20,114.19336700439453,117.51000213623047,118.9800033569336,115.62999725341797,116.19999694824219,124423700
2020-10-21,113.5714111328125,116.87000274658203,118.70999908447266,116.44999694824219,116.66999816894531,89946000
2020-10-22,112.48303985595703,115.75,118.04000091552734,114.58999633789062,117.44999694824219,101988000
2020-10-23,111.7930908203125,115.04000091552734,116.55000305175781,114.27999877929688,116.38999938964844,82572600
2020-10-26,111.80279541015625,115.05000305175781,116.55000305175781,112.87999725341797,114.01000213623047,111850700
2020-10-27,113.3090591430664,116.5999984741211,117.27999877929688,114.54000091552734,115.48999786376953,92276800
2020-10-28,108.06145477294922,111.19999694824219,115.43000030517578,111.0999984741211,115.05000305175781,143937800
2020-10-29,112.06519317626953,115.31999969482422,116.93000030517578,112.19999694824219,112.37000274658203,146129200
2020-10-30,105.78750610351562,108.86000061035156,111.98999786376953,107.72000122070312,111.05999755859375,190272600
2020-11-02,105.7000503540039,108.7699966430664,110.68000030517578,107.31999969482422,109.11000061035156,122866900
2020-11-03,107.3228988647461,110.44000244140625,111.48999786376953,108.7300033569336,109.66000366210938,107624400
2020-11-04,111.70563507080078,114.94999694824219,115.58999633789062,112.3499984741211,114.13999938964844,138235500
2020-11-05,115.67047882080078,119.02999877929688,119.62000274658203,116.87000274658203,117.94999694824219,126387100
2020-11-06,115.53907012939453,118.69000244140625,119.19999694824219,116.12999725341797,118.31999969482422,114457900
2020-11-09,113.23196411132812,116.31999969482422,121.98999786376953,116.05000305175781,120.5,154515300
2020-11-10,112.89126586914062,115.97000122070312,117.58999633789062,114.12999725341797,115.55000305175781,138023400
2020-11-11,116.31782531738281,119.48999786376953,119.62999725341797,116.44000244140625,117.19000244140625,112295000
2020-11-12,116.04524993896484,119.20999908447266,120.52999877929688,118.56999969482422,119.62000274658203,103162300
2020-11-13,116.09394073486328,119.26000213623047,119.66999816894531,117.87000274658203,119.44000244140625,81581900
2020-11-16,117.10630798339844,120.30000305175781,120.98999786376953,118.1500015258789,118.91999816894531,91183000
2020-11-17,116.22047424316406,119.38999938964844,120.66999816894531,118.95999908447266,119.55000305175781,74271000
2020-11-18,114.89656829833984,118.02999877929688,119.81999969482422,118.0,118.61000061035156,76322100
2020-11-19,115.49037170410156,118.63999938964844,119.05999755859375,116.80999755859375,117.58999633789062,74113000
2020-11-20,114.22489929199219,117.33999633789062,118.7699966430664,117.29000091552734,118.63999938964844,73604300
2020-11-23,110.82752990722656,113.8499984741211,117.62000274658203,113.75,117.18000030517578,127959300
2020-11-24,112.11249542236328,115.16999816894531,115.8499984741211,112.58999633789062,113.91000366210938,113874200
2020-11-25,112.94966888427734,116.02999877929688,116.75,115.16999816894531,115.55000305175781,76499200
2020-11-27,113.49481201171875,116.58999633789062,117.48999786376953,116.22000122070312,116.56999969482422,46691300
2020-11-30,115.88949584960938,119.05000305175781,120.97000122070312,116.80999755859375,116.97000122070312,169410200
2020-12-01,119.46206665039062,122.72000122070312,123.47000122070312,120.01000213623047,121.01000213623047,127728200
2020-12-02,119.81253051757812,123.08000183105469,123.37000274658203,120.88999938964844,122.0199966430664,89004200
2020-12-03,119.67623138427734,122.94000244140625,123.77999877929688,122.20999908447266,123.5199966430664,78967600
2020-12-04,119.0045394897461,122.25,122.86000061035156,121.5199966430664,122.5999984741211,78260400
2020-12-07,120.46473693847656,123.75,124.56999969482422,122.25,122.30999755859375,86712000
2020-12-08,121.07799530029297,124.37999725341797,124.9800033569336,123.08999633789062,124.37000274658203,82225500
2020-12-09,118.5470199584961,121.77999877929688,125.94999694824219,121.0,124.52999877929688,115089200
2020-12-10,119.96826171875,123.23999786376953,123.87000274658203,120.1500015258789,120.5,81312200
2020-12-11,119.16029357910156,122.41000366210938,122.76000213623047,120.55000305175781,122.43000030517578,86939800
2020-12-14,118.5470199584961,121.77999877929688,123.3499984741211,121.54000091552734,122.5999984741211,79184500
2020-12-15,124.48507690429688,127.87999725341797,127.9000015258789,124.12999725341797,124.33999633789062,157243700
2020-12-16,124.41693115234375,127.80999755859375,128.3699951171875,126.55999755859375,127.41000366210938,98208600
2020-12-17,125.2833023071289,128.6999969482422,129.5800018310547,128.0399932861328,128.89999389648438,94359800
2020-12-18,123.29747772216797,126.66000366210938,129.10000610351562,126.12000274658203,128.9600067138672,192541500
2020-12-21,124.8257827758789,128.22999572753906,128.30999755859375,123.44999694824219,125.0199966430664,121251600
2020-12-22,128.37889099121094,131.8800048828125,134.41000366210938,129.64999389648438,131.61000061035156,168904800
2020-12-23,127.48334503173828,130.9600067138672,132.42999267578125,130.77999877929688,132.16000366210938,88223700
2020-12-24,128.46652221679688,131.97000122070312,133.4600067138672,131.10000610351562,131.32000732421875,54930100
2020-12-28,133.06118774414062,136.69000244140625,137.33999633789062,133.50999450683594,133.99000549316406,124486200
2020-12-29,131.2895050048828,134.8699951171875,138.7899932861328,134.33999633789062,138.0500030517578,121047300
2020-12-30,130.17005920410156,133.72000122070312,135.99000549316406,133.39999389648438,135.5800018310547,96452100
2020-12-31,129.16738891601562,132.69000244140625,134.74000549316406,131.72000122070312,134.0800018310547,99116600
2021-01-04,125.9744644165039,129.41000366210938,133.61000061035156,126.76000213623047,133.52000427246094,143301900
2021-01-05,127.53199768066406,131.00999450683594,131.74000549316406,128.42999267578125,128.88999938964844,97664900
2021-01-06,123.23907470703125,126.5999984741211,131.0500030517578,126.37999725341797,127.72000122070312,155088000
2021-01-07,127.44436645507812,130.9199981689453,131.6300048828125,127.86000061035156,128.36000061035156,109578200
2021-01-08,128.5443878173828,132.0500030517578,132.6300048828125,130.22999572753906,132.42999267578125,105158200
2021-01-11,125.55584716796875,128.97999572753906,130.1699981689453,128.5,129.19000244140625,100384500
2021-01-12,125.38065338134766,128.8000030517578,129.69000244140625,126.86000061035156,128.5,91951100
2021-01-13,127.41516876220703,130.88999938964844,131.4499969482422,128.49000549316406,128.75999450683594,88636800
2021-01-14,125.48772430419922,128.91000366210938,131.0,128.75999450683594,130.8000030517578,90221800
2021-01-15,123.76473999023438,127.13999938964844,130.22000122070312,127.0,128.77999877929688,111598500
2021-01-19,124.43640899658203,127.83000183105469,128.7100067138672,126.94000244140625,127.77999877929688,90757300
2021-01-20,128.52491760253906,132.02999877929688,132.49000549316406,128.5500030517578,128.66000366210938,104319500
2021-01-21,133.2364501953125,136.8699951171875,139.6699981689453,133.58999633789062,133.8000030517578,120150900
2021-01-22,135.37802124023438,139.07000732421875,139.85000610351562,135.02000427246094,136.27999877929688,114459400
2021-01-25,139.12579345703125,142.9199981689453,145.08999633789062,136.5399932861328,143.07000732421875,157611700
2021-01-26,139.3594207763672,143.16000366210938,144.3000030517578,141.3699951171875,143.60000610351562,98390600
2021-01-27,138.2886199951172,142.05999755859375,144.3000030517578,140.41000366210938,143.42999267578125,140843800
2021-01-28,133.45057678222656,137.08999633789062,141.99000549316406,136.6999969482422,139.52000427246094,142621100
2021-01-29,128.456787109375,131.9600067138672,136.74000549316406,130.2100067138672,135.8300018310547,177523800
2021-02-01,130.57891845703125,134.13999938964844,135.3800048828125,130.92999267578125,133.75,106239800
2021-02-02,131.40631103515625,134.99000549316406,136.30999755859375,134.61000061035156,135.72999572753906,83305400
2021-02-03,130.38418579101562,133.94000244140625,135.77000427246094,133.61000061035156,135.75999450683594,89880900
2021-02-04,133.74261474609375,137.38999938964844,137.39999389648438,134.58999633789062,136.3000030517578,84183100
2021-02-05,133.32826232910156,136.75999450683594,137.4199981689453,135.86000061035156,137.35000610351562,75693800
2021-02-08,133.4744873046875,136.91000366210938,136.9600067138672,134.9199981689453,136.02999877929688,71297200
2021-02-09,132.59707641601562,136.00999450683594,137.8800048828125,135.85000610351562,136.6199951171875,76774200
2021-02-10,131.99269104003906,135.38999938964844,136.99000549316406,134.39999389648438,136.47999572753906,73046600
2021-02-11,131.73919677734375,135.1300048828125,136.38999938964844,133.77000427246094,135.89999389648438,64280000
2021-02-12,131.97312927246094,135.3699951171875,135.52999877929688,133.69000244140625,134.35000610351562,60145100
2021-02-16,129.84783935546875,133.19000244140625,136.00999450683594,132.7899932861328,135.49000549316406,80576300
2021-02-17,127.55683135986328,130.83999633789062,132.22000122070312,129.47000122070312,131.25,97918500
2021-02-18,126.4552001953125,129.7100067138672,130.0,127.41000366210938,129.1999969482422,96856700
2021-02-19,126.61117553710938,129.8699951171875,130.7100067138672,128.8000030517578,130.24000549316406,87668800
2021-02-22,122.8382568359375,126.0,129.72000122070312,125.5999984741211,128.00999450683594,103916400
2021-02-23,122.70178985595703,125.86000061035156,126.70999908447266,118.38999938964844,123.76000213623047,158273000
2021-02-24,122.20460510253906,125.3499984741211,125.55999755859375,122.2300033569336,124.94000244140625,111039900
2021-02-25,117.95398712158203,120.98999786376953,126.45999908447266,120.54000091552734,124.68000030517578,148199500
2021-02-26,118.21721649169922,121.26000213623047,124.8499984741211,121.19999694824219,122.58999633789062,164560400
2021-03-01,124.58335876464844,127.79000091552734,127.93000030517578,122.79000091552734,123.75,116307900
2021-03-02,121.9803466796875,125.12000274658203,128.72000122070312,125.01000213623047,128.41000366210938,102260900
2021-03-03,118.99713134765625,122.05999755859375,125.70999908447266,121.83999633789062,124.80999755859375,112966300
2021-03-04,117.11556243896484,120.12999725341797,123.5999984741211,118.62000274658203,121.75,178155000
2021-03-05,118.37320709228516,121.41999816894531,121.94000244140625,117.56999969482422,120.9800033569336,153766600
2021-03-08,113.44017791748047,116.36000061035156,121.0,116.20999908447266,120.93000030517578,154376600
2021-03-09,118.05148315429688,121.08999633789062,122.05999755859375,118.79000091552734,119.02999877929688,129525800
2021-03-10,116.9693374633789,119.9800033569336,122.16999816894531,119.44999694824219,121.69000244140625,111943300
2021-03-11,118.899658203125,121.95999908447266,123.20999908447266,121.26000213623047,122.54000091552734,103026500
2021-03-12,117.99298095703125,121.02999877929688,121.16999816894531,119.16000366210938,120.4000015258789,88105100
2021-03-15,120.87871551513672,123.98999786376953,124.0,120.41999816894531,121.41000366210938,92403800
2021-03-16,122.41905975341797,125.56999969482422,127.22000122070312,124.72000122070312,125.69999694824219,115227900
2021-03-17,121.62938690185547,124.76000213623047,125.86000061035156,122.33999633789062,124.05000305175781,111932600
2021-03-18,117.50553131103516,120.52999877929688,123.18000030517578,120.31999969482422,122.87999725341797,121229700
2021-03-19,116.97909545898438,119.98999786376953,121.43000030517578,119.68000030517578,119.9000015258789,185549500
2021-03-22,120.29376983642578,123.38999938964844,123.87000274658203,120.26000213623047,120.33000183105469,111912300
2021-03-23,119.46510314941406,122.54000091552734,124.23999786376953,122.13999938964844,123.33000183105469,95467100
2021-03-24,117.07656860351562,120.08999633789062,122.9000015258789,120.06999969482422,122.81999969482422,88530500
2021-03-25,117.56402587890625,120.58999633789062,121.66000366210938,119.0,119.54000091552734,98844700
2021-03-26,118.16847229003906,121.20999908447266,121.4800033569336,118.91999816894531,120.3499984741211,94071200
2021-03-29,118.34396362304688,121.38999938964844,122.58000183105469,120.7300033569336,121.6500015258789,80819200
2021-03-30,116.89134216308594,119.9000015258789,120.4000015258789,118.86000061035156,120.11000061035156,85671900
2021-03-31,119.08488464355469,122.1500015258789,123.5199966430664,121.1500015258789,121.6500015258789,118323800
2021-04-01,119.9135513305664,123.0,124.18000030517578,122.48999786376953,123.66000366210938,75089100
2021-04-05,122.74078369140625,125.9000015258789,126.16000366210938,123.06999969482422,123.87000274658203,88651200
2021-04-06,123.04302215576172,126.20999908447266,127.12999725341797,125.6500015258789,126.5,80171300
2021-04-07,124.69058227539062,127.9000015258789,127.91999816894531,125.13999938964844,125.83000183105469,83466700
2021-04-08,127.0888442993164,130.36000061035156,130.38999938964844,128.52000427246094,128.9499969482422,88844600
2021-04-09,129.6626434326172,133.0,133.0399932861328,129.47000122070312,129.8000030517578,106686700
2021-04-12,127.94679260253906,131.24000549316406,132.85000610351562,130.6300048828125,132.52000427246094,91420000
2021-04-13,131.05674743652344,134.42999267578125,134.66000366210938,131.92999267578125,132.44000244140625,91266500
2021-04-14,128.71694946289062,132.02999877929688,135.0,131.66000366210938,134.94000244140625,87222800
2021-04-15,131.12503051757812,134.5,135.0,133.63999938964844,133.82000732421875,89347100
2021-04-16,130.79351806640625,134.16000366210938,134.6699981689453,133.27999877929688,134.3000030517578,84922400
2021-04-19,131.45643615722656,134.83999633789062,135.47000122070312,133.33999633789062,133.50999450683594,94264200
2021-04-20,129.76986694335938,133.11000061035156,135.52999877929688,131.80999755859375,135.02000427246094,94812300
2021-04-21,130.1501007080078,133.5,133.75,131.3000030517578,132.36000061035156,68847100
2021-04-22,128.6292266845703,131.94000244140625,134.14999389648438,131.41000366210938,133.0399932861328,84566500
2021-04-23,130.9495391845703,134.32000732421875,135.1199951171875,132.16000366210938,132.16000366210938,78657500
2021-04-26,131.33946228027344,134.72000122070312,135.05999755859375,133.55999755859375,134.8300018310547,66905100
2021-04-27,131.01771545410156,134.38999938964844,135.41000366210938,134.11000061035156,135.00999450683594,66015800
2021-04-28,130.22808837890625,133.5800018310547,135.02000427246094,133.0800018310547,134.30999755859375,107760100
2021-04-29,130.1305694580078,133.47999572753906,137.07000732421875,132.4499969482422,136.47000122070312,151101000
2021-04-30,128.16128540039062,131.4600067138672,133.55999755859375,131.07000732421875,131.77999877929688,109839500
2021-05-03,129.21417236328125,132.5399932861328,134.07000732421875,131.8300018310547,132.0399932861328,75135100
2021-05-04,124.641845703125,127.8499984741211,131.49000549316406,126.69999694824219,131.19000244140625,137564700
2021-05-05,124.88558197021484,128.10000610351562,130.4499969482422,127.97000122070312,129.1999969482422,84000900
2021-05-06,126.48442840576172,129.74000549316406,129.75,127.12999725341797,127.88999938964844,78128300
2021-05-07,127.15826416015625,130.2100067138672,131.25999450683594,129.47999572753906,130.85000610351562,78973300
2021-05-10,123.87701416015625,126.8499984741211,129.5399932861328,126.80999755859375,129.41000366210938,88071200
2021-05-11,122.95902252197266,125.91000366210938,126.2699966430664,122.7699966430664,123.5,126142800
2021-05-12,119.89263153076172,122.7699966430664,124.63999938964844,122.25,123.4000015258789,112172300
2021-05-13,122.04104614257812,124.97000122070312,126.1500015258789,124.26000213623047,124.58000183105469,105861300
2021-05-14,124.46292877197266,127.44999694824219,127.88999938964844,125.8499984741211,126.25,81918000
2021-05-17,123.31060791015625,126.2699966430664,126.93000030517578,125.16999816894531,126.81999969482422,74244600
2021-05-18,121.92386627197266,124.8499984741211,126.98999786376953,124.77999877929688,126.55999755859375,63342900
2021-05-19,121.76762390136719,124.69000244140625,124.91999816894531,122.86000061035156,123.16000366210938,92612000
2021-05-20,124.32621765136719,127.30999755859375,127.72000122070312,125.0999984741211,125.2300033569336,76857100
2021-05-21,122.49027252197266,125.43000030517578,128.0,125.20999908447266,127.81999969482422,79295400
2021-05-24,124.12113952636719,127.0999984741211,127.94000244140625,125.94000244140625,126.01000213623047,63092900
2021-05-25,123.92582702636719,126.9000015258789,128.32000732421875,126.31999969482422,127.81999969482422,72009500
2021-05-26,123.87701416015625,126.8499984741211,127.38999938964844,126.41999816894531,126.95999908447266,56575900
2021-05-27,122.34379577636719,125.27999877929688,127.63999938964844,125.08000183105469,126.44000244140625,94625600
2021-05-28,121.68949127197266,124.61000061035156,125.80000305175781,124.55000305175781,125.56999969482422,71311100
2021-06-01,121.36722564697266,124.27999877929688,125.3499984741211,123.94000244140625,125.08000183105469,67637100
2021-06-02,122.12893676757812,125.05999755859375,125.23999786376953,124.05000305175781,124.27999877929688,59278900
2021-06-03,120.64458465576172,123.54000091552734,124.8499984741211,123.12999725341797,124.68000030517578,76229200
2021-06-04,122.93950653076172,125.88999938964844,126.16000366210938,123.8499984741211,124.06999969482422,75169300
2021-06-07,122.94926452636719,125.9000015258789,126.31999969482422,124.83000183105469,126.16999816894531,71057600
2021-06-08,123.76957702636719,126.73999786376953,128.4600067138672,126.20999908447266,126.5999984741211,74403800
2021-06-09,124.15044403076172,127.12999725341797,127.75,126.5199966430664,127.20999908447266,56877900
2021-06-10,123.15435028076172,126.11000061035156,128.19000244140625,125.94000244140625,127.0199966430664,71186400
2021-06-11,124.36528778076172,127.3499984741211,127.44000244140625,126.0999984741211,126.52999877929688,53522400
2021-06-14,127.42193603515625,130.47999572753906,130.5399932861328,127.06999969482422,127.81999969482422,96906500
2021-06-15,126.60161590576172,129.63999938964844,130.60000610351562,129.38999938964844,129.94000244140625,62746300
2021-06-16,127.09961700439453,130.14999389648438,130.88999938964844,128.4600067138672,130.3699951171875,91815000
2021-06-17,128.7012481689453,131.7899932861328,132.5500030517578,129.64999389648438,129.8000030517578,96721700
2021-06-18,127.40240478515625,130.4600067138672,131.50999450683594,130.24000549316406,130.7100067138672,108953300
2021-06-21,129.1992645263672,132.3000030517578,132.41000366210938,129.2100067138672,130.3000030517578,79663300
2021-06-22,130.8398895263672,133.97999572753906,134.0800018310547,131.6199951171875,132.1300048828125,74783600
2021-06-23,130.5664520263672,133.6999969482422,134.32000732421875,133.22999572753906,133.77000427246094,60214200
2021-06-24,130.28321838378906,133.41000366210938,134.63999938964844,132.92999267578125,134.4499969482422,68711000
2021-06-25,129.9902801513672,133.11000061035156,133.88999938964844,132.80999755859375,133.4600067138672,70783700
2021-06-28,131.6211700439453,134.77999877929688,135.25,133.35000610351562,133.41000366210938,62111300
2021-06-29,133.13482666015625,136.3300018310547,136.49000549316406,134.35000610351562,134.8000030517578,64556100
2021-06-30,133.75006103515625,136.9600067138672,137.41000366210938,135.8699951171875,136.1699981689453,63261400
2021-07-01,134.0527801513672,137.27000427246094,137.3300018310547,135.75999450683594,136.60000610351562,52485800
2021-07-02,136.6797332763672,139.9600067138672,140.0,137.75,137.89999389648438,78852600
2021-07-06,138.69143676757812,142.02000427246094,143.14999389648438,140.07000732421875,140.07000732421875,108181800
2021-07-07,141.1817169189453,144.57000732421875,144.88999938964844,142.66000366210938,143.5399932861328,104911600
2021-07-08,139.88284301757812,143.24000549316406,144.05999755859375,140.6699981689453,141.5800018310547,105575500
2021-07-09,141.70907592773438,145.11000061035156,145.64999389648438,142.64999389648438,142.75,99890800
2021-07-12,141.11334228515625,144.5,146.32000732421875,144.0,146.2100067138672,76299700
2021-07-13,142.22659301757812,145.63999938964844,147.4600067138672,143.6300048828125,144.02999877929688,100827100
2021-07-14,145.65432739257812,149.14999389648438,149.57000732421875,147.67999267578125,148.10000610351562,127050800
2021-07-15,145.0000762939453,148.47999572753906,150.0,147.08999633789062,149.24000549316406,106820300
2021-07-16,142.95904541015625,146.38999938964844,149.75999450683594,145.8800048828125,148.4600067138672,93251400
2021-07-19,139.11138916015625,142.4499969482422,144.07000732421875,141.6699981689453,143.75,121434600
2021-07-20,142.7246551513672,146.14999389648438,147.10000610351562,142.9600067138672,143.4600067138672,96350000
2021-07-21,141.99221801757812,145.39999389648438,146.1300048828125,144.6300048828125,145.52999877929688,74993500
2021-07-22,143.35940551757812,146.8000030517578,148.1999969482422,145.80999755859375,145.94000244140625,77338200
2021-07-23,145.07818603515625,148.55999755859375,148.72000122070312,146.9199981689453,147.5500030517578,71447400
2021-07-26,145.4980926513672,148.99000549316406,149.8300018310547,147.6999969482422,148.27000427246094,72434100
2021-07-27,143.3301544189453,146.77000427246094,149.2100067138672,145.5500030517578,149.1199951171875,104818600
2021-07-28,141.58206176757812,144.97999572753906,146.97000122070312,142.5399932861328,144.80999755859375,118931200
2021-07-29,142.22659301757812,145.63999938964844,146.5500030517578,144.5800018310547,144.69000244140625,56699500
2021-07-30,142.44151306152344,145.86000061035156,146.3300018310547,144.11000061035156,144.3800048828125,70440600
2021-08-02,142.10943603515625,145.52000427246094,146.9499969482422,145.25,146.36000061035156,62880000
2021-08-03,143.90631103515625,147.36000061035156,148.0399932861328,145.17999267578125,145.80999755859375,64786600
2021-08-04,143.50595092773438,146.9499969482422,147.7899932861328,146.27999877929688,147.27000427246094,56368300
2021-08-05,143.6133270263672,147.05999755859375,147.83999633789062,146.1699981689453,146.97999572753906,46397700
2021-08-06,142.92874145507812,146.13999938964844,147.11000061035156,145.6300048828125,146.35000610351562,54126800
2021-08-09,142.87982177734375,146.08999633789062,146.6999969482422,145.52000427246094,146.1999969482422,48908700
2021-08-10,142.40061950683594,145.60000610351562,147.7100067138672,145.3000030517578,146.44000244140625,69023100
2021-08-11,142.6549072265625,145.86000061035156,146.72000122070312,145.52999877929688,146.0500030517578,48493500
2021-08-12,145.61831665039062,148.88999938964844,149.0500030517578,145.83999633789062,146.19000244140625,72282600
2021-08-13,145.8236846923828,149.10000610351562,149.44000244140625,148.27000427246094,148.97000122070312,59375000
2021-08-16,147.79930114746094,151.1199951171875,151.19000244140625,146.47000122070312,148.5399932861328,103296000
2021-08-17,146.88973999023438,150.19000244140625,151.67999267578125,149.08999633789062,150.22999572753906,92229700
2021-08-18,143.14389038085938,146.36000061035156,150.72000122070312,146.14999389648438,149.8000030517578,86326000
2021-08-19,143.47640991210938,146.6999969482422,148.0,144.5,145.02999877929688,86960300
2021-08-20,144.93370056152344,148.19000244140625,148.5,146.77999877929688,147.44000244140625,60549600
2021-08-23,146.42027282714844,149.7100067138672,150.19000244140625,147.88999938964844,148.30999755859375,60131800
2021-08-24,146.33226013183594,149.6199951171875,150.86000061035156,149.14999389648438,149.4499969482422,48606400
2021-08-25,145.09996032714844,148.36000061035156,150.32000732421875,147.8000030517578,149.80999755859375,58991300
2021-08-26,144.29795837402344,147.5399932861328,149.1199951171875,147.50999450683594,148.35000610351562,48597200
2021-08-27,145.3346710205078,148.60000610351562,148.75,146.8300018310547,147.47999572753906,55802400
2021-08-30,149.75534057617188,153.1199951171875,153.49000549316406,148.61000061035156,149.0,90956700
2021-08-31,148.49368286132812,151.8300018310547,152.8000030517578,151.2899932861328,152.66000366210938,86453100
2021-09-01,149.15875244140625,152.50999450683594,154.97999572753906,152.33999633789062,152.8300018310547,80313700
2021-09-02,150.273681640625,153.64999389648438,154.72000122070312,152.39999389648438,153.8699951171875,71115500
2021-09-03,150.909423828125,154.3000030517578,154.6300048828125,153.08999633789062,153.75999450683594,57808700
2021-09-07,153.2469024658203,156.69000244140625,157.25999450683594,154.38999938964844,154.97000122070312,82278300
2021-09-08,151.7016143798828,155.11000061035156,157.0399932861328,153.97999572753906,156.97999572753906,74420200
2021-09-09,150.68447875976562,154.07000732421875,156.11000061035156,153.9499969482422,155.49000549316406,57305700
2021-09-10,145.6965789794922,148.97000122070312,155.47999572753906,148.6999969482422,155.0,140893200
2021-09-13,146.26380920410156,149.5500030517578,151.4199981689453,148.75,150.6300048828125,102404300
2021-09-14,144.86517333984375,148.1199951171875,151.07000732421875,146.91000366210938,150.35000610351562,109296300
2021-09-15,145.7552032470703,149.02999877929688,149.44000244140625,146.3699951171875,148.55999755859375,83281300
2021-09-16,145.52049255371094,148.7899932861328,148.97000122070312,147.22000122070312,148.44000244140625,68034100
2021-09-17,142.85049438476562,146.05999755859375,148.82000732421875,145.75999450683594,148.82000732421875,129868800
2021-09-20,139.79904174804688,142.94000244140625,144.83999633789062,141.27000427246094,143.8000030517578,123478900
2021-09-21,140.27825927734375,143.42999267578125,144.60000610351562,142.77999877929688,143.92999267578125,75834000
2021-09-22,142.64512634277344,145.85000610351562,146.42999267578125,143.6999969482422,144.4499969482422,76404300
2021-09-23,143.60357666015625,146.8300018310547,147.0800018310547,145.63999938964844,146.64999389648438,64838200
2021-09-24,143.6915740966797,146.9199981689453,147.47000122070312,145.55999755859375,145.66000366210938,53477900
2021-09-27,142.17562866210938,145.3699951171875,145.9600067138672,143.82000732421875,145.47000122070312,74150700
2021-09-28,138.7916717529297,141.91000366210938,144.75,141.69000244140625,143.25,108972300
2021-09-29,139.69143676757812,142.8300018310547,144.4499969482422,142.02999877929688,142.47000122070312,74602000
2021-09-30,138.3906707763672,141.5,144.3800048828125,141.27999877929688,143.66000366210938,89056700
2021-10-01,139.51539611816406,142.64999389648438,142.9199981689453,139.11000061035156,141.89999389648438,94639600
2021-10-04,136.08255004882812,139.13999938964844,142.2100067138672,138.27000427246094,141.75999450683594,98322000
2021-10-05,138.00926208496094,141.11000061035156,142.24000549316406,139.36000061035156,139.49000549316406,80861100
2021-10-06,138.87969970703125,142.0,142.14999389648438,138.3699951171875,139.47000122070312,83221100
2021-10-07,140.14132690429688,143.2899932861328,144.22000122070312,142.72000122070312,143.05999755859375,61732700
2021-10-08,139.7598876953125,142.89999389648438,144.17999267578125,142.55999755859375,144.02999877929688,58773200
2021-10-11,139.67190551757812,142.80999755859375,144.80999755859375,141.80999755859375,142.27000427246094,64452200
2021-10-12,138.4004364013672,141.50999450683594,143.25,141.0399932861328,143.22999572753906,73035900
2021-10-13,137.81365966796875,140.91000366210938,141.39999389648438,139.1999969482422,141.24000549316406,78762700
2021-10-14,140.6010284423828,143.75999450683594,143.8800048828125,141.50999450683594,142.11000061035156,69907100
2021-10-15,141.6573028564453,144.83999633789062,144.89999389648438,143.50999450683594,143.77000427246094,67940300
2021-10-18,143.32969665527344,146.5500030517578,146.83999633789062,143.16000366210938,143.4499969482422,85589200
2021-10-19,145.49114990234375,148.75999450683594,149.1699981689453,146.5500030517578,147.00999450683594,76378900
2021-10-20,145.9801788330078,149.25999450683594,149.75,148.1199951171875,148.6999969482422,58418800
2021-10-21,146.1953582763672,149.47999572753906,149.63999938964844,147.8699951171875,148.80999755859375,61421000
2021-10-22,145.42269897460938,148.69000244140625,150.17999267578125,148.63999938964844,149.69000244140625,58883400
2021-10-25,145.373779296875,148.63999938964844,149.3699951171875,147.6199951171875,148.67999267578125,50720600
2021-10-26,146.0388641357422,149.32000732421875,150.83999633789062,149.00999450683594,149.3300018310547,60893400
2021-10-27,145.57916259765625,148.85000610351562,149.72999572753906,148.49000549316406,149.36000061035156,56094900
2021-10-28,149.21742248535156,152.57000732421875,153.1699981689453,149.72000122070312,149.82000732421875,100077900
2021-10-29,146.50831604003906,149.8000030517578,149.94000244140625,146.41000366210938,147.22000122070312,124953200
2021-11-01,145.68675231933594,148.9600067138672,149.6999969482422,147.8000030517578,148.99000549316406,74588300
2021-11-02,146.7234649658203,150.02000427246094,151.57000732421875,148.64999389648438,148.66000366210938,69122000
2021-11-03,148.16116333007812,151.49000549316406,151.97000122070312,149.82000732421875,150.38999938964844,54511500
2021-11-04,147.64283752441406,150.9600067138672,152.42999267578125,150.63999938964844,151.5800018310547,60394600
2021-11-05,148.17169189453125,151.27999877929688,152.1999969482422,150.05999755859375,151.88999938964844,65463900
2021-11-08,147.34896850585938,150.44000244140625,151.57000732421875,150.16000366210938,151.41000366210938,55020900
2021-11-09,147.71136474609375,150.80999755859375,151.42999267578125,150.05999755859375,150.1999969482422,56787900
2021-11-10,144.88075256347656,147.9199981689453,150.1300048828125,147.85000610351562,150.02000427246094,65187100
2021-11-11,144.83175659179688,147.8699951171875,149.42999267578125,147.67999267578125,148.9600067138672,41000000
2021-11-12,146.90821838378906,149.99000549316406,150.39999389648438,147.47999572753906,148.42999267578125,63804000
2021-11-15,146.91799926757812,150.0,151.8800048828125,149.42999267578125,150.3699951171875,59222800
2021-11-16,147.89747619628906,151.0,151.49000549316406,149.33999633789062,149.94000244140625,59256200
2021-11-17,150.33631896972656,153.49000549316406,155.0,150.99000549316406,151.0,88807000
2021-11-18,154.62632751464844,157.8699951171875,158.6699981689453,153.0500030517578,153.7100067138672,137827700
2021-11-19,157.25125122070312,160.5500030517578,161.02000427246094,156.52999877929688,157.64999389648438,117305600
2021-11-22,157.71157836914062,161.02000427246094,165.6999969482422,161.0,161.67999267578125,117467900
2021-11-23,158.0935821533203,161.41000366210938,161.8000030517578,159.05999755859375,161.1199951171875,96041900
2021-11-24,158.61268615722656,161.94000244140625,162.13999938964844,159.63999938964844,160.75,69463600
2021-11-26,153.58807373046875,156.80999755859375,160.4499969482422,156.36000061035156,159.57000732421875,76959800
2021-11-29,156.94761657714844,160.24000549316406,161.19000244140625,158.7899932861328,159.3699951171875,88748200
2021-11-30,161.90367126464844,165.3000030517578,165.52000427246094,159.9199981689453,159.99000549316406,174048100
2021-12-01,161.38453674316406,164.77000427246094,170.3000030517578,164.52999877929688,167.47999572753906,152052500
2021-12-02,160.39527893066406,163.75999450683594,164.1999969482422,157.8000030517578,158.74000549316406,136739200
2021-12-03,158.51473999023438,161.83999633789062,164.9600067138672,159.72000122070312,164.02000427246094,118023100
2021-12-06,161.92324829101562,165.32000732421875,167.8800048828125,164.27999877929688,164.2899932861328,107497000
2021-12-07,167.662841796875,171.17999267578125,171.5800018310547,168.33999633789062,169.0800018310547,120405400
2021-12-08,171.48272705078125,175.0800018310547,175.9600067138672,170.6999969482422,172.1300048828125,116998900
2021-12-09,170.97340393066406,174.55999755859375,176.75,173.9199981689453,174.91000366210938,108923700
2021-12-10,175.76292419433594,179.4499969482422,179.6300048828125,174.69000244140625,175.2100067138672,115402700
2021-12-13,172.129150390625,175.74000549316406,182.1300048828125,175.52999877929688,181.1199951171875,153237000
2021-12-14,170.74813842773438,174.3300018310547,177.74000549316406,172.2100067138672,175.25,139380400
2021-12-15,175.61598205566406,179.3000030517578,179.5,172.30999755859375,175.11000061035156,131063300
2021-12-16,168.72064208984375,172.25999450683594,181.13999938964844,170.75,179.27999877929688,150185800
2021-12-17,167.62367248535156,171.13999938964844,173.47000122070312,169.69000244140625,169.92999267578125,195432700
2021-12-20,166.26223754882812,169.75,170.5800018310547,167.4600067138672,168.27999877929688,107499100
2021-12-21,169.4356689453125,172.99000549316406,173.1999969482422,169.1199951171875,171.55999755859375,91185900
2021-12-22,172.0312042236328,175.63999938964844,175.86000061035156,172.14999389648438,173.0399932861328,92135300
2021-12-23,172.6580810546875,176.27999877929688,176.85000610351562,175.27000427246094,175.85000610351562,68356600
2021-12-27,176.62481689453125,180.3300018310547,180.4199981689453,177.07000732421875,177.08999633789062,74919600
2021-12-28,175.60618591308594,179.2899932861328,181.3300018310547,178.52999877929688,180.16000366210938,79144300
2021-12-29,175.6943359375,179.3800048828125,180.6300048828125,178.13999938964844,179.3300018310547,62348900
2021-12-30,174.53860473632812,178.1999969482422,180.57000732421875,178.08999633789062,179.47000122070312,59773000
2021-12-31,173.92156982421875,177.57000732421875,179.22999572753906,177.25999450683594,178.08999633789062,64062300
2022-01-03,178.27032470703125,182.00999450683594,182.8800048828125,177.7100067138672,177.8300018310547,104487900
2022-01-04,176.0077667236328,179.6999969482422,182.94000244140625,179.1199951171875,182.6300048828125,99310400
2022-01-05,171.3260040283203,174.9199981689453,180.1699981689453,174.63999938964844,179.61000061035156,94537600
2022-01-06,168.4659881591797,172.0,175.3000030517578,171.63999938964844,172.6999969482422,96904000
2022-01-07,168.6324920654297,172.1699981689453,174.13999938964844,171.02999877929688,172.88999938964844,86709100
2022-01-10,168.65208435058594,172.19000244140625,172.5,168.1699981689453,169.0800018310547,106765600
2022-01-11,171.48272705078125,175.0800018310547,175.17999267578125,170.82000732421875,172.32000732421875,76138300
2022-01-12,171.92347717285156,175.52999877929688,177.17999267578125,174.82000732421875,176.1199951171875,74805200
2022-01-13,168.65208435058594,172.19000244140625,176.6199951171875,171.7899932861328,175.77999877929688,84505800
2022-01-14,169.51400756835938,173.07000732421875,173.77999877929688,171.08999633789062,171.33999633789062,80440800
2022-01-18,166.31118774414062,169.8000030517578,172.5399932861328,169.41000366210938,171.50999450683594,90956700
2022-01-19,162.8145751953125,166.22999572753906,171.0800018310547,165.94000244140625,170.0,94815000
2022-01-20,161.1298828125,164.50999450683594,169.67999267578125,164.17999267578125,166.97999572753906,91420500
2022-01-21,159.072998046875,162.41000366210938,166.3300018310547,162.3000030517578,164.4199981689453,122848900
2022-01-24,158.2992706298828,161.6199951171875,162.3000030517578,154.6999969482422,160.02000427246094,162294600
2022-01-25,156.49708557128906,159.77999877929688,162.75999450683594,157.02000427246094,158.97999572753906,115798400
2022-01-26,156.40895080566406,159.69000244140625,164.38999938964844,157.82000732421875,163.5,108275300
2022-01-27,155.9485321044922,159.22000122070312,163.83999633789062,158.27999877929688,162.4499969482422,121954600
2022-01-28,166.830322265625,170.3300018310547,170.35000610351562,162.8000030517578,165.7100067138672,179935700
2022-01-31,171.1888885498047,174.77999877929688,175.0,169.50999450683594,170.16000366210938,115541600
2022-02-01,171.02236938476562,174.61000061035156,174.83999633789062,172.30999755859375,174.00999450683594,86213900
2022-02-02,172.2270965576172,175.83999633789062,175.8800048828125,173.3300018310547,174.75,84914300
2022-02-03,169.34751892089844,172.89999389648438,176.24000549316406,172.1199951171875,174.47999572753906,89418100
2022-02-04,169.06307983398438,172.38999938964844,174.10000610351562,170.67999267578125,171.67999267578125,82465400
2022-02-07,168.34719848632812,171.66000366210938,173.9499969482422,170.9499969482422,172.86000061035156,77251200
2022-02-08,171.4560089111328,174.8300018310547,175.35000610351562,171.42999267578125,171.72999572753906,74829200
2022-02-09,172.87806701660156,176.27999877929688,176.64999389648438,174.89999389648438,176.0500030517578,71285000
2022-02-10,168.79827880859375,172.1199951171875,175.47999572753906,171.5500030517578,174.13999938964844,90865900
2022-02-11,165.38551330566406,168.63999938964844,173.0800018310547,168.0399932861328,172.3300018310547,98670700
2022-02-14,165.62083435058594,168.8800048828125,169.5800018310547,166.55999755859375,167.3699951171875,86185500
2022-02-15,169.45535278320312,172.7899932861328,172.9499969482422,170.25,170.97000122070312,62527400
2022-02-16,169.2200164794922,172.5500030517578,173.33999633789062,170.0500030517578,171.85000610351562,61177400
2022-02-17,165.62083435058594,168.8800048828125,171.91000366210938,168.47000122070312,171.02999877929688,69589300
2022-02-18,164.07131958007812,167.3000030517578,170.5399932861328,166.19000244140625,169.82000732421875,82772700
2022-02-22,161.1488037109375,164.32000732421875,166.69000244140625,162.14999389648438,164.97999572753906,91162800
2022-02-23,156.98086547851562,160.07000732421875,166.14999389648438,159.75,165.5399932861328,90009200
2022-02-24,159.599365234375,162.74000549316406,162.85000610351562,152.0,152.5800018310547,141147500
2022-02-25,161.66860961914062,164.85000610351562,165.1199951171875,160.8699951171875,163.83999633789062,91974200
2022-02-28,161.9333953857422,165.1199951171875,165.4199981689453,162.42999267578125,163.05999755859375,95056600
2022-03-01,160.05047607421875,163.1999969482422,166.60000610351562,161.97000122070312,164.6999969482422,83474400
2022-03-02,163.34561157226562,166.55999755859375,167.36000061035156,162.9499969482422,164.38999938964844,79724800
2022-03-03,163.02200317382812,166.22999572753906,168.91000366210938,165.5500030517578,168.47000122070312,76678400
2022-03-04,160.02102661132812,163.1699981689453,165.5500030517578,162.10000610351562,164.49000549316406,83737200
2022-03-07,156.2257080078125,159.3000030517578,165.02000427246094,159.0399932861328,163.36000061035156,96418800
2022-03-08,154.401611328125,157.44000244140625,162.8800048828125,155.8000030517578,158.82000732421875,131148300
2022-03-09,159.80528259277344,162.9499969482422,163.41000366210938,159.41000366210938,161.47999572753906,91454900
2022-03-10,155.46078491210938,158.52000427246094,160.38999938964844,155.97999572753906,160.1999969482422,105342000
2022-03-11,151.743896484375,154.72999572753906,159.27999877929688,154.5,158.92999267578125,96970100
2022-03-14,147.71322631835938,150.6199951171875,154.1199951171875,150.10000610351562,151.4499969482422,108732100
2022-03-15,152.09698486328125,155.08999633789062,155.57000732421875,150.3800048828125,150.89999389648438,92964300
2022-03-16,156.5101318359375,159.58999633789062,160.0,154.4600067138672,157.0500030517578,102300200
2022-03-17,157.52023315429688,160.6199951171875,161.0,157.6300048828125,158.61000061035156,75615400
2022-03-18,160.81541442871094,163.97999572753906,164.47999572753906,159.75999450683594,160.50999450683594,123511700
2022-03-21,162.1884002685547,165.3800048828125,166.35000610351562,163.00999450683594,163.50999450683594,95811400
2022-03-22,165.56201171875,168.82000732421875,169.4199981689453,164.91000366210938,165.50999450683594,81532000
2022-03-23,166.9251708984375,170.2100067138672,172.63999938964844,167.64999389648438,167.99000549316406,98062700
2022-03-24,170.710693359375,174.07000732421875,174.13999938964844,170.2100067138672,171.05999755859375,90131400
2022-03-25,171.34812927246094,174.72000122070312,175.27999877929688,172.75,173.8800048828125,80546200
2022-03-28,172.21115112304688,175.60000610351562,175.72999572753906,172.0,172.1699981689453,90371900
2022-03-29,175.50631713867188,178.9600067138672,179.00999450683594,176.33999633789062,176.69000244140625,100589400
2022-03-30,174.3392791748047,177.77000427246094,179.61000061035156,176.6999969482422,178.5500030517578,92633200
2022-03-31,171.24026489257812,174.61000061035156,178.02999877929688,174.39999389648438,177.83999633789062,103049300
2022-04-01,170.946044921875,174.30999755859375,174.8800048828125,171.94000244140625,174.02999877929688,78751300
2022-04-04,174.99636840820312,178.44000244140625,178.49000549316406,174.44000244140625,174.57000732421875,76468400
2022-04-05,171.6815948486328,175.05999755859375,178.3000030517578,174.4199981689453,177.5,73401800
2022-04-06,168.513916015625,171.8300018310547,173.6300048828125,170.1300048828125,172.36000061035156,89058800
2022-04-07,168.8179168701172,172.13999938964844,173.36000061035156,169.85000610351562,171.16000366210938,77594700
2022-04-08,166.80751037597656,170.08999633789062,171.77999877929688,169.1999969482422,171.77999877929688,76575500
2022-04-11,162.5512237548828,165.75,169.02999877929688,165.5,168.7100067138672,72246700
2022-04-12,164.4243927001953,167.66000366210938,169.8699951171875,166.63999938964844,168.02000427246094,79265200
2022-04-13,167.11148071289062,170.39999389648438,171.0399932861328,166.77000427246094,167.38999938964844,70618900
2022-04-14,162.10012817382812,165.2899932861328,171.27000427246094,165.0399932861328,170.6199951171875,75329400
2022-04-18,161.88436889648438,165.07000732421875,166.60000610351562,163.57000732421875,163.9199981689453,69023900
2022-04-19,164.1693878173828,167.39999389648438,167.82000732421875,163.91000366210938,165.02000427246094,67723800
2022-04-20,164.00270080566406,167.22999572753906,168.8800048828125,166.10000610351562,168.75999450683594,67929800
2022-04-21,163.2083282470703,166.4199981689453,171.52999877929688,165.91000366210938,168.91000366210938,87227800
2022-04-22,158.6676483154297,161.7899932861328,167.8699951171875,161.5,166.4600067138672,84882400
2022-04-25,159.7366485595703,162.8800048828125,163.1699981689453,158.4600067138672,161.1199951171875,96046400
2022-04-26,153.77398681640625,156.8000030517578,162.33999633789062,156.72000122070312,162.25,95623200
2022-04-27,153.5484161376953,156.57000732421875,159.7899932861328,155.3800048828125,155.91000366210938,88063200
2022-04-28,160.48196411132812,163.63999938964844,164.52000427246094,158.92999267578125,159.25,130216800
2022-04-29,154.6075897216797,157.64999389648438,166.1999969482422,157.25,161.83999633789062,131747600
2022-05-02,154.9115753173828,157.9600067138672,158.22999572753906,153.27000427246094,156.7100067138672,123055300
2022-05-03,156.4022216796875,159.47999572753906,160.7100067138672,156.32000732421875,158.14999389648438,88966500
2022-05-04,162.8160400390625,166.02000427246094,166.47999572753906,159.25999450683594,159.6699981689453,108256500
2022-05-05,153.7445526123047,156.77000427246094,164.0800018310547,154.9499969482422,163.85000610351562,130525300
2022-05-06,154.4713134765625,157.27999877929688,159.44000244140625,154.17999267578125,156.00999450683594,116124600
2022-05-09,149.34454345703125,152.05999755859375,155.8300018310547,151.49000549316406,154.92999267578125,131577900
2022-05-10,151.7508087158203,154.50999450683594,156.74000549316406,152.92999267578125,155.52000427246094,115366700
2022-05-11,143.88385009765625,146.5,155.4499969482422,145.80999755859375,153.5,142689800
2022-05-12,140.01417541503906,142.55999755859375,146.1999969482422,138.8000030517578,142.77000427246094,182602000
2022-05-13,144.4829559326172,147.11000061035156,148.10000610351562,143.11000061035156,144.58999633789062,113990900
2022-05-16,142.94097900390625,145.5399932861328,147.52000427246094,144.17999267578125,145.5500030517578,86643800
2022-05-17,146.5749053955078,149.24000549316406,149.77000427246094,146.67999267578125,148.86000061035156,78336300
2022-05-18,138.30528259277344,140.82000732421875,147.36000061035156,139.89999389648438,146.85000610351562,109742900
2022-05-19,134.89723205566406,137.35000610351562,141.66000366210938,136.60000610351562,139.8800048828125,136095600
2022-05-20,135.13294982910156,137.58999633789062,140.6999969482422,132.61000061035156,139.08999633789062,137426100
2022-05-23,140.55438232421875,143.11000061035156,143.25999450683594,137.64999389648438,137.7899932861328,117726300
2022-05-24,137.85348510742188,140.36000061035156,141.97000122070312,137.3300018310547,140.80999755859375,104132700
2022-05-25,138.0106201171875,140.52000427246094,141.7899932861328,138.33999633789062,138.42999267578125,92482700
2022-05-26,141.21240234375,143.77999877929688,144.33999633789062,137.13999938964844,137.38999938964844,90601500
2022-05-27,146.96775817871094,149.63999938964844,149.67999267578125,145.25999450683594,145.38999938964844,90978500
2022-05-31,146.1820526123047,148.83999633789062,150.66000366210938,146.83999633789062,149.07000732421875,103718400
2022-06-01,146.05438232421875,148.7100067138672,151.74000549316406,147.67999267578125,149.89999389648438,74286600
2022-06-02,148.50975036621094,151.2100067138672,151.27000427246094,146.86000061035156,147.8300018310547,72348100
2022-06-03,142.7838592529297,145.3800048828125,147.97000122070312,144.4600067138672,146.89999389648438,88570300
2022-06-06,143.53028869628906,146.13999938964844,148.57000732421875,144.89999389648438,147.02999877929688,71598400
2022-06-07,146.05438232421875,148.7100067138672,149.0,144.10000610351562,144.35000610351562,67808200
2022-06-08,145.3177490234375,147.9600067138672,149.8699951171875,147.4600067138672,148.5800018310547,53950200
2022-06-09,140.09275817871094,142.63999938964844,147.9499969482422,142.52999877929688,147.0800018310547,69473000
2022-06-10,134.68115234375,137.1300048828125,140.75999450683594,137.05999755859375,140.27999877929688,91437900
2022-06-13,129.52493286132812,131.8800048828125,135.1999969482422,131.44000244140625,132.8699951171875,122207100
2022-06-14,130.38919067382812,132.75999450683594,133.88999938964844,131.47999572753906,133.1300048828125,84784300
2022-06-15,133.0115509033203,135.42999267578125,137.33999633789062,132.16000366210938,134.2899932861328,91533000
2022-06-16,127.7374038696289,130.05999755859375,132.38999938964844,129.0399932861328,132.0800018310547,108123900
2022-06-17,129.21063232421875,131.55999755859375,133.0800018310547,129.80999755859375,130.07000732421875,134520300
2022-06-21,133.4436492919922,135.8699951171875,137.05999755859375,133.32000732421875,133.4199981689453,81000500
2022-06-22,132.93299865722656,135.35000610351562,137.75999450683594,133.91000366210938,134.7899932861328,73409200
2022-06-23,135.80079650878906,138.27000427246094,138.58999633789062,135.6300048828125,136.82000732421875,72433800
2022-06-24,139.1302490234375,141.66000366210938,141.91000366210938,139.77000427246094,139.89999389648438,89116800
2022-06-27,139.1302490234375,141.66000366210938,143.49000549316406,140.97000122070312,142.6999969482422,70207900
2022-06-28,134.98562622070312,137.44000244140625,143.4199981689453,137.32000732421875,142.1300048828125,67083400
2022-06-29,136.74366760253906,139.22999572753906,140.6699981689453,136.6699981689453,137.4600067138672,66242400
2022-06-30,134.27850341796875,136.72000122070312,138.3699951171875,133.77000427246094,137.25,98964500
2022-07-01,136.44900512695312,138.92999267578125,139.0399932861328,135.66000366210938,136.0399932861328,71051600
2022-07-05,139.0320587158203,141.55999755859375,141.61000061035156,136.92999267578125,137.77000427246094,73353800
2022-07-06,140.36776733398438,142.9199981689453,144.1199951171875,141.0800018310547,141.35000610351562,74064300
2022-07-07,143.7365264892578,146.35000610351562,146.5500030517578,143.27999877929688,143.2899932861328,66253700
2022-07-08,144.4141845703125,147.0399932861328,147.5500030517578,145.0,145.25999450683594,64547800
2022-07-11,142.28294372558594,144.8699951171875,146.63999938964844,143.77999877929688,145.6699981689453,63141600
2022-07-12,143.25527954101562,145.86000061035156,148.4499969482422,145.0500030517578,145.75999450683594,77588800
2022-07-13,142.89187622070312,145.49000549316406,146.4499969482422,142.1199951171875,142.99000549316406,71185600
2022-07-14,145.81866455078125,148.47000122070312,148.9499969482422,143.25,144.0800018310547,78140700
2022-07-15,147.48828125,150.1699981689453,150.86000061035156,148.1999969482422,149.77999877929688,76259900
2022-07-18,144.44371032714844,147.07000732421875,151.57000732421875,146.6999969482422,150.74000549316406,81420900
2022-07-19,148.30348205566406,151.0,151.22999572753906,146.91000366210938,147.9199981689453,82982400
2022-07-20,150.3070526123047,153.0399932861328,153.72000122070312,150.3699951171875,151.1199951171875,64823400
2022-07-21,152.5758056640625,155.35000610351562,155.57000732421875,151.94000244140625,154.5,65086600
2022-07-22,151.3383026123047,154.08999633789062,156.27999877929688,153.41000366210938,155.38999938964844,66675400
2022-07-25,150.21861267089844,152.9499969482422,155.0399932861328,152.27999877929688,154.00999450683594,53623900
2022-07-26,148.8927764892578,151.60000610351562,153.08999633789062,150.8000030517578,152.25999450683594,55138700
2022-07-27,153.9900360107422,156.7899932861328,157.3300018310547,152.16000366210938,152.5800018310547,78620700
2022-07-28,154.5400848388672,157.35000610351562,157.63999938964844,154.41000366210938,156.97999572753906,81378700
2022-07-29,159.60792541503906,162.50999450683594,163.6300048828125,159.5,161.24000549316406,101786900
2022-08-01,158.62579345703125,161.50999450683594,163.58999633789062,160.88999938964844,161.00999450683594,67829400
2022-08-02,157.152587890625,160.00999450683594,162.41000366210938,159.6300048828125,160.10000610351562,59907000
2022-08-03,163.1632843017578,166.1300048828125,166.58999633789062,160.75,160.83999633789062,82507500
2022-08-04,162.84901428222656,165.80999755859375,167.19000244140625,164.42999267578125,166.00999450683594,55474100
2022-08-05,162.62281799316406,165.35000610351562,165.85000610351562,163.0,163.2100067138672,56697000
2022-08-08,162.1507110595703,164.8699951171875,167.80999755859375,164.1999969482422,166.3699951171875,60276900
2022-08-09,162.1999053955078,164.9199981689453,165.82000732421875,163.25,164.02000427246094,63135500
2022-08-10,166.44862365722656,169.24000549316406,169.33999633789062,166.89999389648438,167.67999267578125,70170500
2022-08-11,165.71099853515625,168.49000549316406,170.99000549316406,168.19000244140625,170.05999755859375,57149200
2022-08-12,169.261474609375,172.10000610351562,172.1699981689453,169.39999389648438,169.82000732421875,68039400
2022-08-15,170.33346557617188,173.19000244140625,173.38999938964844,171.35000610351562,171.52000427246094,54091700
2022-08-16,170.17613220214844,173.02999877929688,173.7100067138672,171.66000366210938,172.77999877929688,56377100
2022-08-17,171.67105102539062,174.5500030517578,176.14999389648438,172.57000732421875,172.77000427246094,79542000
2022-08-18,171.27764892578125,174.14999389648438,174.89999389648438,173.1199951171875,173.75,62290100
2022-08-19,168.6910400390625,171.52000427246094,173.74000549316406,171.30999755859375,173.02999877929688,70346300
2022-08-22,164.80616760253906,167.57000732421875,169.86000061035156,167.13999938964844,169.69000244140625,69026800
2022-08-23,164.4718017578125,167.22999572753906,168.7100067138672,166.64999389648438,167.0800018310547,54147100
2022-08-24,164.766845703125,167.52999877929688,168.11000061035156,166.25,167.32000732421875,53841500
2022-08-25,167.22560119628906,170.02999877929688,170.13999938964844,168.35000610351562,168.77999877929688,51218200
2022-08-26,160.92132568359375,163.6199951171875,171.0500030517578,163.55999755859375,170.57000732421875,78961000
2022-08-29,158.71829223632812,161.3800048828125,162.89999389648438,159.82000732421875,161.14999389648438,73314000
2022-08-30,156.2890167236328,158.91000366210938,162.55999755859375,157.72000122070312,162.1300048828125,77906200
2022-08-31,154.62684631347656,157.22000122070312,160.5800018310547,157.13999938964844,160.30999755859375,87991100
2022-09-01,155.35470581054688,157.9600067138672,158.4199981689453,154.6699981689453,156.63999938964844,74229900
2022-09-02,153.24012756347656,155.80999755859375,160.36000061035156,154.97000122070312,159.75,76957800
2022-09-06,151.9812469482422,154.52999877929688,157.08999633789062,153.69000244140625,156.47000122070312,73714800
2022-09-07,153.38766479492188,155.9600067138672,156.6699981689453,153.61000061035156,154.82000732421875,87449600
2022-09-08,151.9123992919922,154.4600067138672,156.36000061035156,152.67999267578125,154.63999938964844,84923800
2022-09-09,154.77442932128906,157.3699951171875,157.82000732421875,154.75,155.47000122070312,68028800
2022-09-12,160.73443603515625,163.42999267578125,164.25999450683594,159.3000030517578,159.58999633789062,104956000
2022-09-13,151.30264282226562,153.83999633789062,160.5399932861328,153.3699951171875,159.89999389648438,122656600
2022-09-14,152.7483673095703,155.30999755859375,157.10000610351562,153.61000061035156,154.7899932861328,87965400
2022-09-15,149.85687255859375,152.3699951171875,155.24000549316406,151.3800048828125,154.64999389648438,90481100
2022-09-16,148.2144012451172,150.6999969482422,151.35000610351562,148.3699951171875,151.2100067138672,162278800
2022-09-19,151.93206787109375,154.47999572753906,154.55999755859375,149.10000610351562,149.30999755859375,81474200
2022-09-20,154.31216430664062,156.89999389648438,158.0800018310547,153.0800018310547,153.39999389648438,107689800
2022-09-21,151.18463134765625,153.72000122070312,158.74000549316406,153.60000610351562,157.33999633789062,101696800
2022-09-22,150.2207794189453,152.74000549316406,154.47000122070312,150.91000366210938,152.3800048828125,86652500
2022-09-23,147.94886779785156,150.42999267578125,151.47000122070312,148.55999755859375,151.19000244140625,96029900
2022-09-26,148.28326416015625,150.77000427246094,153.77000427246094,149.63999938964844,149.66000366210938,93339400
2022-09-27,149.2569580078125,151.75999450683594,154.72000122070312,149.9499969482422,152.74000549316406,84442700
2022-09-28,147.3686065673828,149.83999633789062,150.63999938964844,144.83999633789062,147.63999938964844,146691400
2022-09-29,140.12997436523438,142.47999572753906,146.72000122070312,140.67999267578125,146.10000610351562,128138200
2022-09-30,135.92062377929688,138.1999969482422,143.10000610351562,138.0,141.27999877929688,124925300
2022-10-03,140.10052490234375,142.4499969482422,143.07000732421875,137.69000244140625,138.2100067138672,114311700
2022-10-04,143.69032287597656,146.10000610351562,146.22000122070312,144.25999450683594,145.02999877929688,87830100
2022-10-05,143.98533630371094,146.39999389648438,147.3800048828125,143.00999450683594,144.07000732421875,79471000
2022-10-06,143.03134155273438,145.42999267578125,147.5399932861328,145.22000122070312,145.80999755859375,68402200
2022-10-07,137.77943420410156,140.08999633789062,143.10000610351562,139.4499969482422,142.5399932861328,85925600
2022-10-10,138.10397338867188,140.4199981689453,141.88999938964844,138.57000732421875,140.4199981689453,74899000
2022-10-11,136.68771362304688,138.97999572753906,141.35000610351562,138.22000122070312,139.89999389648438,77033700
2022-10-12,136.05828857421875,138.33999633789062,140.36000061035156,138.16000366210938,139.1300048828125,70433700
2022-10-13,140.631591796875,142.99000549316406,143.58999633789062,134.3699951171875,134.99000549316406,113224000
2022-10-14,136.09759521484375,138.3800048828125,144.52000427246094,138.19000244140625,144.30999755859375,88598000
2022-10-17,140.0611572265625,142.41000366210938,142.89999389648438,140.27000427246094,141.07000732421875,85250900
2022-10-18,141.37904357910156,143.75,146.6999969482422,140.61000061035156,145.49000549316406,99136600
2022-10-19,141.48724365234375,143.86000061035156,144.9499969482422,141.5,141.69000244140625,61758300
2022-10-20,141.02500915527344,143.38999938964844,145.88999938964844,142.64999389648438,143.02000427246094,64522000
2022-10-21,144.8409881591797,147.27000427246094,147.85000610351562,142.64999389648438,142.8699951171875,86548600
2022-10-24,146.98501586914062,149.4499969482422,150.22999572753906,146.0,147.19000244140625,75981900
2022-10-25,149.827392578125,152.33999633789062,152.49000549316406,149.36000061035156,150.08999633789062,74732300
2022-10-26,146.88670349121094,149.35000610351562,151.99000549316406,148.0399932861328,150.9600067138672,88194300
2022-10-27,142.41172790527344,144.8000030517578,149.0500030517578,144.1300048828125,148.07000732421875,109180200
2022-10-28,153.1713104248047,155.74000549316406,157.5,147.82000732421875,148.1999969482422,164762400
2022-10-31,150.81088256835938,153.33999633789062,154.24000549316406,151.9199981689453,153.16000366210938,97943200
2022-11-01,148.16525268554688,150.64999389648438,155.4499969482422,149.1300048828125,155.0800018310547,80379300
2022-11-02,142.637939453125,145.02999877929688,152.1699981689453,145.0,148.9499969482422,93604600
2022-11-03,136.58938598632812,138.8800048828125,142.8000030517578,138.75,142.05999755859375,97918500
2022-11-04,136.3234100341797,138.3800048828125,142.6699981689453,134.3800048828125,142.08999633789062,140814800
2022-11-07,136.85537719726562,138.9199981689453,139.14999389648438,135.6699981689453,137.11000061035156,83374600
2022-11-08,137.42678833007812,139.5,141.42999267578125,137.49000549316406,140.41000366210938,89908500
2022-11-09,132.86553955078125,134.8699951171875,138.5500030517578,134.58999633789062,138.5,74917800
2022-11-10,144.687255859375,146.8699951171875,146.8699951171875,139.5,141.24000549316406,118854000
2022-11-11,147.47515869140625,149.6999969482422,150.00999450683594,144.3699951171875,145.82000732421875,93979700
2022-11-14,146.07626342773438,148.27999877929688,150.27999877929688,147.42999267578125,148.97000122070312,73374100
2022-11-15,147.81007385253906,150.0399932861328,153.58999633789062,148.55999755859375,152.22000122070312,89868300
2022-11-16,146.5786590576172,148.7899932861328,149.8699951171875,147.2899932861328,149.1300048828125,64218300
2022-11-17,148.47999572753906,150.72000122070312,151.47999572753906,146.14999389648438,146.42999267578125,80389400
2022-11-18,149.04153442382812,151.2899932861328,152.6999969482422,149.97000122070312,152.30999755859375,74829600
2022-11-21,145.8102569580078,148.00999450683594,150.3699951171875,147.72000122070312,150.16000366210938,58724100
2022-11-22,147.94802856445312,150.17999267578125,150.4199981689453,146.92999267578125,148.1300048828125,51804100
2022-11-23,148.82479858398438,151.07000732421875,151.8300018310547,149.33999633789062,149.4499969482422,58301400
2022-11-25,145.90878295898438,148.11000061035156,148.8800048828125,147.1199951171875,148.30999755859375,35195900
2022-11-28,142.0765838623047,144.22000122070312,146.63999938964844,143.3800048828125,145.13999938964844,69246000
2022-11-29,139.07191467285156,141.1699981689453,144.80999755859375,140.35000610351562,144.2899932861328,83763800
2022-11-30,145.82994079589844,148.02999877929688,148.72000122070312,140.5500030517578,141.39999389648438,111380900
2022-12-01,146.10580444335938,148.30999755859375,149.1300048828125,146.61000061035156,148.2100067138672,71250400
2022-12-02,145.61326599121094,147.80999755859375,148.0,145.64999389648438,145.9600067138672,65447400
2022-12-05,144.45077514648438,146.6300048828125,150.9199981689453,145.77000427246094,147.77000427246094,68826400
2022-12-06,140.78607177734375,142.91000366210938,147.3000030517578,141.9199981689453,147.07000732421875,64727200
2022-12-07,138.84536743164062,140.94000244140625,143.3699951171875,140.0,142.19000244140625,69721100
2022-12-08,140.5299530029297,142.64999389648438,143.52000427246094,141.10000610351562,142.36000061035156,62128300
2022-12-09,140.04721069335938,142.16000366210938,145.57000732421875,140.89999389648438,142.33999633789062,76097000
2022-12-12,142.34259033203125,144.49000549316406,144.5,141.05999755859375,142.6999969482422,70462700
2022-12-13,143.3080291748047,145.47000122070312,149.97000122070312,144.24000549316406,149.5,93886200
2022-12-14,141.08160400390625,143.2100067138672,146.66000366210938,141.16000366210938,145.35000610351562,82291200
2022-12-15,134.47132873535156,136.5,141.8000030517578,136.02999877929688,141.11000061035156,98931900
2022-12-16,132.51087951660156,134.50999450683594,137.64999389648438,133.72999572753906,136.69000244140625,160156900
2022-12-19,130.40269470214844,132.3699951171875,135.1999969482422,131.32000732421875,135.11000061035156,79592600
2022-12-20,130.33375549316406,132.3000030517578,133.25,129.88999938964844,131.38999938964844,77432800
2022-12-21,133.43690490722656,135.4499969482422,136.80999755859375,132.75,132.97999572753906,85928000
2022-12-22,130.26478576660156,132.22999572753906,134.55999755859375,130.3000030517578,134.35000610351562,77852100
2022-12-23,129.9002685546875,131.86000061035156,132.4199981689453,129.63999938964844,130.9199981689453,63814900
2022-12-27,128.09750366210938,130.02999877929688,131.41000366210938,128.72000122070312,131.3800048828125,69007800
2022-12-28,124.16679382324219,126.04000091552734,131.02999877929688,125.87000274658203,129.6699981689453,85438400
2022-12-29,127.6837387084961,129.61000061035156,130.47999572753906,127.7300033569336,127.98999786376953,75703700
2022-12-30,127.99898529052734,129.92999267578125,129.9499969482422,127.43000030517578,128.41000366210938,77034200
2023-01-03,123.2112045288086,125.06999969482422,130.89999389648438,124.16999816894531,130.27999877929688,112117500
2023-01-04,124.48202514648438,126.36000061035156,128.66000366210938,125.08000183105469,126.88999938964844,89113600
2023-01-05,123.16194152832031,125.0199966430664,127.7699966430664,124.76000213623047,127.12999725341797,80962700
2023-01-06,127.69356536865234,129.6199951171875,130.2899932861328,124.88999938964844,126.01000213623047,87754700
2023-01-09,128.21571350097656,130.14999389648438,133.41000366210938,129.88999938964844,130.47000122070312,70790800
2023-01-10,128.7870635986328,130.72999572753906,131.25999450683594,128.1199951171875,130.25999450683594,63896200
2023-01-11,131.50611877441406,133.49000549316406,133.50999450683594,130.4600067138672,131.25,69458900
2023-01-12,131.42727661132812,133.41000366210938,134.25999450683594,131.44000244140625,133.8800048828125,71379600
2023-01-13,132.75718688964844,134.75999450683594,134.9199981689453,131.66000366210938,132.02999877929688,57809700
2023-01-17,133.91966247558594,135.94000244140625,137.2899932861328,134.1300048828125,134.8300018310547,63646600
2023-01-18,133.2005157470703,135.2100067138672,138.61000061035156,135.02999877929688,136.82000732421875,69672800
2023-01-19,133.25958251953125,135.27000427246094,136.25,133.77000427246094,134.0800018310547,58280400
2023-01-20,135.82095336914062,137.8699951171875,138.02000427246094,134.22000122070312,135.27999877929688,80223600
2023-01-23,139.01283264160156,141.11000061035156,143.32000732421875,137.89999389648438,138.1199951171875,81760300
2023-01-24,140.41171264648438,142.52999877929688,143.16000366210938,140.3000030517578,140.30999755859375,66435100
2023-01-25,139.7516632080078,141.86000061035156,142.42999267578125,138.80999755859375,140.88999938964844,65799300
2023-01-26,141.82046508789062,143.9600067138672,144.25,141.89999389648438,143.1699981689453,54105100
2023-01-27,143.76119995117188,145.92999267578125,147.22999572753906,143.0800018310547,143.16000366210938,70555800
2023-01-30,140.87472534179688,143.0,145.5500030517578,142.85000610351562,144.9600067138672,64015300
2023-01-31,142.14556884765625,144.2899932861328,144.33999633789062,142.27999877929688,142.6999969482422,65874500
2023-02-01,143.2686004638672,145.42999267578125,146.61000061035156,141.32000732421875,143.97000122070312,77663600
2023-02-02,148.5784912109375,150.82000732421875,151.17999267578125,148.1699981689453,148.89999389648438,118339000
2023-02-03,152.2038116455078,154.5,157.3800048828125,147.8300018310547,148.02999877929688,154357300
2023-02-06,149.4749755859375,151.72999572753906,153.10000610351562,150.77999877929688,152.57000732421875,69858300
2023-02-07,152.35159301757812,154.64999389648438,155.22999572753906,150.63999938964844,150.63999938964844,83322600
2023-02-08,149.6621551513672,151.9199981689453,154.5800018310547,151.1699981689453,153.8800048828125,64120100
2023-02-09,148.6277618408203,150.8699951171875,154.3300018310547,150.4199981689453,153.77999877929688,56007100
2023-02-10,148.99282836914062,151.00999450683594,151.33999633789062,149.22000122070312,149.4600067138672,57450700
2023-02-13,151.79489135742188,153.85000610351562,154.25999450683594,150.9199981689453,150.9499969482422,62199000
2023-02-14,151.15357971191406,153.1999969482422,153.77000427246094,150.86000061035156,152.1199951171875,61707600
2023-02-15,153.25515747070312,155.3300018310547,155.5,152.8800048828125,153.11000061035156,65573800
2023-02-16,151.65675354003906,153.7100067138672,156.3300018310547,153.35000610351562,153.50999450683594,68167900
2023-02-17,150.51226806640625,152.5500030517578,153.0,150.85000610351562,152.35000610351562,59144100
2023-02-21,146.49659729003906,148.47999572753906,151.3000030517578,148.41000366210938,150.1999969482422,58867200
2023-02-22,146.92088317871094,148.91000366210938,149.9499969482422,147.16000366210938,148.8699951171875,51011300
2023-02-23,147.40432739257812,149.39999389648438,150.33999633789062,147.24000549316406,150.08999633789062,48394200
2023-02-24,144.75025939941406,146.7100067138672,147.19000244140625,145.72000122070312,147.11000061035156,55469600
2023-02-27,145.94412231445312,147.9199981689453,149.1699981689453,147.4499969482422,147.7100067138672,44998500
2023-02-28,145.44091796875,147.41000366210938,149.0800018310547,146.8300018310547,147.0500030517578,50547000
2023-03-01,143.3689727783203,145.30999755859375,147.22999572753906,145.00999450683594,146.8300018310547,55479000
2023-03-02,143.96095275878906,145.91000366210938,146.7100067138672,143.89999389648438,144.3800048828125,52238100
2023-03-03,149.01255798339844,151.02999877929688,151.11000061035156,147.3300018310547,148.0399932861328,70732300
2023-03-06,151.77516174316406,153.8300018310547,156.3000030517578,153.4600067138672,153.7899932861328,87558000
2023-03-07,149.57496643066406,151.60000610351562,154.02999877929688,151.1300048828125,153.6999969482422,56182000
2023-03-08,150.82797241210938,152.8699951171875,153.47000122070312,151.8300018310547,152.80999755859375,47204800
2023-03-09,148.5784454345703,150.58999633789062,154.5399932861328,150.22999572753906,153.55999755859375,53833600
2023-03-10,146.51637268066406,148.5,150.94000244140625,147.61000061035156,150.2100067138672,68572400
2023-03-13,148.46005249023438,150.47000122070312,153.13999938964844,147.6999969482422,147.80999755859375,84457100
2023-03-14,150.55169677734375,152.58999633789062,153.39999389648438,150.10000610351562,151.27999877929688,73695900
2023-03-15,150.9463653564453,152.99000549316406,153.25,149.9199981689453,151.19000244140625,77167900
2023-03-16,153.7681884765625,155.85000610351562,156.4600067138672,151.63999938964844,152.16000366210938,76161100
2023-03-17,152.9295196533203,155.0,156.74000549316406,154.27999877929688,156.0800018310547,98944600
2023-03-20,155.29747009277344,157.39999389648438,157.82000732421875,154.14999389648438,155.07000732421875,73641400
2023-03-21,157.15234375,159.27999877929688,159.39999389648438,156.5399932861328,157.32000732421875,73938300
2023-03-22,155.7217254638672,157.8300018310547,162.13999938964844,157.80999755859375,159.3000030517578,75701800
2023-03-23,156.80702209472656,158.92999267578125,161.5500030517578,157.67999267578125,158.8300018310547,67622100
2023-03-24,158.1094207763672,160.25,160.33999633789062,157.85000610351562,158.86000061035156,59196500
2023-03-27,156.1657257080078,158.27999877929688,160.77000427246094,157.8699951171875,159.94000244140625,52390300
2023-03-28,155.5441436767578,157.64999389648438,158.49000549316406,155.97999572753906,157.97000122070312,45992200
2023-03-29,158.62246704101562,160.77000427246094,161.0500030517578,159.35000610351562,159.3699951171875,51305700
2023-03-30,160.19122314453125,162.36000061035156,162.47000122070312,161.27000427246094,161.52999877929688,49501700
2023-03-31,162.69728088378906,164.89999389648438,165.0,161.91000366210938,162.44000244140625,68749800
2023-04-03,163.9503173828125,166.1699981689453,166.2899932861328,164.22000122070312,164.27000427246094,56976200
2023-04-04,163.41754150390625,165.6300048828125,166.83999633789062,165.11000061035156,166.60000610351562,46278300
2023-04-05,161.57249450683594,163.75999450683594,165.0500030517578,161.8000030517578,164.74000549316406,51511700
2023-04-06,162.46047973632812,164.66000366210938,164.9600067138672,162.0,162.42999267578125,45390100
2023-04-10,159.86561584472656,162.02999877929688,162.02999877929688,160.0800018310547,161.4199981689453,47716900
2023-04-11,158.6520538330078,160.8000030517578,162.36000061035156,160.50999450683594,162.35000610351562,47644200
2023-04-12,157.96139526367188,160.10000610351562,162.05999755859375,159.77999877929688,161.22000122070312,50133100
2023-04-13,163.34848022460938,165.55999755859375,165.8000030517578,161.4199981689453,161.6300048828125,68445600
2023-04-14,163.003173828125,165.2100067138672,166.32000732421875,163.82000732421875,164.58999633789062,49386500
2023-04-17,163.0228729248047,165.22999572753906,165.38999938964844,164.02999877929688,165.08999633789062,41516200
2023-04-18,164.24630737304688,166.47000122070312,167.41000366210938,165.64999389648438,166.10000610351562,49923000
2023-04-19,165.3908233642578,167.6300048828125,168.16000366210938,165.5399932861328,165.8000030517578,47720200
2023-04-20,164.42391967773438,166.64999389648438,167.8699951171875,165.55999755859375,166.08999633789062,52456400
2023-04-21,162.81568908691406,165.02000427246094,166.4499969482422,164.49000549316406,165.0500030517578,58337300
2023-04-24,163.12155151367188,165.3300018310547,165.60000610351562,163.88999938964844,165.0,41949600
2023-04-25,161.5823516845703,163.77000427246094,166.30999755859375,163.72999572753906,165.19000244140625,48714100
2023-04-26,161.57249450683594,163.75999450683594,165.27999877929688,162.8000030517578,163.05999755859375,45498800
2023-04-27,166.16041564941406,168.41000366210938,168.55999755859375,165.19000244140625,165.19000244140625,64902300
2023-04-28,167.4134063720703,169.67999267578125,169.85000610351562,167.8800048828125,168.49000549316406,55275900
2023-05-01,167.3246307373047,169.58999633789062,170.4499969482422,168.63999938964844,169.27999877929688,52472900
2023-05-02,166.28866577148438,168.5399932861328,170.35000610351562,167.5399932861328,170.08999633789062,48425700
2023-05-03,165.21322631835938,167.4499969482422,170.9199981689453,167.16000366210938,169.5,65136000
2023-05-04,163.57540893554688,165.7899932861328,167.0399932861328,164.30999755859375,164.88999938964844,81235400
2023-05-05,171.25146484375,173.57000732421875,174.3000030517578,170.75999450683594,170.97999572753906,113453200
2023-05-08,171.18240356445312,173.5,173.85000610351562,172.11000061035156,172.47999572753906,55962800
2023-05-09,169.4755401611328,171.77000427246094,173.5399932861328,171.60000610351562,173.0500030517578,45326900
2023-05-10,171.24159240722656,173.55999755859375,174.02999877929688,171.89999389648438,173.02000427246094,53724500
2023-05-11,171.42906188964844,173.75,174.58999633789062,172.1699981689453,173.85000610351562,49514700
2023-05-12,170.50033569335938,172.57000732421875,174.05999755859375,171.0,173.6199951171875,45533100
2023-05-15,170.00634765625,172.07000732421875,173.2100067138672,171.47000122070312,173.16000366210938,37266700
2023-05-16,170.00634765625,172.07000732421875,173.13999938964844,171.8000030517578,171.99000549316406,42110300
2023-05-17,170.618896484375,172.69000244140625,172.92999267578125,170.4199981689453,171.7100067138672,57951600
2023-05-18,172.95057678222656,175.0500030517578,175.24000549316406,172.5800018310547,173.0,65496700
2023-05-19,173.05926513671875,175.16000366210938,176.38999938964844,174.94000244140625,176.38999938964844,55809500
2023-05-22,172.11080932617188,174.1999969482422,174.7100067138672,173.4499969482422,173.97999572753906,43570900
2023-05-23,169.50245666503906,171.55999755859375,173.3800048828125,171.27999877929688,173.1300048828125,50747300
2023-05-24,169.77908325195312,171.83999633789062,172.4199981689453,170.52000427246094,171.08999633789062,45143500
2023-05-25,170.91529846191406,172.99000549316406,173.89999389648438,171.69000244140625,172.41000366210938,56058300
2023-05-26,173.32601928710938,175.42999267578125,175.77000427246094,173.11000061035156,173.32000732421875,54835000
2023-05-30,175.17359924316406,177.3000030517578,178.99000549316406,176.57000732421875,176.9600067138672,55964400
2023-05-31,175.1242218017578,177.25,179.35000610351562,176.75999450683594,177.3300018310547,99625300
2023-06-01,177.93011474609375,180.08999633789062,180.1199951171875,176.92999267578125,177.6999969482422,68901800
2023-06-02,178.7798309326172,180.9499969482422,181.77999877929688,179.25999450683594,181.02999877929688,61996900
2023-06-05,177.42626953125,179.5800018310547,184.9499969482422,178.0399932861328,182.6300048828125,121946500
2023-06-06,177.0607147216797,179.2100067138672,180.1199951171875,177.42999267578125,179.97000122070312,64848400
2023-06-07,175.6873779296875,177.82000732421875,181.2100067138672,177.32000732421875,178.44000244140625,61944600
2023-06-08,178.4044189453125,180.57000732421875,180.83999633789062,177.4600067138672,177.89999389648438,50214900
2023-06-09,178.78973388671875,180.9600067138672,182.22999572753906,180.6300048828125,181.5,48900000
2023-06-12,181.58578491210938,183.7899932861328,183.88999938964844,180.97000122070312,181.27000427246094,54274900
2023-06-13,181.1115264892578,183.30999755859375,184.14999389648438,182.44000244140625,182.8000030517578,54929100
2023-06-14,181.7438507080078,183.9499969482422,184.38999938964844,182.02000427246094,183.3699951171875,57462900
2023-06-15,183.7791290283203,186.00999450683594,186.52000427246094,183.77999877929688,183.9600067138672,65433200
2023-06-16,182.70220947265625,184.9199981689453,186.99000549316406,184.27000427246094,186.72999572753906,101256200
2023-06-20,182.7911376953125,185.00999450683594,186.10000610351562,184.41000366210938,184.41000366210938,49799100
2023-06-21,181.75372314453125,183.9600067138672,185.41000366210938,182.58999633789062,184.89999389648438,49515700
2023-06-22,184.7572784423828,187.0,187.0500030517578,183.6699981689453,183.74000549316406,51245300
2023-06-23,184.44110107421875,186.67999267578125,187.55999755859375,185.00999450683594,185.5500030517578,53117000
2023-06-26,183.04803466796875,185.27000427246094,188.0500030517578,185.22999572753906,186.8300018310547,48088700
2023-06-27,185.80459594726562,188.05999755859375,188.38999938964844,185.6699981689453,185.88999938964844,50730800
2023-06-28,186.98031616210938,189.25,189.89999389648438,187.60000610351562,187.92999267578125,51216800
2023-06-29,187.3162078857422,189.58999633789062,190.07000732421875,188.94000244140625,189.0800018310547,46347300
2023-06-30,191.6436767578125,193.97000122070312,194.47999572753906,191.25999450683594,191.6300048828125,85213200
2023-07-03,190.1518096923828,192.4600067138672,193.8800048828125,191.75999450683594,193.77999877929688,31458200
2023-07-05,189.0353546142578,191.3300018310547,192.97999572753906,190.6199951171875,191.57000732421875,46920300
2023-07-06,189.5095977783203,191.80999755859375,192.02000427246094,189.1999969482422,189.83999633789062,45094300
2023-07-07,188.3931427001953,190.67999267578125,192.6699981689453,190.24000549316406,191.41000366210938,46815000
2023-07-10,186.3479766845703,188.61000061035156,189.99000549316406,187.0399932861328,189.25999450683594,59922200
2023-07-11,185.82432556152344,188.0800018310547,189.3000030517578,186.60000610351562,189.16000366210938,46638100
2023-07-12,187.49404907226562,189.77000427246094,191.6999969482422,188.47000122070312,189.67999267578125,60750200
2023-07-13,188.2548065185547,190.5399932861328,191.19000244140625,189.77999877929688,190.5,41342300
2023-07-14,188.4030303955078,190.69000244140625,191.17999267578125,189.6300048828125,190.22999572753906,41616200
2023-07-17,191.66346740722656,193.99000549316406,194.32000732421875,191.80999755859375,191.89999389648438,50520200
2023-07-18,191.40655517578125,193.72999572753906,194.3300018310547,192.4199981689453,193.35000610351562,48288200
2023-07-19,192.7601318359375,195.10000610351562,198.22999572753906,192.64999389648438,193.10000610351562,80507300
2023-07-20,190.81375122070312,193.1300048828125,196.47000122070312,192.5,195.08999633789062,59581200
2023-07-21,189.63804626464844,191.94000244140625,194.97000122070312,191.22999572753906,194.10000610351562,71951700
2023-07-24,190.43832397460938,192.75,194.91000366210938,192.25,193.41000366210938,45377800
2023-07-25,191.29786682128906,193.6199951171875,194.44000244140625,192.9199981689453,193.3300018310547,37283200
2023-07-26,192.1673126220703,194.5,195.63999938964844,193.32000732421875,193.6699981689453,47471900
2023-07-27,190.90269470214844,193.22000122070312,197.1999969482422,192.5500030517578,196.02000427246094,47460200
2023-07-28,193.4813690185547,195.8300018310547,196.6300048828125,194.13999938964844,194.6699981689453,48291400
2023-07-31,194.09393310546875,196.4499969482422,196.49000549316406,195.25999450683594,196.05999755859375,38824100
2023-08-01,193.2640380859375,195.61000061035156,196.72999572753906,195.27999877929688,196.24000549316406,35175100
2023-08-02,190.27035522460938,192.5800018310547,195.17999267578125,191.85000610351562,195.0399932861328,50389300
2023-08-03,188.87725830078125,191.1699981689453,192.3699951171875,190.69000244140625,191.57000732421875,61235200
2023-08-04,179.80735778808594,181.99000549316406,187.3800048828125,181.9199981689453,185.52000427246094,115956800
2023-08-07,176.7050323486328,178.85000610351562,183.1300048828125,177.35000610351562,182.1300048828125,97576100
2023-08-08,177.64361572265625,179.8000030517578,180.27000427246094,177.5800018310547,179.69000244140625,67823000
2023-08-09,176.05294799804688,178.19000244140625,180.92999267578125,177.00999450683594,180.8699951171875,60378500
2023-08-10,175.8355712890625,177.97000122070312,180.75,177.60000610351562,179.47999572753906,54686900
2023-08-11,175.89492797851562,177.7899932861328,178.6199951171875,176.5500030517578,177.32000732421875,52036700
2023-08-14,177.54713439941406,179.4600067138672,179.69000244140625,177.30999755859375,177.97000122070312,43675600
2023-08-15,175.55856323242188,177.4499969482422,179.47999572753906,177.0500030517578,178.8800048828125,43622600
2023-08-16,174.68795776367188,176.57000732421875,178.5399932861328,176.5,177.1300048828125,46964900
2023-08-17,172.1453399658203,174.0,177.50999450683594,173.47999572753906,177.13999938964844,66062900
2023-08-18,172.630126953125,174.49000549316406,175.10000610351562,171.9600067138672,172.3000030517578,61172200
2023-08-21,173.9657440185547,175.83999633789062,176.1300048828125,173.74000549316406,175.07000732421875,46311900
2023-08-22,175.3408966064453,177.22999572753906,177.67999267578125,176.25,177.05999755859375,42038900
2023-08-23,179.18943786621094,181.1199951171875,181.5500030517578,178.3300018310547,178.52000427246094,52722800
2023-08-24,174.50001525878906,176.3800048828125,181.10000610351562,176.00999450683594,180.6699981689453,54945800
2023-08-25,176.70619201660156,178.61000061035156,179.14999389648438,175.82000732421875,177.3800048828125,51449600
2023-08-28,178.26934814453125,180.19000244140625,180.58999633789062,178.5500030517578,180.08999633789062,43820700
2023-08-29,182.15744018554688,184.1199951171875,184.89999389648438,179.5,179.6999969482422,53003900
2023-08-30,185.6498565673828,187.64999389648438,187.85000610351562,184.74000549316406,184.94000244140625,60813900
2023-08-31,185.8674774169922,187.8699951171875,189.1199951171875,187.47999572753906,187.83999633789062,60794500
2023-09-01,187.44052124023438,189.4600067138672,189.9199981689453,188.27999877929688,189.49000549316406,45766500
2023-09-05,187.677978515625,189.6999969482422,189.97999572753906,187.61000061035156,188.27999877929688,45280000
2023-09-06,180.96035766601562,182.91000366210938,188.85000610351562,181.47000122070312,188.39999389648438,81755800
2023-09-07,175.66738891601562,177.55999755859375,178.2100067138672,173.5399932861328,175.17999267578125,112488800
2023-09-08,176.28077697753906,178.17999267578125,180.24000549316406,177.7899932861328,178.35000610351562,65551300
2023-09-11,177.44821166992188,179.36000061035156,180.3000030517578,177.33999633789062,180.07000732421875,58953100
2023-09-12,174.4208221435547,176.3000030517578,180.1300048828125,174.82000732421875,179.49000549316406,90370200
2023-09-13,172.35308837890625,174.2100067138672,177.3000030517578,173.97999572753906,176.50999450683594,84267900
2023-09-14,173.86679077148438,175.74000549316406,176.10000610351562,173.5800018310547,174.0,60895800
2023-09-15,173.14456176757812,175.00999450683594,176.5,173.82000732421875,176.47999572753906,109259500
2023-09-18,176.07302856445312,177.97000122070312,179.3800048828125,176.1699981689453,176.47999572753906,67257600
2023-09-19,177.1613311767578,179.07000732421875,179.6300048828125,177.1300048828125,177.52000427246094,51826900
2023-09-20,173.61949157714844,175.49000549316406,179.6999969482422,175.39999389648438,179.25999450683594,58436200
2023-09-21,172.0760498046875,173.92999267578125,176.3000030517578,173.86000061035156,174.5500030517578,63149100
2023-09-22,172.9269256591797,174.7899932861328,177.0800018310547,174.0500030517578,174.6699981689453,56725400
2023-09-25,174.2031707763672,176.0800018310547,176.97000122070312,174.14999389648438,174.1999969482422,46172700
2023-09-26,170.1270751953125,171.9600067138672,175.1999969482422,171.66000366210938,174.82000732421875,64588900
2023-09-27,168.61337280273438,170.42999267578125,173.0399932861328,169.0500030517578,172.6199951171875,66921800
2023-09-28,168.87063598632812,170.69000244140625,172.02999877929688,167.6199951171875,169.33999633789062,56294400
2023-09-29,169.3850860595703,171.2100067138672,173.07000732421875,170.33999633789062,172.02000427246094,51861100
2023-10-02,171.89801025390625,173.75,174.3000030517578,170.92999267578125,171.22000122070312,52164500
2023-10-03,170.56239318847656,172.39999389648438,173.6300048828125,170.82000732421875,172.25999450683594,49594600
2023-10-04,171.8089599609375,173.66000366210938,174.2100067138672,170.97000122070312,171.08999633789062,53020300
2023-10-05,173.04562377929688,174.91000366210938,175.4499969482422,172.67999267578125,173.7899932861328,48527900
2023-10-06,175.59814453125,177.49000549316406,177.99000549316406,173.17999267578125,173.8000030517578,57266700
2023-10-09,177.08216857910156,178.99000549316406,179.0500030517578,175.8000030517578,176.80999755859375,42390800
2023-10-10,176.48854064941406,178.38999938964844,179.72000122070312,177.9499969482422,178.10000610351562,43698000
2023-10-11,177.88352966308594,179.8000030517578,179.85000610351562,177.60000610351562,178.1999969482422,47551100
2023-10-12,178.7838134765625,180.7100067138672,182.33999633789062,179.0399932861328,180.07000732421875,56743100
2023-10-13,176.9436492919922,178.85000610351562,181.92999267578125,178.13999938964844,181.4199981689453,51427100
2023-10-16,176.81503295898438,178.72000122070312,179.0800018310547,176.50999450683594,176.75,52517000
2023-10-17,175.2617645263672,177.14999389648438,178.4199981689453,174.8000030517578,176.64999389648438,57549400
2023-10-18,173.9657440185547,175.83999633789062,177.5800018310547,175.11000061035156,175.5800018310547,54764400
2023-10-19,173.58978271484375,175.4600067138672,177.83999633789062,175.19000244140625,176.0399932861328,59302900
2023-10-20,171.03729248046875,172.8800048828125,175.4199981689453,172.63999938964844,175.30999755859375,64244000
2023-10-23,171.15597534179688,173.0,174.00999450683594,169.92999267578125,170.91000366210938,55980100
2023-10-24,171.59129333496094,173.44000244140625,173.6699981689453,171.4499969482422,173.0500030517578,43816600
2023-10-25,169.27626037597656,171.10000610351562,173.05999755859375,170.64999389648438,171.8800048828125,57157000
2023-10-26,165.11111450195312,166.88999938964844,171.3800048828125,165.6699981689453,170.3699951171875,70625300
2023-10-27,166.42694091796875,168.22000122070312,168.9600067138672,166.8300018310547,166.91000366210938,58499100
2023-10-30,168.47486877441406,170.2899932861328,171.1699981689453,168.8699951171875,169.02000427246094,51131000
2023-10-31,168.9497833251953,170.77000427246094,170.89999389648438,167.89999389648438,169.35000610351562,44846000
2023-11-01,172.1156463623047,173.97000122070312,174.22999572753906,170.1199951171875,171.0,56934900
2023-11-02,175.6772918701172,177.57000732421875,177.77999877929688,175.4600067138672,175.52000427246094,77334800
2023-11-03,174.76710510253906,176.64999389648438,176.82000732421875,173.35000610351562,174.24000549316406,79829200
2023-11-06,177.319580078125,179.22999572753906,179.42999267578125,176.2100067138672,176.3800048828125,63841300
2023-11-07,179.88197326660156,181.82000732421875,182.44000244140625,178.97000122070312,179.17999267578125,70530000
2023-11-08,180.94058227539062,182.88999938964844,183.4499969482422,181.58999633789062,182.35000610351562,49340300
2023-11-09,180.4656982421875,182.41000366210938,184.1199951171875,181.80999755859375,182.9600067138672,53763500
2023-11-10,184.65611267089844,186.39999389648438,186.57000732421875,183.52999877929688,183.97000122070312,66133400
2023-11-13,183.0710906982422,184.8000030517578,186.02999877929688,184.2100067138672,185.82000732421875,43627500
2023-11-14,185.6864013671875,187.44000244140625,188.11000061035156,186.3000030517578,187.6999969482422,60108400
2023-11-15,186.25106811523438,188.00999450683594,189.5,187.77999877929688,187.85000610351562,53790500
2023-11-16,187.93515014648438,189.7100067138672,190.9600067138672,188.64999389648438,189.57000732421875,54412900
2023-11-17,187.91534423828125,189.69000244140625,190.3800048828125,188.57000732421875,190.25,50922700
2023-11-20,189.6588592529297,191.4499969482422,191.91000366210938,189.8800048828125,189.88999938964844,46505100
2023-11-21,188.8564453125,190.63999938964844,191.52000427246094,189.74000549316406,191.41000366210938,38134500
2023-11-22,189.5201873779297,191.30999755859375,192.92999267578125,190.8300018310547,191.49000549316406,39617700
2023-11-24,188.19273376464844,189.97000122070312,190.89999389648438,189.25,190.8699951171875,24048300
2023-11-27,188.014404296875,189.7899932861328,190.6699981689453,188.89999389648438,189.9199981689453,40552600
2023-11-28,188.61868286132812,190.39999389648438,191.0800018310547,189.39999389648438,189.77999877929688,38415400
2023-11-29,187.5983428955078,189.3699951171875,192.08999633789062,188.97000122070312,190.89999389648438,43014200
2023-11-30,188.17288208007812,189.9499969482422,190.32000732421875,188.19000244140625,189.83999633789062,48794400
2023-12-01,189.45083618164062,191.24000549316406,191.55999755859375,189.22999572753906,190.3300018310547,45704800
2023-12-04,187.65777587890625,189.42999267578125,190.0500030517578,187.4499969482422,189.97999572753906,43389500
2023-12-05,191.61045837402344,193.4199981689453,194.39999389648438,190.17999267578125,190.2100067138672,66628400
2023-12-06,190.520751953125,192.32000732421875,194.75999450683594,192.11000061035156,194.4499969482422,41089700
2023-12-07,192.4525146484375,194.27000427246094,195.0,193.58999633789062,193.6300048828125,47477700
2023-12-08,193.8790283203125,195.7100067138672,195.99000549316406,193.6699981689453,194.1999969482422,53406400
2023-12-11,191.37269592285156,193.17999267578125,193.49000549316406,191.4199981689453,193.11000061035156,60943700
2023-12-12,192.88836669921875,194.7100067138672,194.72000122070312,191.72000122070312,193.0800018310547,52696900
2023-12-13,196.1079559326172,197.9600067138672,198.0,194.85000610351562,195.08999633789062,70404200
2023-12-14,196.25656127929688,198.11000061035156,199.6199951171875,196.16000366210938,198.02000427246094,66831600
2023-12-15,195.7216339111328,197.57000732421875,198.39999389648438,197.0,197.52999877929688,128538400
2023-12-18,194.05735778808594,195.88999938964844,196.6300048828125,194.38999938964844,196.08999633789062,55751900
2023-12-19,195.0975341796875,196.94000244140625,196.9499969482422,195.88999938964844,196.16000366210938,40714100
2023-12-20,193.0072479248047,194.8300018310547,197.67999267578125,194.8300018310547,196.89999389648438,52242800
2023-12-21,192.85865783691406,194.67999267578125,197.0800018310547,193.5,196.10000610351562,46482500
2023-12-22,191.7887725830078,193.60000610351562,195.41000366210938,192.97000122070312,195.17999267578125,37149600
2023-12-26,191.24391174316406,193.0500030517578,193.88999938964844,192.8300018310547,193.61000061035156,28919300
2023-12-27,191.3429718017578,193.14999389648438,193.5,191.08999633789062,192.49000549316406,48087700
2023-12-28,191.76893615722656,193.5800018310547,194.66000366210938,193.1699981689453,194.13999938964844,34049900
2023-12-29,190.72877502441406,192.52999877929688,194.39999389648438,191.72999572753906,193.89999389648438,42672100
2024-01-02,183.90321350097656,185.63999938964844,188.44000244140625,183.88999938964844,187.14999389648438,82488700
2024-01-03,182.52626037597656,184.25,185.8800048828125,183.42999267578125,184.22000122070312,58414500
2024-01-04,180.2081298828125,181.91000366210938,183.08999633789062,180.8800048828125,182.14999389648438,71983600
2024-01-05,179.48495483398438,181.17999267578125,182.75999450683594,180.1699981689453,181.99000549316406,62379700
2024-01-08,183.82395935058594,185.55999755859375,185.60000610351562,181.5,182.08999633789062,59144500
2024-01-09,183.40792846679688,185.13999938964844,185.14999389648438,182.72999572753906,183.9199981689453,42841800
2024-01-10,184.44808959960938,186.19000244140625,186.39999389648438,183.9199981689453,184.35000610351562,46792900
2024-01-11,183.8536834716797,185.58999633789062,187.0500030517578,183.6199951171875,186.5399932861328,49128400
2024-01-12,184.18060302734375,185.9199981689453,186.74000549316406,185.19000244140625,186.05999755859375,40477800
2024-01-16,181.9120330810547,183.6300048828125,184.25999450683594,180.92999267578125,182.16000366210938,65603000
2024-01-17,180.97091674804688,182.67999267578125,182.92999267578125,180.3000030517578,181.27000427246094,47317400
2024-01-18,186.8652801513672,188.6300048828125,189.13999938964844,185.8300018310547,186.08999633789062,78005800
2024-01-19,189.767822265625,191.55999755859375,191.9499969482422,188.82000732421875,189.3300018310547,68903000
2024-01-22,192.07603454589844,193.88999938964844,195.3300018310547,192.25999450683594,192.3000030517578,60133900
2024-01-23,193.3539581298828,195.17999267578125,195.75,193.8300018310547,195.02000427246094,42355600
2024-01-24,192.68032836914062,194.5,196.3800048828125,194.33999633789062,195.4199981689453,53631300
2024-01-25,192.35340881347656,194.1699981689453,196.27000427246094,193.11000061035156,195.22000122070312,54822100
2024-01-26,190.6197967529297,192.4199981689453,194.75999450683594,191.94000244140625,194.27000427246094,44594000
2024-01-29,189.9362335205078,191.72999572753906,192.1999969482422,189.5800018310547,192.00999450683594,47145600
2024-01-30,186.28076171875,188.0399932861328,191.8000030517578,187.47000122070312,190.94000244140625,55859400
2024-01-31,182.67481994628906,184.39999389648438,187.10000610351562,184.35000610351562,187.0399932861328,55467800
2024-02-01,185.11180114746094,186.86000061035156,186.9499969482422,183.82000732421875,183.99000549316406,64885400
2024-02-02,184.11126708984375,185.85000610351562,187.3300018310547,179.25,179.86000061035156,102551700
2024-02-05,185.92416381835938,187.67999267578125,189.25,185.83999633789062,188.14999389648438,69668800
2024-02-06,187.5289764404297,189.3000030517578,189.30999755859375,186.77000427246094,186.86000061035156,43490800
2024-02-07,187.63796997070312,189.41000366210938,191.0500030517578,188.61000061035156,190.63999938964844,53439000
2024-02-08,186.55816650390625,188.32000732421875,189.5399932861328,187.35000610351562,189.38999938964844,40962000
2024-02-09,187.32191467285156,188.85000610351562,189.99000549316406,188.0,188.64999389648438,45155200
2024-02-12,185.6356658935547,187.14999389648438,188.6699981689453,186.7899932861328,188.4199981689453,41781900
2024-02-13,183.54273986816406,185.0399932861328,186.2100067138672,183.50999450683594,185.77000427246094,56529500
2024-02-14,182.6599578857422,184.14999389648438,185.52999877929688,182.44000244140625,185.32000732421875,54630500
2024-02-15,182.372314453125,183.86000061035156,184.49000549316406,181.35000610351562,183.5500030517578,65434500
2024-02-16,180.83485412597656,182.30999755859375,184.85000610351562,181.6699981689453,183.4199981689453,49752500
2024-02-20,180.0908966064453,181.55999755859375,182.42999267578125,180.0,181.7899932861328,53665600
2024-02-21,180.8447723388672,182.32000732421875,182.88999938964844,180.66000366210938,181.94000244140625,41371400
2024-02-22,182.87815856933594,184.3699951171875,184.9600067138672,182.4600067138672,183.47999572753906,52292200
2024-02-23,181.04315185546875,182.52000427246094,185.0399932861328,182.22999572753906,185.00999450683594,45119700
2024-02-26,179.6941375732422,181.16000366210938,182.75999450683594,180.64999389648438,182.24000549316406,40867400
2024-02-27,181.1522674560547,182.6300048828125,183.9199981689453,179.55999755859375,181.10000610351562,54318900
2024-02-28,179.95204162597656,181.4199981689453,183.1199951171875,180.1300048828125,182.50999450683594,48953900
2024-02-29,179.28746032714844,180.75,182.57000732421875,179.52999877929688,181.27000427246094,136682600
2024-03-01,178.20626831054688,179.66000366210938,180.52999877929688,177.3800048828125,179.5500030517578,73563100
2024-03-04,173.68319702148438,175.10000610351562,176.89999389648438,173.7899932861328,176.14999389648438,81510100
2024-03-05,168.7434539794922,170.1199951171875,172.0399932861328,169.6199951171875,170.75999450683594,95132400
2024-03-06,167.75155639648438,169.1199951171875,171.24000549316406,168.67999267578125,171.05999755859375,68587700
2024-03-07,167.63253784179688,169.0,170.72999572753906,168.49000549316406,169.14999389648438,71765100
2024-03-08,169.3485107421875,170.72999572753906,173.6999969482422,168.94000244140625,169.0,76267000
2024-03-11,171.35220336914062,172.75,174.3800048828125,172.0500030517578,172.94000244140625,60139500
2024-03-12,171.8282928466797,173.22999572753906,174.02999877929688,171.00999450683594,173.14999389648438,59825400
2024-03-13,169.7453155517578,171.1300048828125,173.19000244140625,170.75999450683594,172.77000427246094,52488700
2024-03-14,171.6001739501953,173.0,174.30999755859375,172.0500030517578,172.91000366210938,72913500
2024-03-15,171.22325134277344,172.6199951171875,172.6199951171875,170.2899932861328,171.1699981689453,121752700
2024-03-18,172.31431579589844,173.72000122070312,177.7100067138672,173.52000427246094,175.57000732421875,75604200
2024-03-19,174.65524291992188,176.0800018310547,176.61000061035156,173.02999877929688,174.33999633789062,55215200
2024-03-20,177.22430419921875,178.6699981689453,178.6699981689453,175.08999633789062,175.72000122070312,53423100
2024-03-21,169.98336791992188,171.3699951171875,177.49000549316406,170.83999633789062,177.0500030517578,106181300
2024-03-22,170.88600158691406,172.27999877929688,173.0500030517578,170.05999755859375,171.75999450683594,71160100
2024-03-25,169.46759033203125,170.85000610351562,171.94000244140625,169.4499969482422,170.57000732421875,54288300
2024-03-26,168.33680725097656,169.7100067138672,171.4199981689453,169.5800018310547,170.0,57388400
2024-03-27,171.90765380859375,173.30999755859375,173.60000610351562,170.11000061035156,170.41000366210938,60273300
2024-03-28,170.09246826171875,171.47999572753906,172.22999572753906,170.50999450683594,171.75,65672700
2024-04-01,168.6542205810547,170.02999877929688,171.25,169.47999572753906,171.19000244140625,46240500
2024-04-02,167.47384643554688,168.83999633789062,169.33999633789062,168.22999572753906,169.0800018310547,49329500
2024-04-03,168.27728271484375,169.64999389648438,170.67999267578125,168.5800018310547,168.7899932861328,47691700
2024-04-04,167.45399475097656,168.82000732421875,171.9199981689453,168.82000732421875,170.2899932861328,53704400
2024-04-05,168.2078399658203,169.5800018310547,170.38999938964844,168.9499969482422,169.58999633789062,42104800
2024-04-08,167.08697509765625,168.4499969482422,169.1999969482422,168.24000549316406,169.02999877929688,37425500
2024-04-09,168.29710388183594,169.6699981689453,170.0800018310547,168.35000610351562,168.6999969482422,42373800
2024-04-10,166.42242431640625,167.77999877929688,169.08999633789062,167.11000061035156,168.8000030517578,49709300
2024-04-11,173.6236572265625,175.0399932861328,175.4600067138672,168.16000366210938,168.33999633789062,91070300
2024-04-12,175.1214599609375,176.5500030517578,178.36000061035156,174.2100067138672,174.25999450683594,101670900
2024-04-15,171.29266357421875,172.69000244140625,176.6300048828125,172.5,175.36000061035156,73531800
2024-04-16,168.0094757080078,169.3800048828125,173.75999450683594,168.27000427246094,171.75,73711200
2024-04-17,166.640625,168.0,170.64999389648438,168.0,169.61000061035156,50901200
2024-04-18,165.6884002685547,167.0399932861328,168.63999938964844,166.5500030517578,168.02999877929688,43122900
2024-04-19,163.6649169921875,165.0,166.39999389648438,164.0800018310547,166.2100067138672,68149400
2024-04-22,164.4980926513672,165.83999633789062,167.25999450683594,164.77000427246094,165.52000427246094,48116400
2024-04-23,165.5495147705078,166.89999389648438,167.0500030517578,164.9199981689453,165.35000610351562,49537800
2024-04-24,167.6523895263672,169.02000427246094,169.3000030517578,166.2100067138672,166.5399932861328,48251800
2024-04-25,168.51535034179688,169.88999938964844,170.61000061035156,168.14999389648438,169.52999877929688,50558300
2024-04-26,167.93011474609375,169.3000030517578,171.33999633789062,169.17999267578125,169.8800048828125,44838400
2024-04-29,172.0961151123047,173.5,176.02999877929688,173.10000610351562,173.3699951171875,68169400
2024-04-30,168.9517822265625,170.3300018310547,174.99000549316406,170.0,173.3300018310547,65934800
2024-05-01,167.93011474609375,169.3000030517578,172.7100067138672,169.11000061035156,169.5800018310547,50383100
2024-05-02,171.6299285888672,173.02999877929688,173.4199981689453,170.88999938964844,172.50999450683594,94214900
2024-05-03,181.89617919921875,183.3800048828125,187.0,182.66000366210938,186.64999389648438,163224100
2024-05-06,180.23971557617188,181.7100067138672,184.1999969482422,180.4199981689453,182.35000610351562,78569700
2024-05-07,180.92410278320312,182.39999389648438,184.89999389648438,181.32000732421875,183.4499969482422,77305800
2024-05-08,181.2613525390625,182.74000549316406,183.07000732421875,181.4499969482422,182.85000610351562,45057100
2024-05-09,183.07655334472656,184.57000732421875,184.66000366210938,182.11000061035156,182.55999755859375,48983000
2024-05-10,181.81512451171875,183.0500030517578,185.08999633789062,182.1300048828125,184.89999389648438,50759500
2024-05-13,185.02333068847656,186.27999877929688,187.10000610351562,184.6199951171875,185.44000244140625,72044800
2024-05-14,186.1655731201172,187.42999267578125,188.3000030517578,186.2899932861328,187.50999450683594,52393600
2024-05-15,188.44012451171875,189.72000122070312,190.64999389648438,187.3699951171875,187.91000366210938,70400000
2024-05-16,188.55931091308594,189.83999633789062,191.10000610351562,189.66000366210938,190.47000122070312,52845200
2024-05-17,188.589111328125,189.8699951171875,190.80999755859375,189.17999267578125,189.50999450683594,41282900
2024-05-20,189.751220703125,191.0399932861328,191.9199981689453,189.00999450683594,189.3300018310547,44361300
2024-05-21,191.05238342285156,192.35000610351562,192.72999572753906,190.9199981689453,191.08999633789062,42309400
2024-05-22,189.61216735839844,190.89999389648438,192.82000732421875,190.27000427246094,192.27000427246094,34648500
2024-05-23,185.61929321289062,186.8800048828125,191.0,186.6300048828125,190.97999572753906,51005900
2024-05-24,188.69834899902344,189.97999572753906,190.5800018310547,188.0399932861328,188.82000732421875,36327000
2024-05-28,188.70831298828125,189.99000549316406,193.0,189.10000610351562,191.50999450683594,52280100
2024-05-29,189.0062713623047,190.2899932861328,192.25,189.50999450683594,189.61000061035156,53068000
2024-05-30,189.99951171875,191.2899932861328,192.17999267578125,190.6300048828125,190.75999450683594,49889100
2024-05-31,190.9530487060547,192.25,192.57000732421875,189.91000366210938,191.44000244140625,75158300
2024-06-03,192.72103881835938,194.02999877929688,194.99000549316406,192.52000427246094,192.89999389648438,50080500
2024-06-04,193.0388946533203,194.35000610351562,195.32000732421875,193.02999877929688,194.63999938964844,47471400
2024-06-05,194.54861450195312,195.8699951171875,196.89999389648438,194.8699951171875,195.39999389648438,54156800
2024-06-06,193.16799926757812,194.47999572753906,196.5,194.1699981689453,195.69000244140625,41181800
2024-06-07,195.56175231933594,196.88999938964844,196.94000244140625,194.13999938964844,194.64999389648438,53103900
2024-06-10,191.81716918945312,193.1199951171875,197.3000030517578,192.14999389648438,196.89999389648438,97010200
2024-06-11,205.7525177001953,207.14999389648438,207.16000366210938,193.6300048828125,193.64999389648438,172373300
2024-06-12,211.6326141357422,213.07000732421875,220.1999969482422,206.89999389648438,207.3699951171875,198134300
2024-06-13,212.79470825195312,214.24000549316406,216.75,211.60000610351562,214.74000549316406,97862700
2024-06-14,211.05653381347656,212.49000549316406,215.1699981689453,211.3000030517578,213.85000610351562,70122700
2024-06-17,215.20834350585938,216.6699981689453,218.9499969482422,212.72000122070312,213.3699951171875,93728300
2024-06-18,212.8443603515625,214.2899932861328,218.6300048828125,213.0,217.58999633789062,79943300
2024-06-20,208.26547241210938,209.67999267578125,214.24000549316406,208.85000610351562,213.92999267578125,86172500
2024-06-21,206.0902557373047,207.49000549316406,211.88999938964844,207.11000061035156,210.38999938964844,241805100
2024-06-24,206.73587036132812,208.13999938964844,212.6999969482422,206.58999633789062,207.72000122070312,80727000
2024-06-25,207.65960693359375,209.07000732421875,211.3800048828125,208.61000061035156,209.14999389648438,55549700
2024-06-26,211.81138610839844,213.25,214.86000061035156,210.63999938964844,211.5,66213200
2024-06-27,212.65565490722656,214.10000610351562,215.74000549316406,212.35000610351562,214.69000244140625,49772700
2024-06-28,209.19911193847656,210.6199951171875,216.07000732421875,210.3000030517578,215.77000427246094,82542700
2024-07-01,215.2877960205078,216.75,217.50999450683594,211.9199981689453,212.08999633789062,60402900
2024-07-02,218.78402709960938,220.27000427246094,220.3800048828125,215.10000610351562,216.14999389648438,58046200
2024-07-03,220.05538940429688,221.5500030517578,221.5500030517578,219.02999877929688,220.0,37369800
2024-07-05,224.81307983398438,226.33999633789062,226.4499969482422,221.64999389648438,221.64999389648438,60412400
2024-07-08,226.28311157226562,227.82000732421875,227.85000610351562,223.25,227.08999633789062,59085900
2024-07-09,227.13729858398438,228.67999267578125,229.39999389648438,226.3699951171875,227.92999267578125,48076100
2024-07-10,231.40829467773438,232.97999572753906,233.0800018310547,229.25,229.3000030517578,62627700
2024-07-11,226.03480529785156,227.57000732421875,232.38999938964844,225.77000427246094,231.38999938964844,64710600
2024-07-12,228.9847412109375,230.5399932861328,232.63999938964844,228.67999267578125,228.9199981689453,53046500
2024-07-15,232.81869506835938,234.39999389648438,237.22999572753906,233.08999633789062,236.47999572753906,62631300
2024-07-16,233.2358856201172,234.82000732421875,236.27000427246094,232.3300018310547,235.0,43234300
2024-07-17,227.33596801757812,228.8800048828125,231.4600067138672,226.63999938964844,229.4499969482422,57345900
2024-07-18,222.6676483154297,224.17999267578125,230.44000244140625,222.27000427246094,230.27999877929688,66034600
2024-07-19,222.79678344726562,224.30999755859375,226.8000030517578,223.27999877929688,224.82000732421875,49151500
2024-07-22,222.4491729736328,223.9600067138672,227.77999877929688,223.08999633789062,227.00999450683594,48201800
2024-07-23,223.49205017089844,225.00999450683594,226.94000244140625,222.67999267578125,224.3699951171875,39960300
2024-07-24,217.06568908691406,218.5399932861328,224.8000030517578,217.1300048828125,224.0,61777600
2024-07-25,216.02281188964844,217.49000549316406,220.85000610351562,214.6199951171875,218.92999267578125,51391200
2024-07-26,216.4896240234375,217.9600067138672,219.49000549316406,216.00999450683594,218.6999969482422,41601300
2024-07-29,216.76773071289062,218.24000549316406,219.3000030517578,215.75,216.9600067138672,36311800
2024-07-30,217.32395935058594,218.8000030517578,220.3300018310547,216.1199951171875,219.19000244140625,41643800
2024-07-31,220.5818328857422,222.0800018310547,223.82000732421875,220.6300048828125,221.44000244140625,50036300
2024-08-01,216.88693237304688,218.36000061035156,224.47999572753906,217.02000427246094,224.3699951171875,62501000
2024-08-02,218.37680053710938,219.86000061035156,225.60000610351562,217.7100067138672,219.14999389648438,105568600
2024-08-05,207.85826110839844,209.27000427246094,213.5,196.0,199.08999633789062,119548600
2024-08-06,205.83200073242188,207.22999572753906,209.99000549316406,201.07000732421875,205.3000030517578,69660500
2024-08-07,208.40455627441406,209.82000732421875,213.63999938964844,206.38999938964844,206.89999389648438,63516400
2024-08-08,211.87098693847656,213.30999755859375,214.1999969482422,208.8300018310547,213.11000061035156,47161100
2024-08-09,214.78123474121094,216.24000549316406,216.77999877929688,211.97000122070312,212.10000610351562,42201600
2024-08-12,216.31260681152344,217.52999877929688,219.50999450683594,215.60000610351562,216.07000732421875,38028100
2024-08-13,220.03167724609375,221.27000427246094,221.88999938964844,219.00999450683594,219.00999450683594,44155300
2024-08-14,220.47915649414062,221.72000122070312,223.02999877929688,219.6999969482422,220.57000732421875,41960600
2024-08-15,223.4623565673828,224.72000122070312,225.35000610351562,222.75999450683594,224.60000610351562,46414000
2024-08-16,224.78494262695312,226.0500030517578,226.8300018310547,223.64999389648438,223.9199981689453,44340200
2024-08-19,224.62582397460938,225.88999938964844,225.99000549316406,223.0399932861328,225.72000122070312,40687800
2024-08-20,225.2423553466797,226.50999450683594,227.1699981689453,225.4499969482422,225.77000427246094,30299000
2024-08-21,225.1329803466797,226.39999389648438,227.97999572753906,225.0500030517578,226.52000427246094,34765500
2024-08-22,223.2734375,224.52999877929688,228.33999633789062,223.89999389648438,227.7899932861328,43695300
2024-08-23,225.57049560546875,226.83999633789062,228.22000122070312,224.3300018310547,225.66000366210938,38677300
2024-08-26,225.90859985351562,227.17999267578125,227.27999877929688,223.88999938964844,226.75999450683594,30602200
2024-08-27,226.7538604736328,228.02999877929688,228.85000610351562,224.88999938964844,226.0,35934600
2024-08-28,225.2224578857422,226.49000549316406,229.86000061035156,225.67999267578125,227.9199981689453,38052200
2024-08-29,228.5039825439453,229.7899932861328,232.9199981689453,228.8800048828125,230.10000610351562,51906300
2024-08-30,227.7184295654297,229.0,230.39999389648438,227.47999572753906,230.19000244140625,52990800
