Price,Close,High,Low,Open,Volume
Ticker,AAPL,AAPL,AAPL,AAPL,AAPL
Date,,,,,
2018-01-02,40.34187316894531,40.35124284093174,39.639297856242436,39.850072594143,102223600
2018-01-03,40.334861755371094,40.87818856844172,40.27163252810483,40.40512002581769,118071600
2018-01-04,40.522216796875,40.625261785880404,40.299735247059225,40.407461500303675,89738400
2018-01-05,40.983585357666016,41.07023522319272,40.52691183552046,40.618246539949574,94640000
2018-01-08,40.831356048583984,41.126436533395285,40.73299231349569,40.831356048583984,82271200
2018-01-09,40.82666778564453,40.997626844556606,40.61121170113573,40.87819028123188,86336000
2018-01-10,40.81730270385742,40.81964690977428,40.51519673980712,40.55266829963054,95839600
2018-01-11,41.04916000366211,41.098341879856854,40.86414995670794,40.88756700493174,74670800
2018-01-12,41.47303009033203,41.53626288466178,41.1357932852183,41.25991466856103,101672400
2018-01-16,41.262264251708984,42.01167748658843,41.25055394405002,41.66273032986267,118263600
2018-01-17,41.94376754760742,41.97889490055717,40.99997454785581,41.252898636063065,137547200
2018-01-18,41.98122024536133,42.17794407069606,41.744687816836304,42.006981485971636,124773600
2018-01-19,41.793880462646484,42.056174199536976,41.54797829756957,41.82900781187855,129700400
2018-01-22,41.45195770263672,41.63462706087131,41.35828239145941,41.52221597276173,108434400
2018-01-23,41.46131134033203,42.0233737588818,41.40979243611088,41.522203490427636,130756400
2018-01-24,40.8009033203125,41.52221462816889,40.56202663901651,41.510504321279925,204420400
2018-01-25,40.072574615478516,40.9718706193614,39.93674288986839,40.86882561555477,166116000
2018-01-26,40.16624069213867,40.28099597876492,39.82666324306097,40.28099597876492,156572000
2018-01-29,39.33487319946289,39.85009466611676,39.12644255085581,39.85009466611676,202561600
2018-01-30,39.10300827026367,39.196683568388686,38.571391841021125,38.76577147943991,184192800
2018-01-31,39.21074295043945,39.44727902539494,38.99294622732507,39.07959607542636,129915600
2018-02-01,39.29270935058594,39.48942965217391,39.05383265666675,39.149852175352834,188923200
2018-02-02,37.58780288696289,39.06321268694256,37.49412754903739,38.87585843760648,346375200
2018-02-05,36.648677825927734,38.379355167982396,36.53392255197071,37.25991859617889,290954000
2018-02-06,38.1802978515625,38.34189080334102,36.06554568586119,36.25992535441477,272975200
2018-02-07,37.36296463012695,38.26694527664845,37.25289775278819,38.19434637791094,206434400
2018-02-08,36.334861755371094,37.70488541893073,36.30675987869789,37.53860764381872,217562000
2018-02-09,36.779300689697266,37.12731684344801,35.32844580447681,36.934498391741066,282690400
2018-02-12,38.260711669921875,38.53818298500872,37.03794626199481,37.270742729099624,243278000
2018-02-13,38.64400100708008,38.740411998223614,38.01145592145759,38.08200063663708,130196800
2018-02-14,39.35649871826172,39.39647322333067,38.300692420481404,38.33831316239398,162579600
2018-02-15,40.678035736083984,40.70154825718873,39.73979895428035,39.92556329964218,204588800
2018-02-16,40.54634475708008,41.10834882844967,40.3911506581798,40.52988635346286,160704400
2018-02-20,40.40996551513672,40.976666386892234,40.308850559128196,40.4569941418144,135722000
2018-02-21,40.2265510559082,40.94374568045291,40.212439238762585,40.640407990824755,149886400
2018-02-22,40.562801361083984,40.903763321580946,40.37703706692749,40.39819940650478,123967600
2018-02-23,41.268245697021484,41.303516266669185,40.807356587986256,40.83792680705018,135249600
2018-02-26,42.08420181274414,42.18296298826137,41.43519826446505,41.46811865630413,152648800
2018-02-27,41.94782638549805,42.43928220604922,41.893743640494264,42.114782147972065,155712400
2018-02-28,41.88433837890625,42.47220525976022,41.86787997203078,42.152405533053475,151128400
2018-03-01,41.15067672729492,42.27467778171612,40.600434253902975,41.983094552063186,195208000
2018-03-02,41.43519592285156,41.4563582618264,40.55104215533317,40.63334492430652,153816000
2018-03-05,41.578643798828125,41.79497834569878,41.03780563762442,41.20005744479094,113605600
2018-03-06,41.54336166381836,41.9148938321395,41.416384041050755,41.83494482565421,95154000
2018-03-07,41.1577262878418,41.35054830257984,40.97901608895721,41.13656394614241,126814000
2018-03-08,41.60685729980469,41.64918198316011,41.16713412291643,41.26354154213285,95096400
2018-03-09,42.32170104980469,42.32640498834735,41.71267197249416,41.84670731055642,128740800
2018-03-12,42.73085021972656,42.88839804722147,42.37578006415326,42.39458863897228,128828400
2018-03-13,42.3193473815918,43.149414857195474,42.14769131351788,42.93543052183893,126774000
2018-03-14,41.95957565307617,42.44868119552501,41.811432091203834,42.401652575454754,117473600
2018-03-15,42.00895690917969,42.38284289256637,41.87257497940292,41.973686339074305,90975200
2018-03-16,41.86081314086914,42.119472337041785,41.766752315671596,42.008953109968175,157618800
2018-03-19,41.221214294433594,41.731482166558,40.835573877396754,41.696211599289306,133787200
2018-03-20,41.20711135864258,41.57393965755342,41.13656662699339,41.20711135864258,78597600
2018-03-21,40.2735710144043,41.17182942442222,40.271217251359516,41.16007137335858,148219600
2018-03-22,39.70451736450195,40.60512596898789,39.64573069596585,39.974934604546604,165963200
2018-03-23,38.78509521484375,39.95612471407473,38.78509521484375,39.596350569202244,164115200
2018-03-26,40.62628936767578,40.70388819587947,39.137810582430205,39.52110078560363,150164800
2018-03-27,39.584590911865234,41.18593921489509,39.2506830596845,40.8402733112041,163690400
2018-03-28,39.14722442626953,39.979645813435894,38.84388674020141,39.328288402944224,166674000
2018-03-29,39.45290756225586,40.386440118710794,39.24597734680386,39.45996167523232,153594000
2018-04-02,39.194252014160156,39.7256858766554,38.67457979286387,39.184847724476676,150347200
2018-04-03,39.59634780883789,39.6810007539685,38.77098428485459,39.41998780548692,121112000
2018-04-04,40.3535270690918,40.447584317922555,38.74512443292918,38.77099071456574,138422000
2018-04-05,40.63334655761719,40.969604583911725,40.464040662906214,40.581614001563636,107732800
2018-04-06,39.59400177001953,40.55810106955422,39.55167349900567,40.20303085074771,140021200
2018-04-09,39.98671340942383,40.70155809109176,39.939684767797246,39.94673888463847,116070800
2018-04-10,40.739166259765625,40.91552628686418,40.33471364390863,40.68037958406611,113634400
2018-04-11,40.54869079589844,40.89670684951467,40.374680975063676,40.499308418346246,89726400
2018-04-12,40.94845199584961,41.15067833002218,40.689789153982,40.77679588518532,91557200
2018-04-13,41.0871696472168,41.34818254998791,40.88024305273315,41.09892769632506,100497200
2018-04-16,41.34349822998047,41.43050136861836,41.11070168436992,41.15773031098353,86313600
2018-04-17,41.912559509277344,42.077161522547804,41.482240510835055,41.50105268207379,106421600
2018-04-18,41.818485260009766,42.04893159283888,41.59274645355115,41.81143114656128,83018000
2018-04-19,40.63334655761719,41.24237559072981,40.60042616631525,40.85908535852946,139235200
2018-04-20,38.96849822998047,40.261804642520595,38.900303700737034,40.11601488601111,261964400
2018-04-23,38.85564041137695,39.25068512896264,38.58521956459875,39.22952278796063,146062000
2018-04-24,38.3148078918457,39.1119551449554,37.91035523836867,38.95675744554006,134768000
2018-04-25,38.48175048828125,38.897961092108815,38.190170918548375,38.23954970914032,113528400
2018-04-26,38.61578369140625,38.97085384618492,38.415907600882896,38.59226759085532,111852000
2018-04-27,38.169010162353516,38.64165368931231,37.77161170591066,38.56405485568262,142623200
2018-04-30,38.860347747802734,39.330641213124075,38.05614635266977,38.12434091445183,169709600
2018-05-01,39.7633056640625,39.786818179609284,38.86269343458145,39.130760510579584,214277600
2018-05-02,41.519859313964844,41.79733072959426,40.86850187543636,41.20475997282328,266157600
2018-05-03,41.595096588134766,41.73853620820341,41.01898793273085,41.357599730142326,136272800
2018-05-04,43.22700881958008,43.32576998137287,41.896077928083315,41.91489009052762,224805200
2018-05-07,43.53976821899414,44.12998520374865,43.4433572011495,43.544468570068815,169805600
2018-05-08,43.74904251098633,43.7890170178285,43.18939223908844,43.49978759299765,113611200
2018-05-09,44.057090759277344,44.066495049580375,43.553876908789505,43.86662248516598,92844800
2018-05-10,44.687278747558594,44.76487759165738,44.1252782597407,44.14644419035238,111957200
2018-05-11,44.517311096191406,44.8643098921221,44.24821035668282,44.72976132331238,104848800
2018-05-14,44.4134521484375,44.739207039830816,44.3449982374365,44.61645824567123,83115200
2018-05-15,44.00980758666992,44.1585224188313,43.69349681524123,44.090064898484975,94780800
2018-05-16,44.420528411865234,44.48662667958038,43.905933713378666,43.92245918077974,76732400
2018-05-17,44.13963317871094,44.592855342417124,43.99091836181578,44.378045851766245,69176000
2018-05-18,43.9791145324707,44.33319468202338,43.93662664343136,44.186842706146265,73190800
2018-05-21,44.290706634521484,44.67783411923844,44.12074787519311,44.378045251827345,73603200
2018-05-22,44.17974853515625,44.585760609979744,44.090047104101046,44.46773392780753,60962800
2018-05-23,44.46303176879883,44.496079110534765,43.849291305828515,43.98856559061362,80233600
2018-05-24,44.4134521484375,44.57632959413416,43.95551151224936,44.55980772674339,92936000
2018-05-25,44.514957427978516,44.76753273171379,44.29542585934396,44.43233728455796,69844000
2018-05-29,44.354434967041016,44.55508180932214,44.111300239226054,44.28362182448461,90056400
2018-05-30,44.260013580322266,44.37804028320312,44.090054840022695,44.311945617740975,74762000
2018-05-31,44.111297607421875,44.43233037478441,43.938979634333535,44.193917737993985,109931200
2018-06-01,44.90680694580078,44.91152542115865,44.31903259368366,44.37568671498433,93770000
2018-06-04,45.282127380371094,45.657451448657845,45.16882274882759,45.23727665487343,105064800
2018-06-05,45.63148498535156,45.78019978910631,45.40723496193152,45.57483447107491,86264000
2018-06-06,45.789634704589844,45.81324148389219,45.303365306827594,45.70701818080927,83734400
2018-06-07,45.66690444946289,45.84158170653918,45.402522122123386,45.82741907508867,85388800
2018-06-08,45.251434326171875,45.3222510638369,44.7958530105306,45.12632631711552,106627200
2018-06-11,45.14051055908203,45.31519144871372,44.8997385783756,45.168839428846205,73234000
2018-06-12,45.38835144042969,45.46624950148121,45.12160992245534,45.178264040098995,67644400
2018-06-13,45.01538848876953,45.52998684038837,44.95401589350231,45.421400677496116,86553600
2018-06-14,45.03899002075195,45.22075214962308,44.902078614761024,45.2160300730333,86440400
2018-06-15,44.576332092285156,44.8879243714088,44.439420660720806,44.85723627067669,246876800
2018-06-18,44.55272674560547,44.666031386199435,44.18920243761086,44.34972064685109,73939600
2018-06-19,43.832763671875,43.98383772878582,43.304002671742296,43.70293356002438,134314000
2018-06-20,44.023963928222656,44.18920060596678,43.8422017817594,43.98855735509514,82514800
2018-06-21,43.778465270996094,44.46065945482421,43.65571649412463,44.20099927334401,102847600
2018-06-22,43.65100860595703,43.94135337461232,43.599076552780936,43.93427205844196,108801600
2018-06-25,43.001853942871094,43.651000890949916,42.66193641921112,43.29219866020999,126652400
2018-06-26,43.53533172607422,44.0310453625436,43.08919089400755,43.19541781745774,98276800
2018-06-27,43.47159957885742,44.20808511168363,43.440911481026525,43.72417487042973,101141200
2018-06-28,43.78791427612305,43.95551380777959,43.3866241379058,43.45744089215349,69460800
2018-06-29,43.69585037231445,44.186841936704425,43.176533549058156,43.97439168953857,90950800
2018-07-02,44.184486389160156,44.21281525459119,43.296926646605975,43.39135019489264,70925200
2018-07-03,43.414939880371094,44.36623477197079,43.32523843786457,44.328465364400785,55819200
2018-07-05,43.764305114746094,44.00272138770652,43.49992642192377,43.7312577781433,66416800
2018-07-06,44.37096405029297,44.47954661231971,43.71709503292668,43.769027076292346,69940800
2018-07-09,44.987056732177734,45.010659910691714,44.68490867284257,44.7321186317595,79026400
2018-07-10,44.93277359008789,45.1523015596252,44.892641335763145,45.01775297227096,63756400
2018-07-11,44.349708557128906,44.7982085218908,44.28597313834237,44.496060494746004,75326000
2018-07-12,45.093284606933594,45.18298605928237,44.6872724357298,44.73920447636443,72164400
2018-07-13,45.164100646972656,45.28448659280294,45.06259580481476,45.105087292800874,50055600
2018-07-16,45.06496047973633,45.475691136292276,44.94929300416823,45.20895321385602,60172400
2018-07-17,45.19242477416992,45.29156677447239,44.6613045999065,44.7911346962154,62138000
2018-07-18,44.94457244873047,45.27504941787513,44.833627046461345,45.27032734066018,65573600
2018-07-19,45.2939338684082,45.452089236262694,44.77697627392988,44.77697627392988,81147200
2018-07-20,45.19005584716797,45.42374636852727,44.89026707122383,45.27031312517241,82704800
2018-07-23,45.230194091796875,45.312814226157805,44.746283880302556,45.01066254723482,63957600
2018-07-24,45.558319091796875,45.714115244336426,45.334069018717855,45.42848896468058,74791600
2018-07-25,45.98793411254883,45.99501542778287,45.42376291837853,45.57247774207294,66839600
2018-07-26,45.843936920166016,46.25703041090715,45.70230342544187,45.93835684872252,76304000
2018-07-27,45.081478118896484,46.0752645352622,44.8737535725159,46.02805457480702,96096000
2018-07-30,44.82890319824219,45.36946391315494,44.63061920165413,45.298647170976594,84118000
2018-07-31,44.918601989746094,45.35530224080693,44.69435196969696,44.92096482906494,157492000
2018-08-01,47.56477355957031,47.62614616425708,46.575708957389,47.00532799586654,271742800
2018-08-02,48.955116271972656,49.18881044319775,47.293301860039435,47.34759313549567,249616000
2018-08-03,49.09675216674805,49.27379223190768,48.50425577680465,48.87013929851241,133789600
2018-08-06,49.35169982910156,49.39418772404298,48.87959289745002,49.09912089176076,101701600
2018-08-07,48.889015197753906,49.45318262636095,48.80639507480642,49.41069474728306,102349600
2018-08-08,48.92207717895508,49.05426653375146,48.27765227337783,48.638813761264295,90102000
2018-08-09,49.30683517456055,49.51928179307227,48.9102635909459,49.46026844327579,93970400
2018-08-10,49.159976959228516,49.53188234321348,48.95625889225755,49.11970757110333,98444800
2018-08-13,49.47738265991211,49.97009606506477,49.20023204723638,49.58161098218759,103563600
2018-08-14,49.685855865478516,49.87772915247579,49.3329014045864,49.78297807220025,82992000
2018-08-15,49.801918029785156,49.92035866127431,49.34947395001151,49.560298129481346,115230400
2018-08-16,50.531517028808594,50.64758654419464,50.093285209412876,50.15961167949677,114001600
2018-08-17,51.54063034057617,51.628275259237334,50.49361549631433,50.55994196684519,141708000
2018-08-20,51.038448333740234,51.91964347624076,50.955538429933824,51.66381484377017,121150800
2018-08-21,50.93894958496094,51.44824651291401,50.699700789987496,51.35586295698155,104639200
2018-08-22,50.941322326660156,51.25163623938956,50.65469437430576,50.71628582322843,76072400
2018-08-23,51.04554748535156,51.41508169772484,50.83472329421443,50.84656446640167,75532800
2018-08-24,51.20426940917969,51.3795592809375,50.95554328856623,51.308497773209886,73905600
2018-08-27,51.62591552734375,51.81542130649859,51.2445364570589,51.43877726016409,82100400
2018-08-28,52.042823791503906,52.24180322712333,51.85805665635416,51.87937510705867,91107200
2018-08-29,52.819793701171875,52.940605483044955,51.97412930067011,52.149419157471115,109019200
2018-08-30,53.305389404296875,54.07051485852376,52.6823905367058,52.88374105259132,195175200
2018-08-31,53.921302795410156,54.21503335577942,53.53518503870502,53.655993225838586,173360400
2018-09-04,54.094215393066406,54.28845618519026,53.68441174415916,54.10606018131684,109560400
2018-09-05,53.74126434326172,54.40453276749177,53.321987005951094,54.24345520356903,133332000
2018-09-06,52.84822463989258,53.8549702632671,52.42183753532365,53.58966072346746,137160000
2018-09-07,52.42182159423828,53.38592640671774,52.28206252356659,52.552107005254705,150479200
2018-09-10,51.71830368041992,52.55212701387265,51.2777042410155,52.338931637986526,158066000
2018-09-11,53.02588653564453,53.13248240997228,51.2990196363506,51.642496837860996,142996000
2018-09-12,52.367340087890625,53.298281672805516,52.07597354562412,53.28406937601614,197114800
2018-09-13,53.63229751586914,54.09184782917725,52.722674165652904,52.947710684106966,166825600
2018-09-14,53.02350997924805,53.734153888023066,52.710828538938394,53.47595413532005,127997200
2018-09-17,51.61170196533203,52.81268835042182,51.46720421889096,52.6231825758975,148780400
2018-09-18,51.69697952270508,52.552121215029416,51.43166999184598,51.59038003926348,126286800
2018-09-19,51.7277717590332,52.023873403694104,51.000547999297495,51.75856748672499,108495200
2018-09-20,52.12098693847656,52.653969810185814,51.91253025867231,52.170733596892184,106435200
2018-09-21,51.55957794189453,52.436037915375984,51.471929414381464,52.29864634544323,384986800
2018-09-24,52.301025390625,52.412359900906736,51.31560184008936,51.360609869503946,110773600
2018-09-25,52.63265609741211,52.78189247156223,52.04282036510038,52.05466515288594,98217600
2018-09-26,52.2133674621582,53.002182500262194,52.05702496137625,52.35075902819193,95938800
2018-09-27,53.286441802978516,53.63939620206603,52.95243833953208,53.018768421536556,120724800
2018-09-28,53.47358322143555,53.497269181508,53.06614711716459,53.24854310635677,91717600
2018-10-01,53.833641052246094,54.34530550981975,53.618081823828625,53.99708972184782,94403200
2018-10-02,54.3121452331543,54.48270006163944,53.68441122173111,53.83127647394593,99152800
2018-10-03,54.97304153442383,55.30467388755188,54.430581367745326,54.49454032674915,114619200
2018-10-04,54.00656509399414,55.03936763401543,53.708092363669415,54.66746228417319,128168000
2018-10-05,53.130104064941406,54.10605745821215,52.25127648462719,53.99946159836693,134322000
2018-10-08,53.00692367553711,53.250911098505604,52.161255792698086,52.637389466556535,118655600
2018-10-09,53.74126434326172,53.8360190407358,52.64687379272152,52.976138685584424,107564000
2018-10-10,51.25164031982422,53.61808590534996,51.17820769212848,53.407261684262664,167962400
2018-10-11,50.7991943359375,51.99544563029046,50.294639622092426,50.81577776199736,212497600
2018-10-12,52.61369323730469,52.796092807208545,51.3653280696463,52.21336335671352,161351600
2018-10-15,51.488525390625,52.54738521166853,51.46720693867647,52.38867515629245,123164000
2018-10-16,52.6231803894043,52.8221634323742,51.3463903017466,51.860422299164966,116736000
2018-10-17,52.395774841308594,52.7392520002313,51.95754299454812,52.65871322646053,91541600
2018-10-18,51.17109680175781,52.05229548152065,50.45571430054784,51.60695750381726,130325200
2018-10-19,51.950435638427734,52.41235343553008,51.5050976522359,51.654334023038835,132314800
2018-10-22,52.26785659790039,52.909806501448585,51.86279160524243,52.06413853844261,115168400
2018-10-23,52.76057052612305,52.88374981323003,50.858413991095595,51.12609101465835,155071200
2018-10-24,50.950801849365234,53.115896952503974,50.82051640148863,52.72978286182504,163702000
2018-10-25,52.066505432128906,52.44077828370849,51.344016814032926,51.57142443044991,119423200
2018-10-26,51.23741912841797,52.15888711882301,50.37753896663008,51.14266445225162,189033600
2018-10-29,50.275691986083984,52.04045707359315,48.81886971884143,51.92201641517613,183742000
2018-10-30,50.52677917480469,50.97211353591535,49.57214787858827,50.01748223969893,146640000
2018-10-31,51.84385299682617,52.2204934801361,51.31323746554673,51.37482893054357,153435600
2018-11-01,52.639766693115234,52.672929933002685,51.35823789724641,51.88885334996772,233292800
2018-11-02,49.14812088012695,50.609677763112934,48.66251359331781,49.63846680401569,365314800
2018-11-05,47.75290298461914,48.41617138342954,46.94276932850515,48.3948529327607,264654800
2018-11-06,48.269309997558594,48.49434653988562,47.77659639362491,47.83107808787786,127531600
2018-11-07,49.733238220214844,49.759295313039345,48.35459065633262,48.79045146855829,133697600
2018-11-08,49.559715270996094,49.947176633809136,49.146102270184855,49.9138976769945,101450400
2018-11-09,48.60411834716797,48.97018679479443,48.076406695494214,48.86084322856062,137463200
2018-11-12,46.155723571777344,47.50590577595815,46.06539344615331,47.30385269299909,204542000
2018-11-13,45.694576263427734,46.871229325293164,45.50916444166148,45.55195373821801,187531600
2018-11-14,44.40382385253906,46.22941826577733,44.19701557173812,46.09154728762127,243204000
2018-11-15,45.49964904785156,45.632764830183646,44.42758459138479,44.78177050498005,185915200
2018-11-16,46.003597259521484,46.34589712406459,45.036128252088695,45.283342805851085,147713200
2018-11-19,44.18037796020508,45.33088300072915,43.97357330630078,45.16448824315479,167701200
2018-11-20,42.06953430175781,43.13684385464393,41.720103471884805,42.39994806836374,271300800
2018-11-21,42.02198028564453,42.85158172835993,41.96730851284689,42.72321749832553,124496800
2018-11-23,40.95467758178711,41.97920130450926,40.90951614402539,41.58460546368542,94496000
2018-11-26,41.508541107177734,41.58698512821086,40.47213479849216,41.41821459606718,179994000
2018-11-27,41.418216705322266,41.54420157448215,40.619518191650464,40.76927166930937,165549600
2018-11-28,43.01085662841797,43.09405219512892,41.582230205975,42.01010503821361,184250000
2018-11-29,42.68043518066406,43.452985511934024,42.24067431047254,43.41970656582618,167080000
2018-11-30,42.44987106323242,42.86585982792588,42.08142314621995,42.85634948210918,158126000
2018-12-03,43.93315887451172,43.96168265082732,43.07503354139538,43.8475839184316,163210000
2018-12-04,42.0005989074707,43.355532872545034,41.90076204974247,43.01323300197177,165377200
2018-12-06,41.532310485839844,41.54657237465909,40.510166137236766,40.828693744644816,172393600
2018-12-07,40.051395416259766,41.47764246156186,40.00623034615046,41.23993462067818,169126400
2018-12-10,40.31523895263672,40.431713437733315,38.824810229868675,39.221781767655074,248104000
2018-12-11,40.08467483520508,40.835828864514035,39.69720988937446,40.804929311290685,189126800
2018-12-12,40.196388244628906,40.866722318061136,40.177371186407235,40.505405466115356,142510800
2018-12-13,40.63615417480469,41.02124333876003,40.30336465250625,40.526810600535384,127594400
2018-12-14,39.33588790893555,40.19163748722616,39.28834707172682,40.172620426916,162814800
2018-12-17,38.969818115234375,40.018110405344245,38.68219007536979,39.3287555948616,177151600
2018-12-18,39.47614288330078,39.82319429985514,39.0767918244386,39.3121238927217,135366000
2018-12-19,38.24481964111328,39.80418271169766,37.81694474317627,39.45950702038024,196189200
2018-12-20,37.27971267700195,38.53480950241136,36.916020052998824,38.128327590631585,259092000
2018-12-21,35.82969665527344,37.59586754353606,35.56822024442438,37.286846669684195,382978400
2018-12-24,34.90264892578125,36.02463042466466,34.84559772804441,35.21642144549776,148676800
2018-12-26,37.360530853271484,37.37479273954162,34.8764853105482,35.252064033237325,234330000
2018-12-27,37.11806869506836,37.26544998630561,35.672808572906234,37.04437986301618,212468400
2018-12-28,37.1370964050293,37.68144941294603,36.73774895789092,37.43898639024977,169165600
2018-12-31,37.496036529541016,37.88112207522634,37.196522325444576,37.68382412991746,140014000
2019-01-02,37.538818359375,37.759888517261295,36.66167592649953,36.81856395762742,148158800
2019-01-03,33.79967498779297,34.63878328935381,33.754509922344255,34.225170383128884,365248800
2019-01-04,35.242557525634766,35.31149481961843,34.18238275669409,34.35590843708306,234428400
2019-01-07,35.16410827636719,35.378047443221064,34.68156179890917,35.34714427278899,219111200
2019-01-08,35.834449768066406,36.088798847410885,35.304362405668385,35.55157691426575,164101200
2019-01-09,36.4429931640625,36.732997057182644,35.56822993881334,35.9628222484995,180396400
2019-01-10,36.55945587158203,36.59986575735891,35.86059444514393,36.25043504413987,143122800
2019-01-11,36.20051956176758,36.535688433017384,36.01510776642368,36.34076992153444,108092800
2019-01-14,35.65616989135742,35.95805981203487,35.470758098093015,35.85822297159505,129756800
2019-01-15,36.38593292236328,36.461997528565014,35.668054385581975,35.72035038921636,114843600
2019-01-16,36.83045196533203,37.053897907115854,36.369298192226466,36.388315253988246,122278800
2019-01-17,37.04913330078125,37.47700801363403,36.431091645868044,36.65453753075409,119284800
2019-01-18,37.27734375,37.52931347019117,37.07766641559792,37.43898333384579,135004000
2019-01-22,36.44060516357422,37.25594114742215,36.27896197923972,37.179876540248834,121576000
2019-01-23,36.587989807128906,36.87799365821248,36.0602781192315,36.64266159399864,92522400
2019-01-24,36.2979850769043,36.72110472601421,36.06978759028488,36.63315398920607,101766000
2019-01-25,37.500770568847656,37.58872489631177,36.68305901593863,36.95879722898449,134142000
2019-01-28,37.15373992919922,37.16087087496011,36.526191312301485,37.03250659699571,104768400
2019-01-29,36.76865005493164,37.58874507388774,36.63315846080026,37.14185313626924,166348800
2019-01-30,39.28121566772461,39.495151246226506,38.087921443945866,38.805800046935204,244439200
2019-01-31,39.564090728759766,40.17262217665651,39.117198859839675,39.485646711738674,162958400
2019-02-01,39.58311462402344,40.167873939673896,39.44286422730436,39.687706664776314,130672400
2019-02-04,40.70747375488281,40.80493485453083,39.763773197226605,39.79467638178191,125982000
2019-02-05,41.40393829345703,41.617877466125684,40.968936259342954,41.090165918195574,144406400
2019-02-06,41.418216705322266,41.7343685781438,41.08780294197454,41.51567416629587,112958400
2019-02-07,40.633766174316406,41.34688947361397,40.49114006360383,40.98081748211359,126966800
2019-02-08,40.681514739990234,40.74119655717488,40.20644616383237,40.3425224555041,95280000
2019-02-11,40.44757080078125,40.87250881024949,40.404601628781016,40.83431156223369,83973600
2019-02-12,40.79611587524414,40.82237602892357,40.51202975162763,40.60752287532111,89134000
2019-02-13,40.626609802246094,41.17568331587446,40.5645420161693,40.91547143544663,89960800
2019-02-14,40.774627685546875,40.88444021472851,40.4356353224416,40.514415776518796,87342800
2019-02-15,40.68390655517578,40.98947721171357,40.5239596992294,40.88205065386177,98507200
2019-02-19,40.8056526184082,40.927405863712345,40.46188839172686,40.51440868525233,75891200
2019-02-20,41.06825637817383,41.376216629460316,40.81998159348772,40.867726324078575,104457600
2019-02-21,40.83668899536133,41.149421157459315,40.65525756921384,41.01334849852102,68998800
2019-02-22,41.29265594482422,41.29981747146773,40.913080461961876,40.96082518714831,75652800
2019-02-25,41.593467712402344,41.98498044462082,41.52662434173264,41.57675869108017,87493600
2019-02-26,41.617332458496094,41.8488982409956,41.340407904190954,41.46932269171113,68280800
2019-02-27,41.746246337890625,41.77728205593581,41.235370005885635,41.34996174511865,111341600
2019-02-28,41.335636138916016,41.75579857516945,41.28072987242926,41.61495032332995,112861600
2019-03-01,41.77011489868164,41.813084063086116,41.273561690323184,41.60539248308564,103544800
2019-03-04,41.980201721191406,42.43378218337515,41.53139318278945,41.94200447479764,109744800
2019-03-05,41.90380096435547,42.01600308218327,41.66745963565002,42.001680027599186,78949600
2019-03-06,41.66269302368164,41.894258816148955,41.52423074056893,41.69850066470656,83241600
2019-03-07,41.18045425415039,41.64358574279544,41.065866184004825,41.5075094498127,99185600
2019-03-08,41.27833938598633,41.31653662922078,40.464278397663925,40.660036537223284,95997600
2019-03-11,42.708309173583984,42.76082946689261,41.860830238999526,41.894251912678726,128044000
2019-03-12,43.18815231323242,43.60831100701947,42.82051026881575,42.970909618139764,129870400
2019-03-13,43.37913513183594,43.758710628242646,43.19053854298965,43.508046258708134,124130000
2019-03-14,43.86137008666992,43.94970167331341,43.58205955555263,43.9019532945051,94318000
2019-03-15,44.43191909790039,44.720780702397064,43.86375066246781,44.1287380824745,156171600
2019-03-18,44.88551712036133,44.97384507371518,44.353152510049036,44.355542114857684,104879200
2019-03-19,44.52980041503906,45.11707114202692,44.38417662471166,44.964285824526804,126585600
2019-03-20,44.91893768310547,45.236445486064724,44.10010100332841,44.45819201742965,124140800
2019-03-21,46.573307037353516,46.8693301940771,45.31282721306185,45.362961547719905,204136800
2019-03-22,45.608856201171875,47.194005494555036,45.54439880342435,46.63299482334304,169630800
2019-03-25,45.05739212036133,45.83086624459337,44.54651584172195,45.718664121662755,175381200
2019-03-26,44.591861724853516,46.04571345558248,44.06427653870817,45.754465917207064,199202000
2019-03-27,44.99293899536133,45.30089564019327,44.53458297091688,45.059782354591356,119393600
2019-03-28,45.0526123046875,45.25314234444775,44.768526260349205,45.107518558807506,83121600
2019-03-29,45.34626007080078,45.37729579241807,45.00965362810515,45.31761395404041,94256000
2019-04-01,45.654205322265625,45.759242263268476,44.97144517095689,45.74969477506426,111448000
2019-04-02,46.3178825378418,46.422923157100826,45.608862000533726,45.618409491970745,91062800
2019-04-03,46.63536834716797,46.90990321936615,46.11016549875443,46.13403968011455,93087200
2019-04-04,46.716548919677734,46.87888174561078,46.10779353704933,46.50169215026725,76457200
2019-04-05,47.02928161621094,47.05315580507173,46.773841637621636,46.897980862856144,74106400
2019-04-08,47.76934051513672,47.800372591218704,46.87172341690704,46.8908220405598,103526800
2019-04-09,47.62609100341797,48.425828825713914,47.561633619701,47.821849115932814,143072800
2019-04-10,47.89345932006836,47.92210906685189,47.31096425221585,47.430327876195825,86781200
2019-04-11,47.49480056762695,47.98419231228525,47.373050943277576,47.948384670620705,83603200
2019-04-12,47.47569274902344,47.77887741292295,46.84068095613037,47.5544731881165,111042800
2019-04-15,47.56163787841797,47.70965127808389,47.27039028762013,47.40646659401936,70146400
2019-04-16,47.56642532348633,48.07252614872023,47.40170286626086,47.616559670651164,102785600
2019-04-17,48.4926643371582,48.55234614581706,47.41361621665321,47.63563079637368,115627200
2019-04-18,48.66695022583008,48.73617954389049,48.34705650031418,48.49029070265323,96783200
2019-04-22,48.82688522338867,48.924764272283525,48.30407195157679,48.421049618013726,77758000
2019-04-23,49.5311279296875,49.595585305994696,48.67648395275518,48.803009101591236,93292000
2019-04-24,49.45475387573242,49.769872052792415,49.42849372408659,49.50249861253667,70162400
2019-04-25,49.00593948364258,49.59798216323231,48.96774224168466,49.37596752439472,74172800
2019-04-26,48.771995544433594,48.93910395133918,48.25156805699613,48.91522976062835,74596400
2019-04-29,48.84599304199219,49.17066231598747,48.66694756683353,48.795858706164374,88818800
2019-04-30,47.9054069519043,48.55713146228483,47.53299294597256,48.475965054364224,186139600
2019-05-01,50.256874084472656,51.400376291203976,49.94891381611676,50.10408875249977,259309200
2019-05-02,49.92981719970703,50.76536281433166,49.68631795761022,50.09453963227768,127985200
2019-05-03,50.55051040649414,50.5719949912171,50.18764385729484,50.34520476397623,83569600
2019-05-06,49.769866943359375,49.85580891786009,48.581005998340764,48.76959896429785,129772400
2019-05-07,48.42821502685547,49.51681081520747,47.943598951274986,49.149172415442294,155054800
2019-05-08,48.437767028808594,49.02026221541199,48.163232094761824,48.19903973218028,105358000
2019-05-09,47.91735076904297,48.14652696976291,46.94811837589107,47.8409562736763,139634400
2019-05-10,47.25352478027344,47.65373790443453,46.1966858308996,47.31104129279952,164834800
2019-05-13,44.50718307495117,45.408253303125946,43.81939825228641,44.98408129927952,229722400
2019-05-14,45.21174240112305,45.46097333316388,44.43289071050813,44.67253738454349,146118800
2019-05-15,45.75333023071289,45.952237355333416,44.57906330726603,44.63897495961979,106178800
2019-05-16,45.55201721191406,46.12477232704971,45.25485416991409,45.51127773672891,132125600
2019-05-17,45.293209075927734,45.74853617008886,44.75639935564675,44.79713884034815,131516400
2019-05-20,43.87691116333008,44.1788683300626,43.203504556122255,43.979961140510966,154449200
2019-05-21,44.71805953979492,45.053563335993125,44.26272878013493,44.38734604303017,113459200
2019-05-22,43.802616119384766,44.50478273302888,43.74749841159521,44.25315300927631,118994400
2019-05-23,43.05491638183594,43.265802939260645,42.611568633482584,43.08846676529334,146118800
2019-05-24,42.88956832885742,43.64924789605857,42.80569052481283,43.184332733174735,94858800
2019-05-28,42.712215423583984,43.277781584642646,42.63553040781726,42.877572173999866,111792800
2019-05-29,42.50851821899414,42.98062234841405,42.17780471640916,42.27845585703999,113924800
2019-05-30,42.72898864746094,42.9518582257309,42.33836352720907,42.645110876469985,84873600
2019-05-31,41.95493698120117,42.65470469718947,41.935764812126756,42.23292429098691,108174400
2019-06-03,41.530765533447266,42.637931895817616,40.804636470241036,42.08195356453021,161584400
2019-06-04,43.05012512207031,43.095658571768766,41.8231354139418,42.043609898576285,123872000
2019-06-05,43.745094299316406,44.33223146910396,43.40959047948128,44.16208075258354,119093600
2019-06-06,44.38734436035156,44.4472560114527,43.651627529605385,43.87450077319446,90105200
2019-06-07,45.56880187988281,45.99297740766236,44.51915220426031,44.69648835711677,122737600
2019-06-10,46.151145935058594,46.8197583874518,45.92108357381099,45.966617016110206,104883600
2019-06-11,46.68556594848633,46.970746063230806,46.395595533306974,46.6975490130093,107731600
2019-06-12,46.5369873046875,46.96355808357964,46.345269237869935,46.47947078762684,73012800
2019-06-13,46.52738952636719,47.16005645303748,46.39558681154533,46.659195897906244,86698400
2019-06-14,46.18949508666992,46.393192538300454,45.604756695226875,45.90431499766962,75046000
2019-06-17,46.465084075927734,46.72150772045912,46.052891587494855,46.22783260024407,58676400
2019-06-18,47.55786895751953,47.99881784169886,46.78141628249008,46.982718557000155,106204000
2019-06-19,47.418880462646484,47.9005725592601,47.284678926559096,47.852640304899516,84496800
2019-06-20,47.799922943115234,48.075515130955985,47.45722632835696,48.01799861790571,86056000
2019-06-21,47.6369514465332,48.13302166991247,47.48597291651048,47.641745402473425,191202400
2019-06-24,47.589027404785156,47.96766951247152,47.490771410564825,47.579439491988516,72881600
2019-06-25,46.867698669433594,47.75199176598326,46.80059424100011,47.5530846009983,84281200
2019-06-26,47.88139724731445,48.16657732114802,47.29426373709572,47.394914882557444,104270000
2019-06-27,47.86701202392578,48.30556572995288,47.82627254173312,47.998814725312755,83598800
2019-06-28,47.430870056152344,47.80951224608036,47.2223786165072,47.61300021495699,124442400
2019-07-01,48.30078125,49.005342959981036,48.08509707895737,48.689007638472184,109012000
2019-07-02,48.58355712890625,48.679417968727066,48.25524243722315,48.2672254992904,67740800
2019-07-03,48.986175537109375,48.9933646445024,48.57398298189236,48.71537363624573,45448000
2019-07-05,48.943031311035156,49.14673241375876,48.62430084723059,48.732144758506294,69062000
2019-07-08,47.93412780761719,48.264837724616385,47.54829652385314,48.123447067370165,101354400
2019-07-09,48.22650146484375,48.29120343864577,47.64415810359733,47.73762016691857,82312000
2019-07-10,48.70338439941406,48.823207716402926,48.30317495947734,48.37267453109264,71588400
2019-07-11,48.348716735839844,48.98138381228545,48.339132477784965,48.72256496418706,80767200
2019-07-12,48.72015380859375,48.88790569483068,48.45654108970938,48.51645273884521,70380800
2019-07-15,49.177894592285156,49.3360586148412,48.88792051361614,48.90948783623042,67789600
2019-07-16,49.00774383544922,49.39357511900436,48.76809716632722,49.02931115805789,67467200
2019-07-17,48.732147216796875,49.149130043019106,48.71297504619667,48.89989913865166,56430000
2019-07-18,49.285728454589844,49.33845100749355,48.816019435097935,48.88791415785004,74162400
2019-07-19,48.55001449584961,49.487033785576166,48.4948967896062,49.31688305319296,83717200
2019-07-22,49.659568786621094,49.661963936205034,48.794444413619274,48.804028668671954,89111600
2019-07-23,50.04779052734375,50.064567543046294,49.67633759968899,49.95672731417016,73420800
2019-07-24,50.00706100463867,50.12209036122868,49.64759106566724,49.76741437865772,59966400
2019-07-25,49.611656188964844,50.143672105434696,49.54215660474307,50.059794305641,55638400
2019-07-26,49.78418731689453,50.261081723206544,49.640397890405445,49.72187685894799,70475600
2019-07-29,50.24911880493164,50.47918124819601,49.951959234250005,49.956753192179264,86693600
2019-07-30,50.033416748046875,50.364130225486285,49.68113595426583,50.02862279217643,135742800
2019-07-31,51.05431365966797,53.05057041741711,50.63733088652627,51.86432039500686,277125600
2019-08-01,49.949554443359375,52.25016397353403,49.54455463645526,51.260422041017264,216071600
2019-08-02,48.892704010009766,49.47024958006934,48.31994873947202,49.25456908663664,163448400
2019-08-05,46.33327865600586,47.6058016786869,46.151148533272625,47.44763768168687,209572000
2019-08-06,47.210391998291016,47.466815679597666,46.501036276061356,47.0450352178922,143299200
2019-08-07,47.69926834106445,47.82388562486308,46.448316172994446,46.829353474745794,133457600
2019-08-08,48.751312255859375,48.775278381580826,47.78314147822122,47.97725466372589,108038000
2019-08-09,48.349586486816406,48.7753700310641,47.940636364989096,48.42415862155094,98478800
2019-08-12,48.226890563964844,48.60456700562151,47.90694915273637,48.020011293193434,89927600
2019-08-13,50.269222259521484,51.03178789854202,48.22689096494646,48.356793866837386,188874000
2019-08-14,48.7729606628418,49.6606171063461,48.73447063907869,48.87158997225576,146189600
2019-08-15,48.52999496459961,49.34788770864262,48.032039961696505,48.94375350681724,108909600
2019-08-16,49.6750602722168,49.83382890028056,49.035177258949965,49.14102301099248,110481600
2019-08-19,50.6011962890625,51.173719791019884,50.52421624172767,50.666144074564244,97654400
2019-08-20,50.603607177734375,51.32287444811057,50.59398650586073,50.728697935758746,107537200
2019-08-21,51.15208053588867,51.395041975423894,50.90190267433042,51.23627702030587,86141600
2019-08-22,51.10877227783203,51.58507439376936,50.697417947742494,51.28437796466057,89014800
2019-08-23,48.74651336669922,51.01015761599512,48.35199968524606,50.37989522358438,187272000
2019-08-26,49.67265319824219,49.84104248936947,49.32865452365744,49.52110100092201,104174400
2019-08-27,49.11214828491211,50.168194019276,48.96059610686594,50.00220899962749,103493200
2019-08-28,49.441707611083984,49.48741405398377,48.91007839883308,49.097712670287585,63755200
2019-08-29,50.278846740722656,50.35342253777785,49.713539661494714,50.15616392017947,83962000
2019-08-30,50.213905334472656,50.625256042475115,49.84344523456853,50.55549607776158,84573600
2019-09-03,49.48261260986328,49.790525515438006,49.12658900103214,49.65821832852433,80092000
2019-09-04,50.32215118408203,50.391911143051544,49.87231048470653,50.12970472847496,76752400
2019-09-05,51.30603790283203,51.47202295353746,50.88025064284134,50.99812498900019,95654800
2019-09-06,51.30121994018555,51.5802671339122,51.12080206554331,51.491262157017566,77449200
2019-09-09,51.520137786865234,52.06620368728937,50.77441263010286,51.681310678848824,109237600
2019-09-10,52.12873840332031,52.14798341754074,50.92836046503641,51.445556916245124,127111600
2019-09-11,53.78617477416992,53.81504412951995,52.37650966317453,52.45830188762013,177158400
2019-09-12,53.6658935546875,54.46694930230438,53.610566438121275,54.0772478950462,128906800
2019-09-13,52.62187194824219,53.11260687614232,52.205709143005315,52.922568359375,159053200
2019-09-16,52.89852523803711,52.95385603523136,52.33562228773011,52.37651657004013,84632400
2019-09-17,53.09096908569336,53.11983844341441,52.71088829943247,52.91295912103472,73274800
2019-09-18,53.58891677856445,53.60816179083854,52.787861036882994,53.177562441253684,101360000
2019-09-19,53.153507232666016,53.82706428771113,53.01157573050019,53.40608929300261,88242400
2019-09-20,52.37650680541992,53.53839827071438,52.313963268360816,53.254542597972154,221652400
2019-09-23,52.614662170410156,52.884085014203336,52.357264248091994,52.66998928927248,76662000
2019-09-24,52.364471435546875,53.52155425094188,52.24660079747753,53.17033924526207,124763200
2019-09-25,53.170352935791016,53.283415103474375,52.234585657096204,52.573772160146284,87613600
2019-09-26,52.89612579345703,53.14871160301391,52.64113573317341,52.922587233898454,75334000
2019-09-27,52.63872528076172,53.15351751274349,52.26826515822796,53.05248026433511,101408000
2019-09-30,53.877593994140625,54.02433402647341,53.11262022326453,53.13908166091836,103909600
2019-10-01,54.026729583740234,54.89995321519849,53.932912441810814,54.14219965889246,139223200
2019-10-02,52.67240905761719,53.78378220885523,52.42463175086889,53.658691430124286,138449200
2019-10-03,53.119834899902344,53.15351275615426,51.75106404471548,52.54489975216936,114426000
2019-10-04,54.608882904052734,54.72435299074208,53.85834569362794,54.27932074932847,138478800
2019-10-07,54.62091064453125,55.311308550510645,54.327430602345274,54.43087209456384,122306000
2019-10-08,53.981021881103516,54.86146191293518,53.964184789667556,54.322616257212765,111820000
2019-10-09,54.61369323730469,54.796515362493196,54.279318922568876,54.61369323730469,74770400
2019-10-10,55.34980010986328,55.43399659026294,54.67864719946671,54.830195725330384,113013600
2019-10-11,56.8220100402832,57.1660050272492,55.88383488648209,56.03779132655972,166795600
2019-10-14,56.7402229309082,57.283884526626984,56.45155503855571,56.506882164192184,96427600
2019-10-15,56.60791778564453,57.16841278912609,56.50207203834991,56.865312061464365,87360000
2019-10-16,56.37938690185547,56.588674151152404,56.09793543274379,56.13882971417594,73903200
2019-10-17,56.59828567504883,56.8075692199058,56.17490641458794,56.55257922947988,67585200
2019-10-18,56.8701171875,57.15156861487775,56.3601335292246,56.4323014089496,97433600
2019-10-21,57.85639572143555,57.97186579008106,57.08902153741359,57.137132230710584,87247200
2019-10-22,57.72409439086914,58.26294004892027,57.64230217153431,58.01276223205521,82293600
2019-10-23,58.49869155883789,58.51312807252894,58.027201555375974,58.2388930421775,75828800
2019-10-24,58.594913482666016,58.88839351156194,58.16912628162669,58.818629879608615,69275200
2019-10-25,59.31660079956055,59.352682914955416,58.42653980390509,58.49389553305013,73477200
2019-10-28,59.91075134277344,59.958862032549106,59.350252813891615,59.51864206341161,96572800
2019-10-29,58.525142669677734,60.07914334791978,58.35194491266342,59.891509079761306,142839600
2019-10-30,58.5179328918457,59.00867154935717,58.024793654786826,58.87876862858786,124522000
2019-10-31,59.840999603271484,59.93962892278996,57.07459217991583,59.47535535189402,139162000
2019-11-01,61.53934097290039,61.56579873952554,59.93722923609678,60.028638470595425,151125200
2019-11-04,61.94346618652344,62.027662657351385,61.43348620261237,61.902568240845305,103272000
2019-11-05,61.85446548461914,62.109455494173645,61.65961476677508,61.8352168001874,79897600
2019-11-06,61.880924224853516,61.94106351751216,61.43108349036237,61.76786206100636,75864400
2019-11-07,62.5951042175293,62.81708447430913,62.2766136869042,62.428620865759896,94940400
2019-11-08,62.76641845703125,62.8387993222777,61.97260727293929,62.41656042739546,69986400
2019-11-11,63.26344680786133,63.32858957982905,62.31762854155338,62.3224514776491,81821200
2019-11-12,63.20554733276367,63.4058133511267,62.954622067164166,63.106621898661636,87388800
2019-11-13,63.8111686706543,63.88596470199098,62.990820113137914,63.005296289315105,102734400
2019-11-14,63.36962127685547,63.91008474357513,63.23932834710609,63.637437860118794,89182800
2019-11-15,64.1224136352539,64.12723657232394,63.45889530662177,63.62054837598867,100206400
2019-11-18,64.44572448730469,64.5253434436311,63.75325383820071,64.13205687234594,86703200
2019-11-19,64.25030517578125,64.662890963123,64.03315514893109,64.63876154608091,76167200
2019-11-20,63.50232696533203,64.19962061440714,62.82915536606073,64.06933503771958,106234400
2019-11-21,63.217628479003906,63.70018735937305,63.017362420222774,63.622976171330585,121395200
2019-11-22,63.1620979309082,63.49988749468221,62.93529478881845,63.35753358435103,65325200
2019-11-25,64.26958465576172,64.28647597885696,63.34065760793023,63.38650127732471,84020400
2019-11-26,63.767738342285156,64.46020908184904,63.3358461298195,64.40712731627637,105207600
2019-11-27,64.6242446899414,64.65802732518826,64.01380837567162,64.07895113374244,65235600
2019-11-29,64.4819107055664,64.6628702304651,64.15618208809639,64.32508058997325,46617600
2019-12-02,63.73637008666992,64.72320199396488,63.5650637665916,64.4867455204349,94487200
2019-12-03,62.599937438964844,62.61923654932985,61.83749372245772,62.324875414243316,114430400
2019-12-04,63.1524658203125,63.531276233622215,62.896710253389905,62.990812750806576,67181600
2019-12-05,64.0789794921875,64.15378288001588,63.39133909623157,63.64709466989342,74424400
2019-12-06,65.31672668457031,65.38669975339957,64.49396326902664,64.53739914538396,106075600
2019-12-09,64.40229797363281,65.33845582103804,63.917324043827655,65.14543525447796,128042400
2019-12-10,64.77870178222656,65.16233517909905,64.1465435122952,64.80765413470544,90420400
2019-12-11,65.33121490478516,65.41084122340847,64.78351336435996,64.85830938290775,78756800
2019-12-12,65.49771118164062,65.7631200239526,64.4988181829113,64.60980465760038,137310400
2019-12-13,66.38803100585938,66.42422144624238,65.36983155792407,65.49770935611971,133587600
2019-12-16,67.5244369506836,67.74883234755957,66.82955859141919,66.83438152775894,128186000
2019-12-17,67.65714263916016,67.98527901702172,67.26867906123083,67.4544688710819,114158400
2019-12-18,67.49549102783203,68.01665536931156,67.34589899118984,67.50996720149017,116028400
2019-12-19,67.56304931640625,67.84293428071314,67.30488597596364,67.43758668961861,98369200
2019-12-20,67.4231185913086,68.19762343192532,67.21079153341988,68.09629020364594,275978000
2019-12-23,68.5233383178711,68.58365815793964,67.6474930619539,67.68609864318917,98572000
2019-12-24,68.58848571777344,68.73808511636746,68.26276445005648,68.68982629575491,48478800
2019-12-26,69.94929504394531,69.96618636509724,68.69223173166154,68.72118407462989,93121200
2019-12-27,69.92277526855469,70.9289137228552,69.51742759681707,70.24126588060444,146266000
2019-12-30,70.33776092529297,70.62006103458498,68.81770380429288,69.84072600060978,144114400
2019-12-31,70.85169982910156,70.85893791713207,69.85521465174138,69.95414009700069,100805600
2020-01-02,72.46826934814453,72.5285891982157,71.22326675908423,71.47660718407792,135480400
2020-01-03,71.76371765136719,72.52374615608241,71.53932961570813,71.6961597256872,146322800
2020-01-06,72.3355484008789,72.37415398165305,70.6345318765685,70.88546446996966,118387200
2020-01-07,71.99535369873047,72.60095990158051,71.77578859164102,72.34520436217124,108872000
2020-01-08,73.15349578857422,73.45509501348069,71.69858142215591,71.69858142215591,132079200
2020-01-09,74.70735168457031,74.90037228480348,73.87976500025633,74.13069030790666,170108400
2020-01-10,74.87623596191406,75.4408362602049,74.37437802964394,74.94138611501243,140644800
2020-01-13,76.47589111328125,76.5024356673447,75.07405885483226,75.19229072850685,121532000
2020-01-14,75.44322967529297,76.62308929816353,75.32018220682278,76.41317742986432,161954400
2020-01-15,75.11992645263672,76.12364962606802,74.68803427101611,75.24298130114484,121923600
2020-01-16,76.06090545654297,76.17189926714461,75.3008769215495,75.66279597280943,108829200
2020-01-17,76.90298461914062,76.90539240608445,76.00300982033474,76.30943200280402,137816400
2020-01-21,76.38180541992188,76.97293540809704,76.24427442355741,76.53139743845387,110843200
2020-01-22,76.65445709228516,77.20698153576836,76.56035460570881,76.86677674803076,101832400
2020-01-23,77.02362060546875,77.1032395625604,76.15983628507468,76.70754520066748,104472000
2020-01-24,76.8016357421875,78.01285552986269,76.61102297800898,77.26971830945405,146537600
2020-01-27,74.54326629638672,75.22366854186772,73.56125746709372,74.81108286986905,161940000
2020-01-28,76.65204620361328,76.82335250031947,75.32500962430629,75.42393505290065,162234000
2020-01-29,78.2565689086914,79.10346205845778,77.54238386247792,78.2831134747075,216229200
2020-01-30,78.14315795898438,78.19623972141919,76.9078086113338,77.33970079826872,126743200
2020-01-31,74.6783676147461,77.85601226019499,74.38400653828495,77.43377343365503,199588400
2020-02-03,74.47329711914062,75.63867332859459,72.91945726436026,73.42131515382538,173788400
2020-02-04,76.93194580078125,77.12255860741972,75.67246691320435,76.07781457826587,136616400
2020-02-05,77.55926513671875,78.35789935199301,76.95606664401838,78.0587078925949,118826800
2020-02-06,78.46646881103516,78.46888396119307,77.27214024163042,77.82949504667184,105425600
2020-02-07,77.39989471435547,78.2149347676415,76.90893545307632,77.96582750464246,117684000
2020-02-10,77.76752471923828,77.76752471923828,75.905268338878,75.98507626887303,109348800
2020-02-11,77.29830932617188,78.33585640766411,77.08064401597953,78.26330376451229,94323200
2020-02-12,79.13397979736328,79.13881418044723,77.74816513747918,77.74816513747918,113730400
2020-02-13,78.5704574584961,78.8969591321478,78.20284507837152,78.40599987113015,94747600
2020-02-14,78.58983612060547,78.83894346705416,78.08194527792898,78.53904186982001,80113600
2020-02-18,77.15080261230469,77.33219164665964,76.08906858845916,76.27045762281409,152531200
2020-02-19,78.26814270019531,78.49790505143669,77.39263964512776,77.39263964512776,93984000
2020-02-20,77.46519470214844,78.51725240619737,76.95972489443142,78.02871401030635,100566000
2020-02-21,75.71176147460938,77.5014720805536,75.09504186089677,77.05887881173565,129554000
2020-02-24,72.11544036865234,73.56655262581305,69.95086901349747,71.89294062243466,222195200
2020-02-25,69.6727294921875,73.16749427483839,69.20112246255476,72.78537131530702,230673600
2020-02-26,70.77799224853516,72.04288097148186,69.29060380017634,69.29785906555418,198054800
2020-02-27,66.1513671875,69.16968329754985,66.015930635838,67.98460978013814,320605600
2020-02-28,66.1126708984375,67.33402814341571,62.00360705177279,62.218858912688944,426510000
2020-03-02,72.26781463623047,72.9038867453178,67.16715549336965,68.27000031448878,341397200
2020-03-03,69.97262573242188,73.52301148955354,69.12130192834442,73.4432035732901,319475600
2020-03-04,73.21826934814453,73.37789254779408,70.89407525882817,71.69460475808327,219178400
2020-03-05,70.84327697753906,72.44674921835322,70.47807816844045,71.47208614770814,187572800
2020-03-06,69.9024887084961,70.3354058888164,68.01604591388242,68.20226931131931,226176800
2020-03-09,64.37374877929688,67.25662042749718,63.6070747073531,63.78846370366684,286744800
2020-03-10,69.01004791259766,69.27608658534605,65.14767122671621,67.02686596637837,285290000
2020-03-11,66.61329650878906,68.01362169576068,65.74988307252373,67.08733175658426,255598800
2020-03-12,60.0349235534668,65.30004285714023,59.9792986243362,61.8996041788163,418474000
2020-03-13,67.22760772705078,67.69922212839465,61.176469024415624,64.06418648557232,370732000
2020-03-16,58.578983306884766,62.65902228595154,58.044488683164836,58.51609941564171,322423600
2020-03-17,61.154701232910156,62.303494624543745,57.65751943951495,59.86079146440188,324056000
2020-03-18,59.65764236450195,60.46301010190362,57.347954640535384,57.98886476183712,300233600
2020-03-19,59.200538635253906,61.14986537455913,58.6757201816232,59.83177257079482,271857200
2020-03-20,55.44215393066406,60.90558973701077,55.142256121470716,59.78097572031221,401693200
2020-03-23,54.264339447021484,55.26318952393012,51.420160868327166,55.16161211294488,336752800
2020-03-24,59.70842742919922,59.904326973466,56.66592859765041,57.1641431646422,287531200
2020-03-25,59.37950134277344,62.458276127894656,59.084441621112084,60.64438621130527,303602000
2020-03-26,62.50423812866211,62.56228025300905,59.58266521460016,59.62136242441082,252087200
2020-03-27,59.916412353515625,61.88266649068296,59.74953389267951,61.128089475112816,204216800
2020-03-30,61.626312255859375,61.798028812791074,60.317891949823974,60.64197645935922,167976400
2020-03-31,61.50054931640625,63.48373516730324,60.94670980739506,61.81737856650545,197002000
2020-04-01,58.26456832885742,60.15343192722889,57.83407204839957,59.61652017243426,176218400
2020-04-02,59.2368049621582,59.290012694130326,57.29473381628088,58.12670523580675,165934000
2020-04-03,58.385498046875,59.423041606914005,57.795378517377415,58.721672212892855,129880000
2020-04-06,63.478904724121094,63.63368619049375,60.313062431640056,60.68067487242126,201820400
2020-04-07,62.74367141723633,65.71120059846693,62.63967681398028,65.49352786324853,202887200
2020-04-08,64.34956359863281,64.66396824725281,63.17900080091498,63.544192303076315,168895200
2020-04-09,64.81392669677734,65.31698307985819,64.0182387887634,64.98564696158498,161834800
2020-04-13,66.08606719970703,66.19490356550595,64.29152188952229,64.89131758100808,131022800
2020-04-14,69.42362213134766,69.71384751910844,67.24695386535642,67.71856827528313,194994800
2020-04-15,68.78996276855469,69.24948009360917,67.87092811844572,68.2990035025,131154400
2020-04-16,69.33655548095703,69.7017543891835,68.28691861079514,69.50343396347523,157125200
2020-04-17,68.39573669433594,69.39942831156146,66.95913534892303,68.85284047730217,215250000
2020-04-20,66.97608184814453,68.12487900696708,66.95673693299449,67.22277564592211,130015200
2020-04-21,64.90580749511719,67.05345402031033,64.19476216229687,66.81885733049225,180991600
2020-04-22,66.77535247802734,67.21068321571147,65.83213095921919,66.17313585465308,116862400
2020-04-23,66.51655578613281,68.14180153410112,66.47785858014103,66.71971058203668,124814400
2020-04-24,68.43687438964844,68.44655053818545,66.99301736634283,67.04139072828913,126161200
2020-04-27,68.4852294921875,68.81656552903699,67.7064658092128,68.1538860746012,117087600
2020-04-28,67.37511444091797,69.12854111634766,67.28321689774812,68.9471521499239,112004800
2020-04-29,69.58806610107422,70.05725948714488,68.65935547379901,68.86251023157146,137280800
2020-04-30,71.05610656738281,71.2326611643709,69.73801774571496,70.12739587868194,183064000
2020-05-01,69.91216278076172,72.31375148512824,69.13339900800005,69.23013833651491,240616800
2020-05-04,70.90132141113281,71.02950265458016,69.24705489201135,69.93633445349597,133568000
2020-05-05,71.96546936035156,72.79744070168688,71.21572680056569,71.36083945419138,147751200
2020-05-06,72.70797729492188,73.33920755337681,72.28231535832381,72.66685920210755,142333600
2020-05-07,73.46012115478516,73.80597511019377,73.03204578911914,73.33436077692376,115215200
2020-05-08,75.2085952758789,75.26194703967974,73.792357201285,74.11974268821213,133838400
2020-05-11,76.39202880859375,76.88673708897407,74.50774723825187,74.71630682370795,145946400
2020-05-12,75.51901245117188,77.52696763422976,75.39775910098548,77.07590132316346,162301200
2020-05-13,74.60717010498047,76.61997975963557,73.53043997663865,75.69845004040403,200622400
2020-05-14,75.06553649902344,75.1261631825109,73.12305519185568,73.84572792328466,158929200
2020-05-15,74.62174224853516,74.66781911832467,72.80294181174233,72.83689630557373,166348400
2020-05-18,76.37991333007812,76.7533757455592,75.2546860142826,75.9458316362108,135178400
2020-05-19,75.93855285644531,77.24323270759544,75.90702580080492,76.39688667871405,101729600
2020-05-20,77.41539764404297,77.4857192413937,76.7581993186441,76.79700126927659,111504800
2020-05-21,76.83824157714844,77.8179706179206,76.60058237100931,77.27717806754521,102688800
2020-05-22,77.33296203613281,77.41541342276373,76.47448628011443,76.57633494565745,81803200
2020-05-26,76.80914306640625,78.63036319231934,76.75336386600556,78.4509106181763,125522000
2020-05-27,77.1438217163086,77.28932725216013,75.92644044781258,76.66609050475837,112945200
2020-05-28,77.1777572631836,78.43636762804827,76.54239089339562,76.81884468298037,133560800
2020-05-29,77.10258483886719,77.88102931454405,76.74609967511876,77.42026804049199,153532400
2020-06-01,78.05078125,78.1720345974753,76.92554663308496,77.05650232055906,80791200
2020-06-02,78.41212463378906,78.43637678676062,77.34266907399055,77.78403309563147,87642800
2020-06-03,78.84378051757812,79.10569190926654,78.15990981793529,78.73222950297175,104491200
2020-06-04,78.16476440429688,78.965033585586,77.79130199936047,78.6667550692759,87560400
2020-06-05,80.3909912109375,80.45161790114183,78.3854629632372,78.41456259042025,137250400
2020-06-08,80.86628723144531,80.90024172394006,79.3772998475136,80.08784274734353,95654400
2020-06-09,83.41988372802734,83.81274342787988,80.51465797687612,80.54618503439575,147712400
2020-06-10,85.56607055664062,86.03410675203712,83.92915018975505,84.36808676274399,166651600
2020-06-11,81.4580078125,85.134410668066,81.35615913194549,84.71002389741363,201662400
2020-06-12,82.16127014160156,84.34383052506377,81.05059266944424,83.59691311681682,200146000
2020-06-15,83.17737579345703,83.82971944873768,80.65288000271148,80.81536275804567,138808800
2020-06-16,85.38176727294922,85.65338103043176,83.59692127094438,85.2314142826488,165428800
2020-06-17,85.26292419433594,86.18687406891311,85.14167085225792,86.12624739787411,114406400
2020-06-18,85.29689025878906,85.71400210817573,84.68819603071728,85.21928633315488,96820400
2020-06-19,84.80944061279297,86.4681854978016,83.70118325430472,86.0025767936151,264476000
2020-06-22,87.02838897705078,87.17146705960882,85.15623672615204,85.20231359689153,135445200
2020-06-23,88.88599395751953,90.30465984817053,87.85291289035612,88.27245220934594,212155600
2020-06-24,87.31696319580078,89.43404938466047,86.94350079967253,88.51494690487205,192623200
2020-06-25,88.47612762451172,88.51492957761795,86.71310689690837,87.47215391548303,137522400
2020-06-26,85.75762939453125,88.59253277701855,85.60969648694928,88.3718508333902,205256800
2020-06-29,87.73407745361328,87.82865862307958,85.1877569926391,85.66549550848868,130646000
2020-06-30,88.46644592285156,88.7526094686746,87.30241666099202,87.32181394171208,140223200
2020-07-01,88.29912567138672,89.08727257747864,88.25062876375057,88.54405984735594,110737200
2020-07-02,88.29912567138672,89.84147238829708,88.18515460811848,89.20610591273177,114041600
2020-07-06,90.6611557006836,91.1291919816078,89.69597611039086,89.7275031739995,118655600
2020-07-07,90.37981414794922,91.81787696805416,90.26826314860052,91.03943260618246,112424400
2020-07-08,92.48477172851562,92.51629878115334,91.26981088874352,91.35711714225694,117092000
2020-07-09,92.88248443603516,93.430544491857,91.83485381849374,93.3771927270549,125642800
2020-07-10,93.04496765136719,93.10317429108636,91.86638865727205,92.47750286894541,90257200
2020-07-13,92.61573028564453,96.95902596441493,92.40232321566707,94.34965162813619,191649200
2020-07-14,94.14836883544922,94.33994377964609,91.0636836420722,91.99732841763048,170989200
2020-07-15,94.79586791992188,96.27273284060122,93.5978842251878,96.02295123465481,153198000
2020-07-16,93.6294174194336,94.48546583387535,93.0304255327924,93.66821938221526,110577600
2020-07-17,93.44025421142578,94.23567587629981,92.96736319511449,94.08047543961847,92186800
2020-07-20,95.40940856933594,95.54763916358735,93.18319885433614,93.527561622358,90318000
2020-07-21,94.09258270263672,96.27514261068757,93.84280114252175,96.1999661392453,103433200
2020-07-22,94.35692596435547,95.0383691628231,93.70700981931506,93.79430867429807,89001600
2020-07-23,90.0621566772461,94.16779411831395,89.25218503222052,94.09019018328048,197004400
2020-07-24,89.83901977539062,90.18338250647658,86.47302597872792,88.2603063707244,185438800
2020-07-27,91.9682388305664,92.06039256097253,90.67810880703217,90.90121082733599,121214000
2020-07-28,90.45743560791016,91.71604609920337,90.45258073696424,91.53901352618922,103625600
2020-07-29,92.19134521484375,92.37565266958501,90.9036352682461,90.94000979201954,90329200
2020-07-30,93.30690002441406,93.41117615132963,90.95700901160487,91.36441857772988,158130000
2020-07-31,103.07505798339844,103.22541096516197,97.80295687640107,99.80121727475651,374336800
2020-08-03,105.67229461669922,108.2913640186851,104.6586183859917,104.95689689079155,308151200
2020-08-04,106.37799835205078,107.4692785886528,105.13878516833616,105.86145785594432,173071600
2020-08-05,106.76358032226562,107.08369095937002,105.6334981524038,106.09911429734815,121776800
2020-08-06,110.48848724365234,110.98320304299686,106.50653089800755,107.09582047328551,202428800
2020-08-07,107.97644805908203,110.46662369685443,107.17959215155733,110.00988785704244,198045600
2020-08-10,109.54584503173828,110.56378066058019,106.89532594642495,109.42194125871023,212403600
2020-08-11,106.28797912597656,109.30777067354109,106.02802731765381,108.80973853697522,187902400
2020-08-12,109.82039642333984,110.07791644345322,107.1844528144561,107.37880502863389,165598000
2020-08-13,111.7639389038086,112.7672986221406,110.71198742895228,111.20030714999548,210082000
2020-08-14,111.66431427001953,111.75420233347295,109.8543791144295,111.58900224852829,165565200
2020-08-17,111.37278747558594,112.8110188476026,110.74599537909668,112.78672297104335,119561600
2020-08-18,112.30082702636719,112.7259788863913,110.78971554731912,111.12497934318773,105633600
2020-08-19,112.44174194335938,113.85567747183467,112.34699766084464,112.70898176363043,145538000
2020-08-20,114.93679809570312,115.05098206254263,112.46605456390462,112.48306242183136,126907200
2020-08-21,120.85974884033203,121.34320488803218,115.88425449002158,115.89639872088485,338054800
2020-08-24,122.30526733398438,125.15014624205317,120.4394596328143,125.06510696520752,345937600
2020-08-25,121.3019027709961,121.64688641801345,119.57943117585931,121.1780064067377,211495600
2020-08-26,122.95149993896484,123.40823574071352,121.5521404466388,122.61866792136692,163022400
2020-08-27,121.48168182373047,123.88682518833696,120.33741060365348,123.55399319873169,155552400
2020-08-28,121.28490447998047,122.87375249170243,121.06139279549139,122.45588862300937,187630000
2020-08-31,125.39794921875,127.30263641002203,122.44375715773111,123.97916478082978,225702700
2020-09-01,130.39288330078125,130.99539444262734,126.84590719277946,129.01296330050218,151948100
2020-09-02,127.69132995605469,134.0856162874723,123.41552250903742,133.70662433115996,200119000
2020-09-03,117.46826171875,125.20359657134411,117.09898956594436,123.32807630409383,257599600
2020-09-04,117.54598236083984,120.20864558009525,107.76020180974345,116.68110262085477,332607200
2020-09-08,109.63573455810547,115.63158886854931,109.49968655275791,110.73383843385653,231366600
2020-09-09,114.00872039794922,115.77735180667162,112.00686490622496,113.95041623071373,176940500
2020-09-10,110.28684997558594,117.09900142927623,109.32479386550686,116.96295339003524,182274400
2020-09-11,108.83888244628906,111.97772133616776,106.89533097403391,111.33634579157453,180860300
2020-09-14,112.10404968261719,112.65796155648654,109.6163061668615,111.48211380367826,140150100
2020-09-15,112.27896118164062,115.4761040079777,110.40343385233226,114.9902161756601,184642000
2020-09-16,108.96521759033203,112.72599259867744,108.8777613272375,111.97772849620063,154679000
2020-09-17,107.22574615478516,109.03324986978043,105.64175415253082,106.62324985916108,178011000
2020-09-18,103.82451629638672,107.75049116786684,103.09568449283607,107.2840429654683,287104900
2020-09-21,106.97307586669922,107.07997179185173,100.19007789948417,101.58943734580029,195713800
2020-09-22,108.65425872802734,109.674626367255,106.07905857827852,109.49970641236058,183055400
2020-09-23,104.09661102294922,108.94576947432667,103.75648361182957,108.469601478443,150718700
2020-09-24,105.16557312011719,107.13827671141094,102.03645401086756,102.20165410941537,167743300
2020-09-25,109.1109848022461,109.26647248780473,104.63109780542541,105.36964948370711,149981400
2020-09-28,111.71533966064453,112.06517952480382,109.59686822281799,111.76393141391246,137672400
2020-09-29,110.8698959350586,112.0554635809669,110.36457578821059,111.31691932127065,99382200
2020-09-30,112.54134368896484,113.95042293050288,110.41315990508242,110.57835999800264,142675200
2020-10-01,113.49369812011719,114.39744992300979,112.5607942290766,114.31970607857447,116120400
2020-10-02,109.83010864257812,112.11378793231448,109.05269237323236,109.70378044500065,144712000
2020-10-05,113.21185302734375,113.35762084452556,110.34511808369133,110.694957879304,106243800
2020-10-06,109.96617126464844,112.84262721845214,109.08185158171717,112.43447568029653,161498200
2020-10-07,111.83194732666016,112.28868308370595,110.9087559798063,111.38493140237664,96849000
2020-10-08,111.72506713867188,113.11470685692662,111.35578758231397,112.9689390012096,83477200
2020-10-09,113.66861724853516,113.69776933647424,111.67647388000671,112.02631376339767,100506900
2020-10-12,120.8888931274414,121.64687695311153,115.91339909808642,116.67138292375654,240226800
2020-10-13,117.6820297241211,121.85094815202251,116.27295799734162,121.73433240496897,262330500
2020-10-14,117.76950073242188,119.55756448106015,116.24381316344193,117.58486097492064,150712000
2020-10-15,117.30306243896484,117.77923053145645,114.81531862538753,115.36923056556877,112559200
2020-10-16,115.66075134277344,118.1193503209673,115.45667931642107,117.85696670561362,115393800
2020-10-19,112.70654296875,117.02122180628177,112.39557505781023,116.5742058976846,120639300
2020-10-20,114.193359375,115.6218707751005,112.36641639732157,112.9203282244973,124423700
2020-10-21,113.5714340209961,115.35949783357893,113.16328257328865,113.37707442350195,89946000
2020-10-22,112.48304748535156,114.70841493004065,111.35578401227829,114.13506335968486,101988000
2020-10-23,111.7930908203125,113.26047437917072,111.05453912383231,113.10498668978074,82572600
2020-10-26,111.80280303955078,113.2604666650257,109.69404402667767,110.79215536953423,111850700
2020-10-27,113.30905151367188,113.96985932342135,111.30719583151641,112.23037983284465,92276800
2020-10-28,108.06147003173828,112.17208508150478,107.96429393091981,111.80281293277008,143937800
2020-10-29,112.06519317626953,113.62975292211088,109.03324978889975,109.19845732169942,146129200
2020-10-30,105.78749084472656,108.8291457586848,104.67966727023395,107.92539416748721,190272600
2020-11-02,105.7000503540039,107.55614568812253,104.29097841162539,106.03045798084733,122866900
2020-11-03,107.3228988647461,108.34325878897307,105.66116349038266,106.56491508844621,107624400
2020-11-04,111.70561981201172,112.32755570064144,109.17900433769593,110.9184838247905,138235500
2020-11-05,115.67046356201172,116.24381509607197,113.57143184766637,114.62094399780884,126387100
2020-11-06,115.53907012939453,116.03552551635951,113.04702688343866,115.1788900602559,114457900
2020-11-09,113.23198699951172,118.75146052631435,112.9691581097437,117.30101847694802,154515300
2020-11-10,112.89124298095703,114.46823065429794,111.10008722713928,112.48239487504274,138023400
2020-11-11,116.31781768798828,116.45410042104282,113.34879251575485,114.07888176862647,112295000
2020-11-12,116.0452651977539,117.33022212941437,115.42225622645506,116.44438426550776,103162300
2020-11-13,116.09391784667969,116.49302940870272,114.74081980829087,116.269139549406,81581900
2020-11-16,117.1063003540039,117.77797730868681,115.01337667932356,115.7629315909366,91183000
2020-11-17,116.22046661376953,117.46648433849896,115.80188183810091,116.37622254278644,74271000
2020-11-18,114.89657592773438,116.63905646851767,114.86737354648494,115.46118005472933,76322100
2020-11-19,115.49038696289062,115.89923517011198,113.70896736833065,114.46825901798518,74113000
2020-11-20,114.22488403320312,115.6169210548832,114.17621587656545,115.49037493540368,73604300
2020-11-23,110.82756042480469,114.4974803361599,110.73021666475569,114.0691588797209,127959300
2020-11-24,112.11248779296875,112.77443558427984,109.60097934121339,110.88594337156803,113874200
2020-11-25,112.94967651367188,113.65056340347142,112.11250688717266,112.4824235383736,76499200
2020-11-27,113.49479675292969,114.37090528252364,113.13462416571154,113.47533097531714,46691300
2020-11-30,115.88949584960938,117.75852242774822,113.7089574149293,113.86471334319992,169410200
2020-12-01,119.46206665039062,120.19215587053868,116.82401182614447,117.79746411967523,127728200
2020-12-02,119.81250762939453,120.0948096799896,117.68064477339988,118.78064316901394,89004200
2020-12-03,119.67620849609375,120.49390472899617,118.96558516591388,120.24080509301905,78967600
2020-12-04,119.00454711914062,119.59835363347426,118.29392365175957,119.34525394863078,78260400
2020-12-07,120.4647216796875,121.26295226566269,119.00454323508524,119.0629479962768,86712000
2020-12-08,121.07801055908203,121.66208795851276,119.82225603327018,121.0682813821168,82225500
2020-12-09,118.5470199584961,122.6063142688594,117.78772835245422,121.22401378468822,115089200
2020-12-10,119.96825408935547,120.58153376453309,116.96029017970807,117.30099698433379,81312200
2020-12-11,119.16030883789062,119.50101568391099,117.34968682549408,119.17977461758369,86939800
2020-12-14,118.5470199584961,120.07533977310263,118.31339348591051,119.3452505477775,79184500
2020-12-15,124.48509216308594,124.50456537042437,120.83464560664378,121.03906972258223,157243700
2020-12-16,124.41693115234375,124.96206204213269,123.2001158255996,124.0275561892667,98208600
2020-12-17,125.28330993652344,126.13995272668132,124.64082784390504,125.47799742873109,94359800
2020-12-18,123.29747009277344,125.67269604688084,122.7718049671832,125.53641332100761,192541500
2020-12-21,124.82577514648438,124.90365310723669,120.17267468087437,121.70099438309586,121251600
2020-12-22,128.37890625,130.8417396142282,126.20809672049869,128.1160699450411,168904800
2020-12-23,127.48332977294922,128.9142911011182,127.30810062123794,128.651469654108,88223700
2020-12-24,128.4665069580078,129.91695629713385,127.61960817236115,127.83376887622417,54930100
2020-12-28,133.0612030029297,133.6939410837403,129.96561683148184,130.43288465030292,124486200
2020-12-29,131.2895050048828,135.10543618196706,130.77357648181422,134.38509099699746,121047300
2020-12-30,130.17002868652344,132.37976932791838,129.85851685438772,131.98065036313264,96452100
2020-12-31,129.1674346923828,131.1630155985181,128.22318443221698,130.5205332836964,99116600
2021-01-04,125.97447967529297,130.0629768178639,123.39482930890424,129.97536966603926,143301900
2021-01-05,127.53199005126953,128.24262097829288,125.02048114625119,125.46827577350281,97664900
2021-01-06,123.23905181884766,127.570918733124,123.02489113823766,124.32932099883892,155088000
2021-01-07,127.44436645507812,128.13552408640413,124.46560495444153,124.95233107817177,109578200
2021-01-08,128.54434204101562,129.10894599430964,126.77265223719313,128.914243707609,105158200
2021-01-11,125.55589294433594,126.71430373737336,125.08863992699253,125.76032449463308,100384500
2021-01-12,125.38064575195312,126.24701761180567,123.49214611607862,125.08860712256089,91951100
2021-01-13,127.41517639160156,127.96030732627808,125.07889671335819,125.34171815091041,88636800
2021-01-14,125.48773956298828,127.52225130518217,125.34171280576037,127.32756381591491,90221800
2021-01-15,123.76472473144531,126.76295959555424,123.6284420036996,125.36118590805361,111598500
2021-01-19,124.43641662597656,125.29305945365387,123.570044622059,124.38774103736687,90757300
2021-01-20,128.52488708496094,128.9726816127556,125.13727773804456,125.24435806944973,104319500
2021-01-21,133.23646545410156,135.96213596762422,130.04354180656935,130.24797340791002,120150900
2021-01-22,135.3780059814453,136.13729751698824,131.435521560002,132.66206599733243,114459400
2021-01-25,139.12579345703125,141.23818305206848,132.91516336360118,139.27182020640586,157611700
2021-01-26,139.35946655273438,140.469201833175,137.61697822104978,139.7877880388179,98390600
2021-01-27,138.28863525390625,140.46917381461645,136.6824448551771,139.6222601892596,140843800
2021-01-28,133.45057678222656,138.22050212672593,133.07093096645877,135.81607367562873,142621100
2021-01-29,128.45677185058594,133.10987264929705,126.753230328146,132.22402749273948,177523800
2021-02-01,130.57888793945312,131.7859741111612,127.45409959233686,130.19924214528973,106239800
2021-02-02,131.4063262939453,132.69127555683025,131.0364096809211,132.12667146199954,83305400
2021-02-03,130.3842315673828,132.16565144314657,130.0629904566346,132.1559074116743,89880900
2021-02-04,133.7425994873047,133.75232866214105,131.01693030921246,132.68154013575978,84183100
2021-02-05,133.32827758789062,133.97171978594034,132.45086722756864,133.90348403057772,75693800
2021-02-08,133.4745330810547,133.5232814106689,131.53446261926186,132.61661008272995,71297200
2021-02-09,132.59707641601562,134.42016235628924,132.44110262440083,133.19177019449774,76774200
2021-02-10,131.99267578125,133.55253314014962,131.02751236689184,133.05532098310047,73046600
2021-02-11,131.7391815185547,132.9675589258699,130.4133074654321,132.4898491628531,64280000
2021-02-12,131.97315979003906,132.12914848493614,130.33532312132203,130.9787653308469,60145100
2021-02-16,129.84783935546875,132.59706880200096,129.45786770907952,132.0901279755408,80576300
2021-02-17,127.55682373046875,128.90220010245756,126.22120594870577,127.95653915633494,97918500
2021-02-18,126.4552001953125,126.73791669485071,124.21291100168493,125.95798807847142,96856700
2021-02-19,126.61115264892578,127.43008573965325,125.56801001534814,126.97187831271118,87668800
2021-02-22,122.83827209472656,126.46492703235708,122.44830783858197,124.7978296513902,103916400
2021-02-23,122.70176696777344,123.53043623671344,115.41921218796429,120.65446423334858,158273000
2021-02-24,122.20457458496094,122.40930413496974,119.16286991288813,121.80486663626253,111039900
2021-02-25,117.95399475097656,123.28673718148006,117.51528958023444,121.55140392768223,148199500
2021-02-26,118.21722412109375,121.71713665773981,118.15872464367439,119.51384476967971,164560400
2021-03-01,124.58336639404297,124.71985277897572,119.70883139515851,120.64474122239031,116307900
2021-03-02,121.98037719726562,125.49004121695306,121.87313682284052,125.18782240063729,102260900
2021-03-03,118.99713134765625,122.55554294590044,118.78265064406548,121.6781252666424,112966300
2021-03-04,117.1155776977539,120.49850624904042,115.64347345208853,118.6949297486631,178155000
2021-03-05,118.37319946289062,118.88015523948293,114.61980921267136,117.9442454649468,153766600
2021-03-08,113.44019317626953,117.96376162194265,113.29395562055295,117.89551842100173,154376600
2021-03-09,118.05146789550781,118.99712873808402,115.80918658429786,116.04316214765258,129525800
2021-03-10,116.9693374633789,119.10437859558475,116.45263053937967,118.63642743151894,111943300
2021-03-11,118.89965057373047,120.1182842596345,118.21721868480411,119.46509838909789,103026500
2021-03-12,117.99298095703125,118.12946732804168,116.16990981369923,117.37879228748427,88105100
2021-03-15,120.87870788574219,120.8884590376453,117.39829045128926,118.36345366505867,92403800
2021-03-16,122.4190673828125,124.02766536377307,121.59039794957519,122.54580261068884,115227900
2021-03-17,121.62939453125,122.70179070070945,119.27011403289939,120.93721148152662,111932600
2021-03-18,117.5055160522461,120.08902057387003,117.30078651568779,119.7965455571018,121229700
2021-03-19,116.97908020019531,118.38294855656439,116.67686143267959,116.89134214689703,185549500
2021-03-22,120.29376983642578,120.76172845240197,117.24231371312757,117.31055690317099,111912300
2021-03-23,119.46509552001953,121.1224343178664,119.07513126230569,120.23527288356823,95467100
2021-03-24,117.0765609741211,119.816054302137,117.05706610966415,119.73805996841114,88530500
2021-03-25,117.56401824951172,118.60717576184044,116.01391986522562,116.54037047817636,98844700
2021-03-26,118.16845703125,118.43168604296147,115.9359194779791,117.33003655489678,94071200
2021-03-29,118.34395599365234,119.50409766319855,117.70052126390267,118.59743388740822,80819200
2021-03-30,116.891357421875,117.3788109495409,115.87745319177584,117.09608701094061,85671900
2021-03-31,119.08489227294922,120.42051011090868,118.10998526692909,118.59743876993915,118323800
2021-04-01,119.91355895996094,121.06394949790783,119.41635431579364,120.5570011392304,75089100
2021-04-05,122.74079132080078,122.99426922039768,119.98180275866349,120.76173132452315,88651200
2021-04-06,123.04301452636719,123.9399272027551,122.49706897342678,123.32573845569713,80171300
2021-04-07,124.69060516357422,124.71010003062226,121.99985979599343,122.67254799737614,83466700
2021-04-08,127.08885955810547,127.1181055739932,125.29503449613289,125.71423730778919,88844600
2021-04-09,129.66262817382812,129.70161790758218,126.22120772891054,126.54292881700623,106686700
2021-04-12,127.94679260253906,129.5163933763926,127.35209877205047,129.19467229997423,91420000
2021-04-13,131.0567626953125,131.28100205330475,128.61949478941824,129.11670696279845,91266500
2021-04-14,128.71694946289062,131.6124239805342,128.35623869078685,131.55393195001986,87222800
2021-04-15,131.12496948242188,131.61242290057214,130.2865490081675,130.46203997416845,89347100
2021-04-16,130.79351806640625,131.29071524829968,129.9355952026849,130.93000444237106,84922400
2021-04-19,131.4564208984375,132.07061690327527,129.9940607923638,130.15979315261126,94264200
2021-04-20,129.76986694335938,132.12914001786334,128.5024849113631,131.63194282012853,94812300
2021-04-21,130.15005493164062,130.39378162626917,128.00526299408884,129.03866179917034,68847100
2021-04-22,128.6292266845703,130.78376273570044,128.11252718583415,129.7016154150474,84566500
2021-04-23,130.9495086669922,131.72942232628785,128.84370608473515,128.84370608473515,78657500
2021-04-26,131.33950805664062,131.67097295684098,130.20861205794066,131.44674845092948,66905100
2021-04-27,131.01773071289062,132.01213986314156,130.74475798551163,131.6221681983873,66015800
2021-04-28,130.22805786132812,131.63192609526544,129.740604439872,130.93973569140266,107760100
2021-04-29,130.1305694580078,133.630496551131,129.12641653636294,133.0455464580238,151101000
2021-04-30,128.1612548828125,130.20855024381436,127.78104182463377,128.47321732434253,109839500
2021-05-03,129.2141571044922,130.70577838338053,128.5219815192614,128.7267036427075,75135100
2021-05-04,124.64185333251953,128.19052150938094,123.52070884107249,127.89804644623831,137564700
2021-05-05,124.88558197021484,127.17660429874773,124.75883931076572,125.9579706529646,84000900
2021-05-06,126.48442077636719,126.49416448959799,123.9399058507591,124.68083714349731,78128300
2021-05-07,127.15824127197266,128.18362023078294,126.44533974102744,127.7832408311975,78973300
2021-05-10,123.87700653076172,126.50395575349485,123.83794311938117,126.37701270502987,88071200
2021-05-11,122.95903015136719,123.31058591748854,119.892615994426,120.60551014234991,126142800
2021-05-12,119.89263916015625,121.71881469697152,119.38482966600999,120.50787863355768,112172300
2021-05-13,122.04106140136719,123.1934058703671,121.34770266713772,121.66020248327753,105861300
2021-05-14,124.46292877197266,124.8926187981441,122.90042974578068,123.29105636497444,81918000
2021-05-17,123.31059265136719,123.95512773405065,122.23637496414497,123.84770522027007,74244600
2021-05-18,121.92388153076172,124.01372562566158,121.85552242300645,123.59380326356951,63342900
2021-05-19,121.76763153076172,121.99223682754793,119.9805196188087,120.27349147179841,92612000
2021-05-20,124.32622528076172,124.72661966171272,122.1680220813628,122.2949800317053,76857100
2021-05-21,122.49028778076172,125.00005419589023,122.27544274551913,124.8242725716539,79295400
2021-05-24,124.12113952636719,124.94145621305331,122.98833046928489,123.05668957229345,63092900
2021-05-25,123.92582702636719,125.31255193436976,123.35941878581565,124.8242630592938,72009500
2021-05-26,123.87700653076172,124.40435140852335,123.45708417165065,123.98442904941227,56575900
2021-05-27,122.34380340576172,124.6484925303121,122.14849379883397,123.4766199875777,94625600
2021-05-28,121.68949890136719,122.85161109201668,121.63090751379944,122.62699835536803,71311100
2021-06-01,121.36724090576172,122.41216295280358,121.0352130826755,122.14849423744593,67637100
2021-06-02,122.12896728515625,122.30474892445967,121.14264401239463,121.36724933170292,59278900
2021-06-03,120.64458465576172,121.92387970340114,120.2441902802076,121.75786579428137,76229200
2021-06-04,122.93950653076172,123.20318269390796,120.94731726161271,121.16216229807738,75169300
2021-06-07,122.94926452636719,123.3594191359653,121.90434257301015,123.21293321808503,71057600
2021-06-08,123.76958465576172,125.44928155152503,123.2520074907996,123.63286644051075,74403800
2021-06-09,124.15044403076172,124.75591573650723,123.55474004059155,124.22857085419675,56877900
2021-06-10,123.15435028076172,125.18560293992083,122.98833637271277,124.04301866252895,71186400
2021-06-11,124.36528015136719,124.45317468407444,123.14457656242446,123.5644988950441,53522400
2021-06-14,127.42191314697266,127.4805045322462,124.0918377902917,124.82425990854335,96906500
2021-06-15,126.60163116455078,127.53913823394846,126.35749040598746,126.89460305506064,62746300
2021-06-16,127.09964752197266,127.8223093871763,125.44926884121655,127.3144925386233,91815000
2021-06-17,128.70123291015625,129.4434303366887,126.61138865865254,126.75788205128507,96721700
2021-06-18,127.40239715576172,128.42777623689193,127.18755213466459,127.64653787053875,108953300
2021-06-21,129.19927978515625,129.30670230447237,126.18170388050524,127.24615390753081,79663300
2021-06-22,130.8399200439453,130.93758231447188,128.53523053051975,129.03328724856672,74783600
2021-06-23,130.56646728515625,131.17194646480604,130.10748149302736,130.63483384623305,60214200
2021-06-24,130.28326416015625,131.4844323925828,129.81450322458238,131.2988830515641,68711000
2021-06-25,129.9902801513672,130.7519979740222,129.69730831930764,130.33208310563106,70783700
2021-06-28,131.62112426757812,132.08010994524813,130.22464670870133,130.28323808863115,62111300
2021-06-29,133.1348114013672,133.29106502927266,131.20122118482706,131.6406714747908,64556100
2021-06-30,133.75009155273438,134.18954197676644,132.6856264263999,132.97859834281147,63261400
2021-07-01,134.0528106689453,134.1114020662822,132.57819096384344,133.3985152300678,52485800
2021-07-02,136.6797332763672,136.71878923106325,134.521522975564,134.66800143213112,78852600
2021-07-06,138.6914520263672,139.79495784960233,136.78715756035768,136.78715756035768,108181800
2021-07-07,141.18174743652344,141.49423990850534,139.3165081685886,140.17587364241757,104911600
2021-07-08,139.8828582763672,140.6836320091057,137.37308477373998,138.26176048175577,105575500
2021-07-09,141.7090301513672,142.23636751298437,139.30667907892771,139.4043413205293,99890800
2021-07-12,141.11331176757812,142.8906630545107,140.62503041198096,142.78324056023274,76299700
2021-07-13,142.2266082763672,144.00395975842287,140.26372237579417,140.6543415426895,100827100
2021-07-14,145.65432739257812,146.06449685832388,144.2187789659628,144.62894843170855,127050800
2021-07-15,145.0000457763672,146.48442546002198,143.64262402981763,145.74224306877775,106820300
2021-07-16,142.9590301513672,146.2500420755194,142.46098847923267,144.9805223346472,93251400
2021-07-19,139.11138916015625,140.69343127095988,138.34967125172668,140.38092397459488,121434600
2021-07-20,142.72471618652344,143.65246321549907,139.60949186704684,140.09777350285592,96350000
2021-07-21,141.9922637939453,142.7051655607568,141.24032096218994,142.1192217608621,74993500
2021-07-22,143.3594512939453,144.7266335326549,142.39264856010647,142.51960651840406,77338200
2021-07-23,145.0782012939453,145.23445495496276,143.47663852143975,144.09187799846512,71447400
2021-07-26,145.4981231689453,146.31843249256286,144.23834858516193,144.79499663408214,72434100
2021-07-27,143.33013916015625,145.71295498966768,142.13873124540055,145.62505300491213,104818600
2021-07-28,141.58209228515625,143.5254579196167,139.19927630353345,141.4160783718357,118931200
2021-07-29,142.2266082763672,143.11528401739503,141.19145407304512,141.29887657911624,56699500
2021-07-30,142.44146728515625,142.90045304700064,140.73248218501953,140.99615834422465,70440600
2021-08-02,142.1094512939453,143.50592922511103,141.84577511280253,142.9297606339798,62880000
2021-08-03,143.90628051757812,144.57033600309364,141.77736607632247,142.3926053476169,64786600
2021-08-04,143.50588989257812,144.3261990077798,142.85159465298884,143.8183971180824,56368300
2021-08-05,143.6133575439453,144.37507551915724,142.74421703883584,143.53523071300444,46397700
2021-08-06,142.9287567138672,143.8774433777858,142.42996869486214,143.13414879433773,54126800
2021-08-09,142.87982177734375,143.47641826359128,142.3223546901742,142.9874052395685,48908700
2021-08-10,142.40060424804688,144.46423988872255,142.10719343722454,143.22214257955443,69023100
2021-08-11,142.65487670898438,143.4959796880464,142.33212632967644,142.84070404163072,48493500
2021-08-12,145.61831665039062,145.77480442008488,142.63533383088497,142.97764896165427,72282600
2021-08-13,145.8236846923828,146.15620995558572,145.01192130974562,145.69653653501413,59375000
2021-08-16,147.79928588867188,147.8677548726636,143.25147091055382,145.27597699148956,103296000
2021-08-17,146.8897247314453,148.3469738946529,145.81389018106398,146.92883920441727,92229700
2021-08-18,143.1439208984375,147.40811589626918,142.93852882196452,146.508333547451,86326000
2021-08-19,143.47640991210938,144.74784668525945,141.32475571635126,141.8431082977637,86960300
2021-08-20,144.93368530273438,145.23687099584217,143.55466496618592,144.2001657522503,60549600
2021-08-23,146.42030334472656,146.8897517241176,144.64028856581433,145.05105776321832,60131800
2021-08-24,146.332275390625,147.54503325209566,145.87260188236166,146.16601272730568,48606400
2021-08-25,145.09994506835938,147.0168826886461,144.5522528692755,146.51807985316438,58991300
2021-08-26,144.29795837402344,145.84324134015625,144.26861878609316,145.09017201862116,48597200
2021-08-27,145.3346710205078,145.48136895257556,143.60356080464544,144.23927174159581,55802400
2021-08-30,149.75531005859375,150.11718976304945,145.34441894527527,145.72584842138494,90956700
2021-08-31,148.49368286132812,149.44236923362013,147.96554048732443,149.3054461965621,86453100
2021-09-01,149.15872192382812,151.57444704677317,148.9924593146708,149.47169736941174,80313700
2021-09-02,150.27371215820312,151.32020730323478,149.05117946923792,150.48887910534057,71115500
2021-09-03,150.90945434570312,151.23220480113145,149.72603600913263,150.38131181009447,57808700
2021-09-07,153.24688720703125,153.80435423363667,150.99742455621305,151.56468139327094,82278300
2021-09-08,151.70162963867188,153.58921285674052,150.59645536526742,153.53053367824012,74420200
2021-09-09,150.68447875976562,152.67964530991367,150.56710548729126,152.073273942186,57305700
2021-09-10,145.69651794433594,152.06346111215902,145.43244677560867,151.59401286380336,140893200
2021-09-13,146.2637939453125,148.09269782306362,145.48137014638132,147.32006383534568,102404300
2021-09-14,144.86521911621094,147.7504080093713,143.68181590903453,147.04622803340942,109296300
2021-09-15,145.7551727294922,146.15616685872772,143.15362071709498,145.29549944446381,83281300
2021-09-16,145.52047729492188,145.69652972947753,143.98498428450677,145.1781771600229,68034100
2021-09-17,142.85047912597656,145.54984051172312,142.55706833315722,145.54984051172312,129868800
2021-09-20,139.79905700683594,141.65730067907975,138.16575516526504,140.6401600731503,123478900
2021-09-21,140.2782440185547,141.42254742441006,139.6425331695155,140.76725695581268,75834000
2021-09-22,142.64508056640625,143.21232244413056,140.54231597032648,141.27583538032138,76404300
2021-09-23,143.6035614013672,143.8480679048245,142.43970805715156,143.42750895866175,64838200
2021-09-24,143.69158935546875,144.22950668219346,142.3614732946102,142.45928187164873,53477900
2021-09-27,142.1756134033203,142.75265999815156,140.65968527072772,142.273421957967,74150700
2021-09-28,138.79165649414062,141.5692464173405,138.57648960622467,140.10220759436288,108972300
2021-09-29,139.69146728515625,141.2758647647725,138.90904343372455,139.33937729818666,74602000
2021-09-30,138.39068603515625,141.20740583386313,138.17551911033874,140.5032258841864,89056700
2021-10-01,139.51539611816406,139.77946730384753,136.0531908135578,138.7818766539813,94639600
2021-10-04,136.08253479003906,139.08508172360442,135.23165695964403,138.64495809209728,98322000
2021-10-05,138.00927734375,139.11445172258436,136.2977314979069,136.42487967911666,80861100
2021-10-06,138.87969970703125,139.02639764577518,135.32946035449564,136.4052949835953,83221100
2021-10-07,140.14134216308594,141.0509141240026,139.5838750906148,139.91640035654444,61732700
2021-10-08,139.75990295410156,141.01177498221017,139.42737771114903,140.86507705840515,58773200
2021-10-11,139.67190551757812,141.62795772548145,138.69387941362646,139.1437779877816,64452200
2021-10-12,138.40045166015625,140.10222224522562,137.94077825367475,140.0826575469626,73035900
2021-10-13,137.8136444091797,138.29286758829517,136.1412134172162,138.13639477336537,78762700
2021-10-14,140.60101318359375,140.71838645223315,138.4004546711347,138.98727624385413,69907100
2021-10-15,141.6573028564453,141.71598203721894,140.3565262964831,140.61082264449493,67940300
2021-10-18,143.32972717285156,143.6133481739968,140.01421930853004,140.29784030967528,85589200
2021-10-19,145.49111938476562,145.8921135630049,143.32969062365265,143.77957415536835,76378900
2021-10-20,145.98019409179688,146.45943233131632,144.86524475312603,145.43250177434402,58418800
2021-10-21,146.19534301757812,146.35183078139093,144.62072033751141,145.54006729554342,61421000
2021-10-22,145.42266845703125,146.87991744687585,145.3737641790151,146.40069432339263,58883400
2021-10-25,145.373779296875,146.08773407498782,144.3761886308666,145.4128937692613,50720600
2021-10-26,146.0388641357422,147.52545305998103,145.73566350958762,146.04863902426567,60893400
2021-10-27,145.57919311523438,146.43984594803317,145.22710311706854,146.07798106118008,56094900
2021-10-28,149.21743774414062,149.804244404835,146.43005760449074,146.5278661763529,100077900
2021-10-29,146.50830078125,146.6452238271108,143.19279317037723,143.98499185882136,124953200
2021-11-01,145.68675231933594,146.4104819724985,144.5522386338212,145.71609190400514,74588300
2021-11-02,146.72348022460938,148.23942366972244,145.38357431484795,145.39336412691904,69122000
2021-11-03,148.16116333007812,148.63061162902127,146.52786170952203,147.0853287663622,54511500
2021-11-04,147.642822265625,149.0805068605867,147.32984675958332,148.24919365421385,60394600
2021-11-05,148.1717071533203,149.07280247570614,146.9767728258522,148.76917431705436,65463900
2021-11-08,147.34898376464844,148.45577097835087,147.07473798616405,148.29905483485294,55020900
2021-11-09,147.7113800048828,148.3186363926463,146.97678987957883,147.1139127718246,56787900
2021-11-10,144.88076782226562,147.04536675115244,144.81221384507222,146.93762626246985,65187100
2021-11-11,144.83177185058594,146.35971678839883,144.64567331029048,145.89938743250096,41000000
2021-11-12,146.90823364257812,147.3097982131486,144.449795829464,145.38027365145768,63804000
2021-11-15,146.91802978515625,148.75940720761815,146.35973409824072,147.2804228094717,59222800
2021-11-16,147.89749145507812,148.37742909241703,146.2715949157919,146.8592730453793,59256200
2021-11-17,150.3363037109375,151.81527292494047,147.88767027666427,147.89745943010328,88807000
2021-11-18,154.6262969970703,155.4098626732955,149.9053395784081,150.5517823821893,137827700
2021-11-19,157.25125122070312,157.71159552855715,153.31384424629613,154.41082730572364,117305600
2021-11-22,157.71157836914062,162.2954127503928,157.69198511799027,158.35800620438556,117467900
2021-11-23,158.09356689453125,158.47555309859132,155.79184557181551,157.80951705712113,96041900
2021-11-24,158.61268615722656,158.8085738483819,156.35994034575776,157.4471342187338,69463600
2021-11-26,153.58807373046875,157.15328324096114,153.14732272261747,156.2913744764638,76959800
2021-11-29,156.94760131835938,157.87807895924246,155.52738208486963,156.0954667892113,88748200
2021-11-30,161.90367126464844,162.11915223655976,156.63420649835714,156.70277541909022,174048100
2021-12-01,161.38453674316406,166.800912709941,161.14946255292463,164.0388470193993,152052500
2021-12-02,160.39529418945312,160.82625610567675,154.55775990226203,155.47844855141722,136739200
2021-12-03,158.51475524902344,161.57066041655554,156.43831855392804,160.64997170977935,118023100
2021-12-06,161.92323303222656,164.43063118657795,160.90459319122638,160.91438234430973,107497000
2021-12-07,167.662841796875,168.05463216133037,164.881197462976,165.60599842826275,120405400
2021-12-08,171.4827423095703,172.34466628131048,167.19273065330603,168.5933571073838,116998900
2021-12-09,170.97340393066406,173.11840952908594,170.34655427614908,171.31621864051468,108923700
2021-12-10,175.7628936767578,175.93920304428585,171.1007012965135,171.6100212029294,115402700
2021-12-13,172.12916564941406,178.38787299583686,171.92347383588933,177.3986153833375,153237000
2021-12-14,170.74813842773438,174.08807860568035,168.67170169318734,171.64923389641092,139380400
2021-12-15,175.6160125732422,175.81190028087914,168.76962734356553,171.5121000863054,131063300
2021-12-16,168.72064208984375,177.41819331105674,167.24167279418768,175.5964093375668,150185800
2021-12-17,167.62368774414062,169.90581641519873,166.2034830196523,166.43854231760713,195432700
2021-12-20,166.26222229003906,167.07517044282818,164.01928047689202,164.82242453025603,107499100
2021-12-21,169.43565368652344,169.6413305368034,165.64515876193008,168.03502751462352,91185900
2021-12-22,172.03118896484375,172.24666990143447,168.61289133008395,169.48460422982922,92135300
2021-12-23,172.65805053710938,173.21634616947264,171.66880794684926,172.23689273327608,68356600
2021-12-27,176.6248321533203,176.71297937182496,173.4318194724349,173.4513977796986,74919600
2021-12-28,175.60621643066406,177.60430999681327,174.86183712980394,176.45835116267244,79144300
2021-12-29,175.6943817138672,176.9186986453212,174.47985393756576,175.64540604755402,62348900
2021-12-30,174.53860473632812,176.85991961465393,174.4308642572052,175.78251482342475,59773000
2021-12-31,173.9215850830078,175.54746672076513,173.61794190920978,174.43089020072648,64062300
2022-01-03,178.27032470703125,179.12245940789794,174.05868664745196,174.17621628400974,104487900
2022-01-04,176.00778198242188,179.18121654083714,175.43969718796814,178.87758836256972,99310400
2022-01-05,171.3260040283203,176.46813489136744,171.05175824457976,175.9196433238863,94537600
2022-01-06,168.4659881591797,171.69818743268368,168.1133843303379,169.15160256379613,96904000
2022-01-07,168.6324920654297,170.5620164817169,167.5159157741246,169.3376997173353,86709100
2022-01-10,168.65208435058594,168.95571251516662,164.71467747425172,165.6059836604726,106765600
2022-01-11,171.4827423095703,171.58067870481955,167.31027525099185,168.77945568721645,76138300
2022-01-12,171.92347717285156,173.53956952156884,171.22807353490404,172.50135116951776,74805200
2022-01-13,168.65208435058594,172.9910557649256,168.26029402106818,172.16831849084767,84505800
2022-01-14,169.5139923095703,170.20939579349408,167.57466398631828,167.81952731493655,80440800
2022-01-18,166.3112030029297,168.99489595879072,165.9292167455851,167.9860600754121,90956700
2022-01-19,162.81454467773438,167.56489994287205,162.53050974989438,166.50708841129685,94815000
2022-01-20,161.1298828125,166.19365539118294,160.80666137829382,163.54913404663756,91420500
2022-01-21,159.072998046875,162.91245280342872,158.96525759689624,161.04169360164727,122848900
2022-01-24,158.2992401123047,158.9652761385697,151.521424960607,156.7321237742352,162294600
2022-01-25,156.49710083007812,159.41586848190457,153.79381417388413,155.7135349318943,115798400
2022-01-26,156.40892028808594,161.01234841002858,154.57734716045317,160.14063545703362,108275300
2022-01-27,155.9485626220703,160.47363228871149,155.02787408749768,159.11219273840805,121954600
2022-01-28,166.83030700683594,166.8499002604039,159.4550237648548,162.30523687541563,179935700
2022-01-31,171.1888427734375,171.40432369026982,166.02711981248893,166.66377341050108,115541600
2022-02-01,171.0223388671875,171.2476089382928,168.7695933203212,170.43466091747592,86213900
2022-02-02,172.2270965576172,172.266283066221,169.7686736999572,171.15949584991125,84914300
2022-02-03,169.3475341796875,172.6189208077744,168.58356150993615,170.89507277733892,89418100
2022-02-04,169.0631103515625,170.7401162961765,167.38610440694853,168.3668057872498,82465400
2022-02-07,168.34719848632812,170.59299800892276,167.65089393875687,169.52403712153145,77251200
2022-02-08,171.45602416992188,171.96599307785382,168.12163049721661,168.4158439042664,74829200
2022-02-09,172.87803649902344,173.2408912177467,171.524663818335,172.65247937368048,71285000
2022-02-10,168.79830932617188,172.09346641687537,168.23931734555768,170.77933021680633,90865900
2022-02-11,165.38546752929688,169.73978371917386,164.79704076038374,169.00425774018962,98670700
2022-02-14,165.62086486816406,166.30735288699964,163.345630332233,164.13999610862248,86185500
2022-02-15,169.45541381835938,169.6123296574051,166.96443847186035,167.670544783248,62527400
2022-02-16,169.22000122070312,169.994748612644,166.76824813134002,168.53351334854412,61177400
2022-02-17,165.62086486816406,168.59238905022963,165.21877368416162,167.72936698979834,69589300
2022-02-18,164.07131958007812,167.24878200376986,162.98274061084325,166.5426908818598,82772700
2022-02-22,161.1488494873047,163.4731068473456,159.02071443579257,161.79610099125685,91162800
2022-02-23,156.98086547851562,162.94351625967545,156.6670338772365,162.34528786351217,90009200
2022-02-24,159.5993194580078,159.70719718910948,149.06658313119078,149.6353916256984,141147500
2022-02-25,161.66860961914062,161.9333881865455,157.76540780776472,160.6780917637284,91974200
2022-02-28,161.93338012695312,162.2275934848512,159.29529145951147,159.91313801466617,95056600
2022-03-01,160.05044555664062,163.3848388800103,158.84418717486,161.52149747345592,83474400
2022-03-02,163.3456268310547,164.1301909633288,159.80529409089044,161.2175065361206,79724800
2022-03-03,163.02200317382812,165.65029092720997,162.3551333488954,165.21877988081016,76678400
2022-03-04,160.02105712890625,162.3551314170317,158.97171433702658,161.31559025270195,83737200
2022-03-07,156.22569274902344,161.83530440068967,155.97070087847666,160.2073369360896,96418800
2022-03-08,154.40162658691406,159.73664445127486,152.7932769334802,155.75499927047608,131148300
2022-03-09,159.8052520751953,160.25638119604568,156.33357653036765,158.36362016341366,91454900
2022-03-10,155.4607696533203,157.29467624132576,152.96978004521466,157.10834060556428,105342000
2022-03-11,151.743896484375,156.20609005481433,151.51833939243923,155.8628386400447,96970100
2022-03-14,147.71324157714844,151.14569651195163,147.20328761828517,148.52722554311967,108732100
2022-03-15,152.09695434570312,152.56770172333492,147.47785980558257,147.9878136848799,92964300
2022-03-16,156.5101318359375,156.9122229988077,151.4791438617729,154.01915688013034,102300200
2022-03-17,157.52024841308594,157.89291972026123,154.58796090972857,155.54904405714797,75615400
2022-03-18,160.81539916992188,161.30574983268542,156.67683837905244,157.41236437319773,123511700
2022-03-21,162.18838500976562,163.13966646337798,159.8641127641069,160.3544634117704,95811400
2022-03-22,165.56199645996094,166.1504082464849,161.72745088254396,162.31586266906788,81532000
2022-03-23,166.92520141601562,169.30829877130867,164.41459311854004,164.7480429864726,98062700
2022-03-24,170.7106475830078,170.77928887853508,166.92514074013977,167.75872769617771,90131400
2022-03-25,171.34812927246094,171.89731959636083,169.4161465488256,170.52434378661113,80546200
2022-03-28,172.21115112304688,172.33863211398676,168.68062052174977,168.84733794398963,90371900
2022-03-29,175.50633239746094,175.55535549692144,172.936884505865,173.28013598798506,100589400
2022-03-30,174.33929443359375,176.1437814426428,173.2899367384836,175.10424033882794,92633200
2022-03-31,171.240234375,174.59423062931046,171.03428054201657,174.4078950100189,103049300
2022-04-01,170.946044921875,171.5050518578882,168.62178757896973,170.67144974905557,78751300
2022-04-04,174.996337890625,175.04537594723365,171.07353279095375,171.2010287452735,76468400
2022-04-05,171.68154907226562,174.85902633621265,171.05390090505156,174.07446238611692,73401800
2022-04-06,168.513916015625,170.27918145157616,166.846726701127,169.03368653783352,89058800
2022-04-07,168.81790161132812,170.01435825576067,166.57210247899573,167.8568186387604,77594700
2022-04-08,166.80747985839844,168.4648674430598,165.93465630346196,168.4648674430598,76575500
2022-04-11,162.5512237548828,165.76792249086608,162.3060484551017,165.45410588858888,72246700
2022-04-12,164.4243621826172,166.5917033939569,163.42404279659993,164.7774152033108,79265200
2022-04-13,167.1114959716797,167.73914420674996,163.55156041909547,164.1595904381064,70618900
2022-04-14,162.1001434326172,167.9647491437104,161.85496805900578,167.32728419373043,75329400
2022-04-18,161.8843536376953,163.3848252707186,160.41330184341265,160.75653828349098,69023900
2022-04-19,164.1693878173828,164.58129552240263,160.7467499371193,161.8353289533827,67723800
2022-04-20,164.00267028808594,165.62083637298807,162.89448802131358,165.50314204406817,67929800
2022-04-21,163.20831298828125,168.21969736612456,162.70816069883412,165.65026467883652,87227800
2022-04-22,158.6676483154297,164.63031369845396,158.38325153783305,163.2475363117759,84882400
2022-04-25,159.7366180419922,160.0210148088947,155.40192048493418,158.01057433340998,96046400
2022-04-26,153.77395629882812,159.20703454434567,153.69549840448505,159.11877502482716,95623200
2022-04-27,153.54840087890625,156.70624511583344,152.38136400484169,152.9011344667558,88063200
2022-04-28,160.48196411132812,161.3449860653006,155.862854289535,156.17668589618484,130216800
2022-04-29,154.60755920410156,162.9925585964128,154.21528465651994,158.7167001847882,131747600
2022-05-02,154.91159057617188,155.17636916422146,150.31209888761785,153.68571389859628,123055300
2022-05-03,156.40225219726562,157.60852567132414,153.30324720330452,155.09791756360522,88966500
2022-05-04,162.81605529785156,163.26716957480116,156.1865040661354,156.58859524312854,108256500
2022-05-05,153.7445526123047,160.91347698312873,151.9596689981739,160.68791986588977,130525300
2022-05-06,154.47132873535156,156.59275954886184,151.42668182783396,153.22400390708842,116124600
2022-05-09,149.34454345703125,153.047223819661,148.78473018495143,152.163286830581,131577900
2022-05-10,151.7508087158203,153.94099694086412,150.19902200842762,152.74278207802044,115366700
2022-05-11,143.88381958007812,152.67398849573087,143.20613912417974,150.7588143723003,142689800
2022-05-12,140.01419067382812,143.58918770892123,136.32134136947613,140.22044713133192,182602000
2022-05-13,144.48297119140625,145.45529757679608,140.55440153354604,142.00796811078922,113990900
2022-05-16,142.94097900390625,144.88563148350204,141.6052649207857,142.95081001781338,86643800
2022-05-17,146.57493591308594,147.09547018171415,144.06063880216985,146.20171700867192,78336300
2022-05-18,138.3052978515625,144.72850245560213,137.40171366939953,144.22761523431257,109742900
2022-05-19,134.89723205566406,139.13026237954173,134.160625433561,137.38205052865445,136095600
2022-05-20,135.13294982910156,138.18741285426975,130.24188557508393,136.60616321771064,137426100
2022-05-23,140.5543670654297,140.70168239695178,135.19186420352216,135.3293635083762,117726300
2022-05-24,137.85350036621094,139.4347501436659,134.8776102549607,138.2954614249139,104132700
2022-05-25,138.01065063476562,139.257960660006,135.86957246588344,135.9579616828589,92482700
2022-05-26,141.21240234375,141.76239957025606,134.69097882633443,134.93651437290322,90601500
2022-05-27,146.96775817871094,147.00703727273068,142.66597054796807,142.79365382955837,90978500
2022-05-31,146.1820526123047,147.9695587462053,144.21776806233134,146.40795612568894,103718400
2022-06-01,146.05433654785156,149.03022546904907,145.04271654801474,147.22307288441843,74286600
2022-06-02,148.50970458984375,148.5686307144866,144.23738071765732,145.1900596961789,72348100
2022-06-03,142.78384399414062,145.327588805216,141.88027492949882,144.27668941243508,88570300
2022-06-06,143.53025817871094,145.91687147884687,142.31239647541148,144.40436412307008,71598400
2022-06-07,146.05433654785156,146.3391511204913,141.52666154124893,141.77219702970612,67808200
2022-06-08,145.3177947998047,147.19367537745603,144.82672360419159,145.92671828674779,53950200
2022-06-09,140.09275817871094,145.30793069054988,139.98472194082933,144.45347180040457,69473000
2022-06-10,134.68116760253906,138.2463336751748,134.61241045362357,137.7749096051149,91437900
2022-06-13,129.52491760253906,132.78562190034356,129.09277263849617,130.49722878533498,122207100
2022-06-14,130.38919067382812,131.49901613498997,129.1320498799016,130.75259347181498,84784300
2022-06-15,133.0115203857422,134.8874157174927,129.79992595411264,131.89187879778933,91533000
2022-06-16,127.73738861083984,130.02578131377922,126.73559955515913,129.72131968565517,108123900
2022-06-17,129.2106170654297,130.70347730890373,127.49186832675026,127.747234873443,134520300
2022-06-21,133.44363403320312,134.61238545733227,130.93918382298145,131.0373890350951,81000500
2022-06-22,132.9329376220703,135.29988866486136,131.51865061736427,132.38292546422988,73409200
2022-06-23,135.8008575439453,136.11513537391474,133.2080017548958,134.37675381267343,72433800
2022-06-24,139.13027954101562,139.375815112003,137.27403122380292,137.40169953003104,89116800
2022-06-27,139.13027954101562,140.92760171899965,138.45259896728206,140.15170092235036,70207900
2022-06-28,134.98561096191406,140.85881645152855,134.867758706979,139.5918597520797,67083400
2022-06-29,136.74365234375,138.15793948922365,134.2293707457082,135.00527146488074,66242400
2022-06-30,134.27850341796875,135.89903230248103,131.38118647998766,134.79903766505709,98964500
2022-07-01,136.4490203857422,136.5570566364842,133.23742590571564,133.61062978312276,71051600
2022-07-05,139.03207397460938,139.08118409124435,134.48474992493536,135.30976092001367,73353800
2022-07-06,140.36776733398438,141.54633502633234,138.56062920663072,138.82581180795694,74064300
2022-07-07,143.73655700683594,143.93298250429626,140.7213724194376,140.73118844910394,66253700
2022-07-08,144.41419982910156,144.91510200246088,142.41063609457171,142.66598770215515,64547800
2022-07-11,142.28297424316406,144.0213706040194,141.21244255201725,143.06869121316626,63141600
2022-07-12,143.2552490234375,145.7989934962315,142.45971631070495,143.15702881773996,77588800
2022-07-13,142.89190673828125,143.83475507348882,139.58207657696678,140.43655067698472,71185600
2022-07-14,145.81866455078125,146.29008864591398,140.69188068401962,141.50706056941064,78140700
2022-07-15,147.48828125,148.1659617146879,145.55346006304742,147.1052464203459,76259900
2022-07-18,144.44366455078125,148.86330457327466,144.08026173602485,148.0481247263253,81420900
2022-07-19,148.303466796875,148.52935529848105,144.28650894193657,145.27846713272842,82982400
2022-07-20,150.30702209472656,150.97488652317665,147.6847044563416,148.42131103969578,64823400
2022-07-21,152.57579040527344,152.79186287917176,149.22668204614965,151.74096357554814,65086600
2022-07-22,151.33828735351562,153.48918116011728,150.67043785379852,152.61507520531072,66675400
2022-07-25,150.2186737060547,152.27134767920083,149.5606401112027,151.25974222884446,53623900
2022-07-26,148.89276123046875,150.3561434947877,148.1070444852617,149.54096368293668,55138700
2022-07-27,153.99005126953125,154.52041638898598,149.44274359614147,149.85524147444016,78620700
2022-07-28,154.5400848388672,154.82489948966665,151.65258430440582,154.17668202554245,81378700
2022-07-29,159.60794067382812,160.70795024668809,156.6516977293032,158.3606307359644,101786900
2022-08-01,158.62579345703125,160.66865118760447,158.01687004208316,158.1347223194791,67829400
2022-08-02,157.15255737304688,159.50970748502837,156.77935355303202,157.24096155464215,59907000
2022-08-03,163.16329956054688,163.61507661089456,157.87936937014717,157.96775857743674,82507500
2022-08-04,162.8489990234375,164.20436008201335,161.49363796486168,163.0454244700845,55474100
2022-08-05,162.622802734375,163.1145559751719,160.31155649978248,160.51809946404907,56697000
2022-08-08,162.15072631835938,165.04223808745311,161.49177870542815,163.62598619996888,60276900
2022-08-09,162.1998748779297,163.0850396486981,160.5574209787257,161.31472511427808,63135500
2022-08-10,166.44862365722656,166.54696529007254,164.14720734331007,164.91434111224348,70170500
2022-08-11,165.71102905273438,168.16979550252623,165.41597407733548,167.25512657950156,57149200
2022-08-12,169.26145935058594,169.33029699566112,166.60598003496278,167.01906593388134,68039400
2022-08-15,170.33348083496094,170.5301791193321,168.52383260735886,168.6910268994302,54091700
2022-08-16,170.17611694335938,170.84490912166515,168.82871793209483,169.93024033504878,56377100
2022-08-17,171.67105102539062,173.24465231523857,169.72371248841205,169.9204107737534,79542000
2022-08-18,171.27764892578125,172.01527879196829,170.26463844345383,170.88425233332873,62290100
2022-08-19,168.69102478027344,170.87441022573427,168.48448182965225,170.1761140668042,70346300
2022-08-22,164.80616760253906,167.05839055907853,164.38325206492678,166.89119627908354,69026800
2022-08-23,164.47177124023438,165.92737151886493,163.90133572678997,164.32425128292837,54147100
2022-08-24,164.76683044433594,165.33726597260625,163.50794341888323,164.56030249873976,53841500
2022-08-25,167.22561645507812,167.3338027751895,165.57333266477946,165.99623327523008,51218200
2022-08-26,160.92129516601562,168.2287547406751,160.86228718946123,167.75667592112484,78961000
2022-08-29,158.71827697753906,160.21319598841637,157.18400930436007,158.49205968709833,73314000
2022-08-30,156.28900146484375,159.87879372642644,155.11862647886383,159.4558931891013,77906200
2022-08-31,154.6268768310547,157.9314589229971,154.54819451849457,157.66590799399623,87991100
2022-09-01,155.3546905517578,155.8070951296429,152.11894582091065,154.05645479166745,74229900
2022-09-02,153.2401580810547,157.71511602884905,152.41401615420267,157.11517641377614,76957800
2022-09-06,151.9812774658203,154.4990520231096,151.1551355030448,153.88928271826865,73714800
2022-09-07,153.38768005371094,154.08596126340717,151.07643378022465,152.26648324611122,87449600
2022-09-08,151.9123992919922,153.78105537712216,150.1617441609201,152.08942323375317,84923800
2022-09-09,154.7744140625,155.21700399593914,152.19763181879884,152.9057577037595,68028800
2022-09-12,160.7344512939453,161.5507634451195,156.67257987610813,156.9577901423654,104956000
2022-09-13,151.30264282226562,157.89213365235918,150.84039354694787,157.26269006575274,122656600
2022-09-14,152.74839782714844,154.5088829319825,151.0764397160354,152.23697022602627,87965400
2022-09-15,149.85687255859375,152.67954626691656,148.88321078041434,152.09926605765543,90481100
2022-09-16,148.2144317626953,148.85372001445614,145.92285973622464,148.71602969989698,162278800
2022-09-19,151.9320831298828,152.01076545240036,146.64082825286496,146.8473562182448,81474200
2022-09-20,154.31214904785156,155.47269441025097,150.5551623818667,150.86987662798256,107689800
2022-09-21,151.1846160888672,156.121822780707,151.06660011449515,154.74490471552286,101696800
2022-09-22,150.2207794189453,151.9222413623521,148.42096082844884,149.8667164993867,86652500
2022-09-23,147.9488525390625,148.97170754367346,146.1097004729062,148.6963269671511,96029900
2022-09-26,148.2832794189453,151.2337989231627,147.1719122700789,147.19158660210013,93339400
2022-09-27,149.25694274902344,152.16812862553914,147.47679836474876,150.22078993520137,84442700
2022-09-28,147.36859130859375,148.15539940831013,142.45105944426174,145.20488028971093,146691400
2022-09-29,140.1300048828125,144.30007793360352,138.35969014393336,143.69030869298015,128138200
2022-09-30,135.92056274414062,140.73975244416383,135.7238644926756,138.9497638394686,124925300
2022-10-03,140.10047912597656,140.71026327900083,135.4189942166646,135.93042173003832,114311700
2022-10-04,143.6903076171875,143.80832359652302,141.88064422703837,142.6379484443843,87830100
2022-10-05,143.9853515625,144.94919877755754,140.65126498965273,141.6937945288243,79471000
2022-10-06,143.03135681152344,145.1065563258667,142.82482883069895,143.40509411965112,68402200
2022-10-07,137.7794189453125,140.73978304959337,137.1499753994762,140.18900681575843,85925600
2022-10-10,138.10400390625,139.54975990235764,136.28452558280455,138.10400390625,74899000
2022-10-11,136.68771362304688,139.01863396780078,135.94025417061508,137.59253769929057,77033700
2022-10-12,136.0582733154297,138.04496046792565,135.88124936484056,136.8352517842159,70433700
2022-10-13,140.63160705566406,141.22170198168052,132.1537703856876,132.76355465182596,113224000
2022-10-14,136.0976104736328,142.13633872738868,135.9107418701706,141.9297957953737,88598000
2022-10-17,140.06114196777344,140.5430504714938,137.95643899314493,138.743247069302,85250900
2022-10-18,141.3790740966797,144.2804155723702,138.2908639653918,143.09038098743915,99136600
2022-10-19,141.48721313476562,142.5592313713911,139.16613772854905,139.35300632169043,61758300
2022-10-20,141.0249481201172,143.48371352775374,140.29714815689607,140.66105564206316,64522000
2022-10-21,144.84100341796875,145.41143897685419,140.29719327846567,140.51356590449524,86548600
2022-10-24,146.98504638671875,147.75218027161432,143.59195189473937,144.76232705447245,75981900
2022-10-25,149.827392578125,149.97492757312142,146.89654709772452,147.61450271725704,74732300
2022-10-26,146.88673400878906,149.4831911382376,145.59832760509838,148.47018042152496,88194300
2022-10-27,142.41175842285156,146.59166146526223,141.75281080290236,145.62782920100577,109180200
2022-10-28,153.1713104248047,154.90227649289278,145.3819406077306,145.75566287950778,164762400
2022-10-31,150.8108673095703,151.6960320711127,149.41429002672785,150.63384336153183,97943200
2022-11-01,148.1652374267578,152.8860712842191,146.6703184608035,152.52217870801033,80379300
2022-11-02,142.63795471191406,149.66019092618583,142.60845071578376,146.49329861316923,93604600
2022-11-03,136.5894012451172,140.444745311601,136.46154058499346,139.71694502591794,97918500
2022-11-04,136.32339477539062,140.5496299805745,132.38284296255216,139.97824816387146,140814800
2022-11-07,136.85533142089844,137.08190888946038,133.6536338037058,135.07223453767563,83374600
2022-11-08,137.42674255371094,139.3280515614897,135.44662070693448,138.32322168629616,89908500
2022-11-09,132.8655242919922,136.49083904936677,132.58968692297566,136.44157915518326,74917800
2022-11-10,144.6872100830078,144.6872100830078,137.42674799216064,139.14089348616804,118854000
2022-11-11,147.47515869140625,147.7805490726991,142.2243712372686,143.6528333928847,93979700
2022-11-14,146.0762481689453,148.04652398997993,145.23887493220099,146.7559957323241,73374100
2022-11-15,147.81008911132812,151.3073317859871,146.35208917690562,149.9576976256643,89868300
2022-11-16,146.57864379882812,147.64259440598903,145.1009371275507,146.91360206864496,64218300
2022-11-17,148.48001098632812,149.22871050736455,143.97792279490108,144.2537602517047,80389400
2022-11-18,149.04150390625,150.43055193083845,147.74112971557977,150.04634875723008,74829600
2022-11-21,145.8102569580078,148.13518303183807,145.52457357758468,147.92831248822412,58724100
2022-11-22,147.947998046875,148.18443654711209,144.74629997055138,145.92847743972578,51804100
2022-11-23,148.82481384277344,149.5735133563615,147.1205141770319,147.22887996484198,58301400
2022-11-25,145.90878295898438,146.66734339247978,144.9334909730617,146.10580754336945,35195900
2022-11-28,142.0766143798828,144.4606467175549,141.24910200456142,142.98293960504637,69246000
2022-11-29,139.07191467285156,142.6578160052338,138.26410941652946,142.14554009146167,83763800
2022-11-30,145.8299560546875,146.50970358247017,138.46112907886217,139.2984872397453,111380900
2022-12-01,146.10581970214844,146.91364010696918,144.4310880474874,146.00731491776455,71250400
2022-12-02,145.61322021484375,145.80039880762385,143.4853188948338,143.79072424895466,65447400
2022-12-05,144.4507598876953,148.67699441991306,143.60354078156183,145.57381637424345,68826400
2022-12-06,140.7860870361328,145.11084261882044,139.81079492252832,144.88426506871545,64727200
2022-12-07,138.84536743164062,141.2392458201791,137.9193352044314,140.07679006739448,69721100
2022-12-08,140.52992248535156,141.38700272319693,139.00297068921475,140.24423909407787,62128300
2022-12-09,140.0471954345703,143.40651899251785,138.8059121667718,140.2245130259643,76097000
2022-12-12,142.3426055908203,142.35245156002605,138.96357418350942,140.57920002207968,70462700
2022-12-13,143.3080291748047,147.7411502710795,142.0963136174533,147.27813419846305,93886200
2022-12-14,141.08160400390625,144.48032672192886,139.06206832067184,143.18979848966035,82291200
2022-12-15,134.47132873535156,139.69256282085553,134.00831270124763,139.01281523751095,98931900
2022-12-16,132.51089477539062,135.6042272094749,131.74248840865712,134.65850323442362,160156900
2022-12-19,130.40272521972656,133.19066784085936,129.36834224245627,133.1020090197244,79592600
2022-12-20,130.33375549316406,131.26963355148135,127.9595693949815,129.43727633927585,77432800
2022-12-21,133.43692016601562,134.77670825725167,130.77705094971176,131.00362844860888,85928000
2022-12-22,130.26480102539062,132.56017450128888,128.3634917913713,132.35330392731453,77852100
2022-12-23,129.90028381347656,130.45195863115794,127.71327647766012,128.97425178436364,63814900
2022-12-27,128.0974884033203,129.45698360544398,126.80696007412172,129.42743066905106,69007800
2022-12-28,124.16678619384766,129.08262238361158,123.99931454878694,127.74283419111387,85438400
2022-12-29,127.68372344970703,128.54078860997595,125.83166690884427,126.08779735057679,75703700
2022-12-30,127.99897003173828,128.01867700022572,125.53613260725537,126.50157113096991,77034200
2023-01-03,123.2112045288086,128.9545531314731,122.32457886036785,128.34377240566315,112117500
2023-01-04,124.4820327758789,126.74785308207225,123.22105739420844,125.00415469022626,89113600
2023-01-05,123.16194152832031,125.87107085400619,122.90581107632524,125.24058317585433,80962700
2023-01-06,127.6935806274414,128.35362127262974,123.03388217385093,124.13723942127505,87754700
2023-01-09,128.2156982421875,131.4272575812406,127.95956778658704,128.530949601707,70790800
2023-01-10,128.78709411621094,129.30921608440133,126.21588318349379,128.32407802637962,63896200
2023-01-11,131.5060577392578,131.52574967331964,128.52109123972087,129.29934353146365,69458900
2023-01-12,131.42726135253906,132.26461961526783,129.48653833184324,131.89027740511193,71379600
2023-01-13,132.75718688964844,132.914812571895,129.70326821418658,130.0677644513709,57809700
2023-01-17,133.91966247558594,135.24958975985854,132.1365650960417,132.82615869144374,63646600
2023-01-18,133.20050048828125,136.54996329562516,133.0231678517452,134.7865730896908,69672800
2023-01-19,133.2595977783203,134.2250286377242,131.78189104102427,132.08728136161048,58280400
2023-01-20,135.8209686279297,135.9687483442848,132.22522101014553,133.26946486486585,80223600
2023-01-23,139.01280212402344,141.1899633789221,135.85050302260262,136.06723455139834,81760300
2023-01-24,140.41172790527344,141.03236969957698,138.21487421828232,138.22472018745663,66435100
2023-01-25,139.75169372558594,140.31321463501226,136.74701946562928,138.79610855058309,65799300
2023-01-26,141.82046508789062,142.10614847767724,139.79106829556534,141.0421976938989,54105100
2023-01-27,143.7611846923828,145.04186713056833,140.95355034191297,141.03236318771044,70555800
2023-01-30,140.87474060058594,143.38684562469143,140.72697590646771,142.80561778514152,64015300
2023-01-31,142.1455535888672,142.19481349464007,140.16543164570373,140.57918779657314,65874500
2023-02-01,143.2686004638672,144.43107102589934,139.2196980441436,141.83030751885846,77663600
2023-02-02,148.57850646972656,148.9331416858034,145.96788199485025,146.68702845858084,118339000
2023-02-03,152.2037811279297,155.0409826349262,145.6329141931087,145.82993873509255,154357300
2023-02-06,149.47494506835938,150.8245939938092,148.5390672218418,150.3024721942149,69858300
2023-02-07,152.35157775878906,152.9229595728958,148.4011799958932,148.4011799958932,83322600
2023-02-08,149.66213989257812,152.28261017293363,148.92328650742598,151.59301668652708,64120100
2023-02-09,148.6277618408203,152.0363458567265,148.18445275739066,151.49451696275133,56007100
2023-02-10,148.99282836914062,149.31842209117474,147.226745512614,147.46354505272012,57450700
2023-02-13,151.79489135742188,152.19940317198714,148.90402220916044,148.9336202674222,62199000
2023-02-14,151.15357971191406,151.7159729836762,148.84484061249728,150.08800434565288,61707600
2023-02-15,153.25514221191406,153.42286958750384,150.83787171493694,151.06479521662123,65573800
2023-02-16,151.65675354003906,154.24175084931028,151.3015618059057,151.45941308943844,68167900
2023-02-17,150.5122528076172,150.95623873407766,148.83496427712012,150.314927401964,59144100
2023-02-21,146.49659729003906,149.27893490600394,146.42754017987073,148.19362270368532,58867200
2023-02-22,146.92086791992188,147.94696900428042,145.19424437189434,146.88139380804506,51011300
2023-02-23,147.40431213378906,148.33175804369702,145.27317680704334,148.0850975380816,48394200
2023-02-24,144.75027465820312,145.22385866894857,143.77349352201168,145.1449254913303,55469600
2023-02-27,145.94410705566406,147.1774097603546,145.48038403430326,145.73692063205627,44998500
2023-02-28,145.44091796875,147.08860849628215,144.86866373473268,145.08572620470352,50547000
2023-03-01,143.3689727783203,145.26332395747403,143.07297711330398,144.86867310742886,55479000
2023-03-02,143.9609832763672,144.75030013651786,141.97782259518067,142.45142174425123,52238100
2023-03-03,149.01255798339844,149.0914911594904,145.36198515518814,146.0624926286878,70732300
2023-03-06,151.77516174316406,154.21216902598104,151.41010897005816,151.7356876269036,87558000
2023-03-07,149.574951171875,151.9724842932115,149.1112281718285,151.64689058754286,56182000
2023-03-08,150.82798767089844,151.41997901042942,149.80188641133856,150.76879154793838,47204800
2023-03-09,148.57839965820312,152.47563214041776,148.22320797307952,151.50872729673264,53833600
2023-03-10,146.51637268066406,148.92378215572674,145.63826168901898,148.2035375357173,68572400
2023-03-13,148.4600372314453,151.09436981836478,145.72703441304543,145.83556564568843,84457100
2023-03-14,150.55172729492188,151.35090505544113,148.0949978910982,149.25922844223368,73695900
2023-03-15,150.9464111328125,151.20293271142558,147.91741204069223,149.1704519790422,77167900
2023-03-16,153.76817321777344,154.3700254849667,149.6144034630521,150.127461556798,76161100
2023-03-17,152.9295196533203,154.64628226147335,152.21913616408204,153.99509488717774,98944600
2023-03-20,155.29747009277344,155.7118730486912,152.09088307007352,152.99860710640667,73641400
2023-03-21,157.15235900878906,157.2707512481165,154.44895412275298,155.21854884327422,73938300
2023-03-22,155.72171020507812,159.97413485829682,155.7019731494937,157.17207516380427,75701800
2023-03-23,156.80702209472656,159.39203464017027,155.57371946683134,156.70836691747317,67622100
2023-03-24,158.10939025878906,158.1981844310787,155.74145533462084,156.73795839634036,59196500
2023-03-27,156.1656951904297,158.62243920020293,155.76116835559435,157.80352453027854,52390300
2023-03-28,155.5441436767578,156.37293460313032,153.8964529365925,155.8598764210837,45992200
2023-03-29,158.6224365234375,158.89869507550165,157.22140670798015,157.24112870815475,51305700
2023-03-30,160.1912078857422,160.2997391161816,159.11577163727372,159.37229315696538,49501700
2023-03-31,162.69729614257812,162.7959663866168,159.74724553838644,160.27016471086742,68749800
2023-04-03,163.95030212402344,164.06869434845072,162.0263532022681,162.07568831410026,56976200
2023-04-04,163.41757202148438,164.61140079602018,162.90451380050268,164.3746162747725,46278300
2023-04-05,161.57249450683594,162.84527116493152,159.6386845457234,162.53941454235493,51511700
2023-04-06,162.4604949951172,162.75649064193277,159.83602334429725,160.26027222926052,45390100
2023-04-10,159.86561584472656,159.86561584472656,157.94166678976978,159.26376357061562,47716900
2023-04-11,158.6520538330078,160.19121311129285,158.36591919116847,160.1813521100088,47644200
2023-04-12,157.96142578125,159.8952361057982,157.64569304379242,159.0664602524204,50133100
2023-04-13,163.3484649658203,163.58526449148977,159.26376724154565,159.47096870837692,68445600
2023-04-14,163.00315856933594,164.0983319737809,161.63172656331614,162.39143019016473,49386500
2023-04-17,163.02285766601562,163.18072400329442,161.83889024634973,162.88472838463733,41516200
2023-04-18,164.246337890625,165.17378402192244,163.4372840126962,163.88128507276087,49923000
2023-04-19,165.39080810546875,165.91372717633618,163.32871482350347,163.58525138616776,47720200
2023-04-20,164.42391967773438,165.6276243886042,163.3484832728481,163.87140244421354,52456400
2023-04-21,162.81568908691406,164.226580111448,162.29276996055185,162.84528714652217,58337300
2023-04-24,163.1215362548828,163.38793383083043,161.70076925644653,162.79594256316088,41949600
2023-04-25,161.58238220214844,164.08844653165775,161.54290808705858,162.98341218856248,48714100
2023-04-26,161.57249450683594,163.07219461797823,160.6253265824028,160.8818480921529,45498800
2023-04-27,166.16041564941406,166.30840595665688,162.98342657757053,162.98342657757053,64902300
2023-04-28,167.41342163085938,167.5811640335514,165.63747792316207,166.23933019675923,55275900
2023-05-01,167.32464599609375,168.17315888477142,166.38733892318547,167.01878932487827,52472900
2023-05-02,166.28866577148438,168.07450075678005,165.3020235951721,167.81796415576136,48425700
2023-05-03,165.21322631835938,168.63687581044152,164.92710671677185,167.23584575291258,65136000
2023-05-04,163.57537841796875,164.8086809772467,162.11515240317325,162.68740659727376,81235400
2023-05-05,171.25146484375,171.9717093122383,168.478988085668,168.69605053726107,113453200
2023-05-08,171.18238830566406,171.52771903028287,169.8109565174022,170.17600924259867,55962800
2023-05-09,169.4755096435547,171.22185523763014,169.30778230115573,170.73841026688106,45326900
2023-05-10,171.24160766601562,171.70533067690712,169.60377809797177,170.70882753380215,53724500
2023-05-11,171.42904663085938,172.2578222934666,169.8701504721675,171.52771685234399,49514700
2023-05-12,170.50035095214844,171.97247152405595,168.94917294661113,171.5377460938216,45533100
2023-05-15,170.00636291503906,171.13269023363048,169.41355271544793,171.08328687103295,37266700
2023-05-16,170.00636291503906,171.063522510836,169.7395968176441,169.92732055004092,42110300
2023-05-17,170.618896484375,170.8560084675657,168.37611683004315,169.65065404284252,57951600
2023-05-18,172.95057678222656,173.13830046836398,170.51019901401196,170.92516002115397,65496700
2023-05-19,173.0592803955078,174.27452457823847,172.84191768629904,174.27452457823847,55809500
2023-05-22,172.1107940673828,172.61468722054929,171.3697889134683,171.89343134950482,43570900
2023-05-23,169.50245666503906,171.30063640969706,169.22581594675142,171.0536346915268,50747300
2023-05-24,169.7790985107422,170.35214430979713,168.4749372695529,169.03809335131075,45143500
2023-05-25,170.91529846191406,171.81437317497037,169.63088663153601,170.34225271987503,56058300
2023-05-26,173.32601928710938,173.66195304430255,171.03385143516303,171.24133948884744,54835000
2023-05-30,175.17361450195312,176.84334846181008,174.45237373510062,174.8376957969301,55964400
2023-05-31,175.1242218017578,177.19904230758075,174.64009299685546,175.20326416230037,99625300
2023-06-01,177.93016052246094,177.95979952365096,174.8080550736066,175.568824614325,68901800
2023-06-02,178.7798309326172,179.5998784017098,177.11009699591673,178.8588732872537,61996900
2023-06-05,177.42626953125,182.73186141970515,175.90473056039738,180.43969339813148,121946500
2023-06-06,177.06072998046875,177.95980483638854,175.30206376122024,177.81160982601426,64848400
2023-06-07,175.68739318847656,179.03673595726826,175.19338974130497,176.2999526387169,61944600
2023-06-08,178.40438842773438,178.67113939917257,175.3316867918341,175.76639710388454,50214900
2023-06-09,178.7897186279297,180.04447641965535,178.46367457216073,179.3232356709596,48900000
2023-06-12,181.5857696533203,181.68457636718009,178.79959821677159,179.09600328256303,54274900
2023-06-13,181.1114959716797,181.94141793661493,180.25193501340996,180.60761800920864,54929100
2023-06-14,181.74383544921875,182.1785608236948,179.83698969165084,181.17078973520816,57462900
2023-06-15,183.77914428710938,184.28303741690132,181.57589328622848,181.7537423543279,65433200
2023-06-16,182.70220947265625,184.74739071591918,182.06001110467366,184.4904993080967,101256200
2023-06-20,182.79115295410156,183.86809194337903,182.1983578536973,182.1983578536973,49799100
2023-06-21,181.75372314453125,183.18632987573855,180.40014368436258,182.68243679920374,49515700
2023-06-22,184.7572479248047,184.8066512736315,181.46718389330616,181.5363515968208,51245300
2023-06-23,184.44113159179688,185.3105825386594,182.79116178184807,183.32469398134634,53117000
2023-06-26,183.04803466796875,185.79469252512132,183.00850595123646,184.58932295318664,48088700
2023-06-27,185.8045196533203,186.1305636419401,183.44318447130215,183.660547130382,50730800
2023-06-28,186.9802703857422,187.62246871870772,185.35006534003824,185.67609428855022,51216800
2023-06-29,187.3162078857422,187.79046201011187,186.67400948819943,186.81232983886036,46347300
2023-06-30,191.64366149902344,192.14753949056515,188.96615669898216,189.3317294308403,85213200
2023-07-03,190.1518096923828,191.5547776450248,189.46019281962833,191.45597092726317,31458200
2023-07-05,189.0353240966797,190.66552912461296,188.33383270493644,189.27245113243498,46920300
2023-07-06,189.50958251953125,189.7170705815605,186.9308841600135,187.56320791106293,45094300
2023-07-07,188.3931427001953,190.3592817984136,187.9584323411384,189.11439856972888,46815000
2023-07-10,186.3479766845703,187.71143099184326,184.79679865953796,186.9901751208951,59922200
2023-07-11,185.8243408203125,187.02971045254367,184.36209481962464,186.8913900886379,46638100
2023-07-12,187.49403381347656,189.40087948911426,186.20962210110736,187.40510175376477,60750200
2023-07-13,188.2548370361328,188.897050597116,187.50395718374455,188.21532339160274,41342300
2023-07-14,188.4029998779297,188.88711351202284,187.35571518892922,187.94851016296312,41616200
2023-07-17,191.6634521484375,191.9894962144421,189.5095893997432,189.598506397075,50520200
2023-07-18,191.40655517578125,191.99936529239264,190.1122686661601,191.03112283932904,48288200
2023-07-19,192.7601318359375,195.85258285437448,190.3395031262878,190.7841182449009,80507300
2023-07-20,190.8137664794922,194.11370571807572,190.1913173439326,192.7502514500073,59581200
2023-07-21,189.63804626464844,192.63170595716375,188.93655473427472,191.77214478083425,71951700
2023-07-24,190.4383087158203,192.57240699977407,189.94430532096735,191.09039681521514,45377800
2023-07-25,191.29788208007812,192.10805493602857,190.60628029804008,191.01136672601527,37283200
2023-07-26,192.16732788085938,193.29365506077994,191.00148706119938,191.34728040522955,47471900
2023-07-27,190.90267944335938,194.83494237556206,190.24071668140024,193.66910156142774,47460200
2023-07-28,193.4813995361328,194.27180809784448,191.81166540691163,192.33530787544035,48291400
2023-07-31,194.0939483642578,194.13347708185938,192.91821776612247,193.70862628447964,38824100
2023-08-01,193.26402282714844,194.37058568804014,192.93797875368105,193.88647197429418,35175100
2023-08-02,190.27035522460938,192.83916391140565,189.54911446715442,192.70084355962268,50389300
2023-08-03,188.87725830078125,190.06286344658966,188.40301925761534,189.27247006657564,61235200
2023-08-04,179.807373046875,185.13272939460776,179.7382053306166,183.2950360404776,115956800
2023-08-07,176.7050323486328,180.93370048918646,175.2230220636036,179.9456936325003,97576100
2023-08-08,177.6436004638672,178.1079648000796,175.45022447284256,177.5349191282476,67823000
2023-08-09,176.05294799804688,178.76007719518685,174.88709204262926,178.70079919463467,60378500
2023-08-10,175.8355712890625,178.58222898523437,175.47001359754938,177.3274561288203,54686900
2023-08-11,175.89491271972656,176.71606748177,174.66813966002076,175.42993638319382,52036700
2023-08-14,177.54713439941406,177.77467859210861,175.42004228880285,176.07301094207762,43675600
2023-08-15,175.5585479736328,177.56690888775307,175.1628176334086,176.97331337741676,43622600
2023-08-16,174.68795776367188,176.63694575843348,174.61869664349865,175.24198634047178,46964900
2023-08-17,172.14535522460938,175.61793712814787,171.6308936142582,175.25188574378228,66062900
2023-08-18,172.630126953125,173.23362560342792,170.12709527960956,170.46346761685473,61172200
2023-08-21,173.96571350097656,174.2526308376999,171.88810651020768,173.2039318191006,46311900
2023-08-22,175.3408966064453,175.78609702554508,174.37134667878323,175.17271045239184,42038900
2023-08-23,179.18943786621094,179.61486234805133,176.42918310654636,176.61716031274474,52722800
2023-08-24,174.4999542236328,179.16964451815014,174.1338878222112,178.74422007761805,54945800
2023-08-25,176.70619201660156,177.2404295003986,173.9459373407173,175.4893068451812,51449600
2023-08-28,178.26937866210938,178.66510907128173,176.64685983066678,178.17043851174256,43820700
2023-08-29,182.15745544433594,182.9291401969668,177.58670497165372,177.78457014737916,53003900
2023-08-30,185.64984130859375,185.84772159478027,182.77087033679462,182.9687355268348,60813900
2023-08-31,185.86749267578125,187.10416895130786,185.48165028166278,185.8378136528603,60794500
2023-09-01,187.4405517578125,187.89564016216337,186.27312153245367,187.47023078000296,45766500
2023-09-05,187.67799377441406,187.9550080601447,185.6102746073009,186.27313129788112,45280000
2023-09-06,180.96035766601562,186.83704535292617,179.5357042757167,186.39182984634905,81755800
2023-09-07,175.66737365722656,176.31045432139675,171.69021887943939,173.31273740579792,112488800
2023-09-08,176.28076171875,178.31881673909905,175.89491935539235,176.44896296342043,65551300
2023-09-11,177.44821166992188,178.3781946740771,175.44973851819339,178.15065045906456,58953100
2023-09-12,174.4208221435547,178.2100000030001,172.95660168355545,177.57682236385347,90370200
2023-09-13,172.35311889648438,175.41017925863045,172.1255595752841,174.6285913393108,84267900
2023-09-14,173.86680603027344,174.2229694212733,171.72982568427443,172.14534712441645,60895800
2023-09-15,173.14456176757812,174.61868528190746,171.967258666553,174.59889423512476,109259500
2023-09-18,176.07301330566406,177.46798769380123,174.2921965438023,174.59888982853914,67257600
2023-09-19,177.16128540039062,177.71531389898738,175.2419616044344,175.6278039585389,51826900
2023-09-20,173.6194610595703,177.78457830053213,173.5304088946865,177.3492658362857,58436200
2023-09-21,172.07608032226562,174.42082885900223,172.006834299268,172.68948203416045,63149100
2023-09-22,172.92689514160156,175.19249433338604,172.19479251227028,172.80817906033587,56725400
2023-09-25,174.20315551757812,175.08366835534056,172.2937196425223,172.34318970903263,46172700
2023-09-26,170.12710571289062,173.33256128157663,169.8303003575296,172.95662192119033,64588900
2023-09-27,168.6133575439453,171.19553782333026,167.24807740616436,170.78001646868876,66921800
2023-09-28,168.87062072753906,170.19633406818943,165.83333655703308,167.53500431517824,56294400
2023-09-29,169.38507080078125,171.22524557281096,168.52433390834895,170.18643455541363,51861100
2023-10-02,171.8979949951172,172.4421355524603,169.10804618991,169.39496352748424,52164500
2023-10-03,170.56239318847656,171.77929356494764,168.9992475938596,170.42388604353025,49594600
2023-10-04,171.8089599609375,172.3531005247124,169.14763028223018,169.26634637027362,53020300
2023-10-05,173.04562377929688,173.57986123329636,170.83938266052527,171.93755168454948,48527900
2023-10-06,175.59815979003906,176.09283034712797,171.33408690716874,171.94748866333921,57266700
2023-10-09,177.0821533203125,177.1415113656987,173.92615307401468,174.9253820623563,42390800
2023-10-10,176.488525390625,177.80435062036204,176.05321297222847,176.20162316730602,43698000
2023-10-11,177.88351440429688,177.9329844734106,175.70696722860302,176.300562769531,47551100
2023-10-12,178.78382873535156,180.39644439001881,177.13161588848607,178.1506510638416,56743100
2023-10-13,176.94366455078125,179.9908219020002,176.24122571645097,179.48626336769357,51427100
2023-10-16,176.8150177001953,177.17118104988546,174.6285675347915,174.86601479996662,52517000
2023-10-17,175.26174926757812,176.51821654411026,172.93680701299223,174.7670787756051,57549400
2023-10-18,173.96571350097656,175.68717223288098,173.2434988158149,173.70849028197048,54764400
2023-10-19,173.5897674560547,175.94438862084118,173.3226411761323,174.16357191493293,59302900
2023-10-20,171.0372772216797,173.55019672394363,170.7998299466356,173.44136860989997,64244000
2023-10-23,171.15599060058594,172.15521956196545,168.11870652701532,169.08827156264798,55980100
2023-10-24,171.59132385253906,171.81886808001443,169.62252961684246,171.2054814250168,43816600
2023-10-25,169.2762451171875,171.21534495437086,168.83102960610762,170.04792986204652,57157000
2023-10-26,165.1111297607422,169.55327657792432,163.90413245355498,168.55403244057868,70625300
2023-10-27,166.42694091796875,167.1590586780216,165.05175755916278,165.13090664912622,58499100
2023-10-30,168.474853515625,169.34547832959018,167.0699912633637,167.21840145454993,51131000
2023-10-31,168.9497833251953,169.07838740239757,166.1103641120373,167.54492077929578,44846000
2023-11-01,172.11566162109375,172.37288485640974,168.3066925856151,169.1773175299865,56934900
2023-11-02,175.67730712890625,175.88506030695757,173.58979679508,173.64915484595178,77334800
2023-11-03,174.76708984375,174.93529110628108,171.5022764668811,172.38278939451087,79829200
2023-11-06,177.319580078125,177.51744525540883,174.3317811800047,174.49996733550321,63841300
2023-11-07,179.8820037841797,180.4953904276926,177.06237564620827,177.27012882075113,70530000
2023-11-08,180.94058227539062,181.4946108426327,179.65443590363796,180.40634475587757,49340300
2023-11-09,180.46571350097656,182.15747832651147,179.87210280308707,181.00985412468407,53763500
2023-11-10,184.65609741210938,184.82452025063435,181.8129530168045,182.24883894138773,66133400
2023-11-13,183.07110595703125,184.28959445510736,182.4866293320066,184.08156757584422,43627500
2023-11-14,185.6864013671875,186.35013134634684,184.55706727911962,185.94396348691,60108400
2023-11-15,186.2510528564453,187.72711849110286,186.02320887124122,186.09256123667055,53790500
2023-11-16,187.93516540527344,189.173470968727,186.88506958999568,187.79647578680803,54412900
2023-11-17,187.91531372070312,188.59886068457095,186.8057969770521,188.47007209252862,50922700
2023-11-20,189.6588897705078,190.11459289941732,188.10358573904105,188.11348674243894,46505100
2023-11-21,188.8564453125,189.72821721009598,187.96487141071046,189.6192457228965,38134500
2023-11-22,189.5201873779297,191.12502655036587,189.0446822742513,189.69851123933077,39617700
2023-11-24,188.19271850585938,189.11401054524026,187.47945332619432,189.08429242242372,24048300
2023-11-27,188.01438903808594,188.88616092409407,187.13271615011263,188.14317764380084,40552600
2023-11-28,188.61868286132812,189.29232889633607,187.62803848681267,188.0044881862593,38415400
2023-11-29,187.5983123779297,190.29286617117475,187.2020606914072,189.11399699712592,43014200
2023-11-30,188.1729278564453,188.53947661613677,186.42939890312388,188.06395635211047,48794400
2023-12-01,189.45083618164062,189.76783452208102,187.45963130874318,188.54934617033052,45704800
2023-12-04,187.65777587890625,188.2719857330804,185.69630404843608,188.20263336404662,43389500
2023-12-05,191.61044311523438,192.58127042048946,188.40074973234698,188.43048297188668,66628400
2023-12-06,190.520751953125,192.93791176533594,190.3127099631217,192.6308143978356,41089700
2023-12-07,192.45248413085938,193.17565028147504,191.77883810543793,191.8184723448333,47477700
2023-12-08,193.87904357910156,194.15642283244122,191.8581203150147,192.38316069569592,53406400
2023-12-11,191.37266540527344,191.6797778466323,189.62913681721145,191.30332816215127,60943700
2023-12-12,192.8883819580078,192.8982829604503,189.92634969600132,191.27362671385956,52696900
2023-12-13,196.10797119140625,196.1475903161728,193.02706651664724,193.26481149731427,70404200
2023-12-14,196.25657653808594,197.75244424587422,194.32482284497263,196.16742216364264,66831600
2023-12-15,195.7216033935547,196.5438248679527,195.15692888170386,195.68196915621468,128538400
2023-12-18,194.05734252929688,194.7904248709577,192.57137584033416,194.2554683979516,55751900
2023-12-19,195.09750366210938,195.10740466398735,194.05732405565033,194.32480226669028,40714100
2023-12-20,193.0072784423828,195.83060632493024,193.0072784423828,195.05790478940895,52242800
2023-12-21,192.85861206054688,195.23616728980707,191.68965912108493,194.26534017377563,46482500
2023-12-22,191.78875732421875,193.58182122700063,191.164646529934,193.35396213687642,37149600
2023-12-26,191.24391174316406,192.0760494430794,191.02596875756228,191.7986702097743,28919300
2023-12-27,191.3429412841797,191.68967283701622,189.3022164363663,190.68912753168,48087700
2023-12-28,191.76895141601562,192.8388492190412,191.36278357008254,192.32370988068791,34049900
2023-12-29,190.72877502441406,192.58127531145587,189.9362564400636,192.08595308574118,42672100
2024-01-02,183.90322875976562,186.67703614744315,182.16960103197144,185.39909638597572,82488700
2024-01-03,182.5262451171875,184.14100045386294,181.7139093893273,182.49652699212288,58414500
2024-01-04,180.2081298828125,181.37708304150152,179.18776734055538,180.44587486910356,71983600
2024-01-05,179.48495483398438,181.05017488447822,178.48440937769652,180.28738953880892,62379700
2024-01-08,183.82398986816406,183.86362411289957,179.80197564152536,180.38645226507356,59144500
2024-01-09,183.40792846679688,183.41782947036643,181.02047151140061,182.1993409257264,42841800
2024-01-10,184.4480743408203,184.65610118978807,182.19930742900604,182.62529236075727,46792900
2024-01-11,183.8536834716797,185.3000308909078,181.90211286972462,184.7947925921475,49128400
2024-01-12,184.1806182861328,184.99295400827782,183.45745205458948,184.31930790747037,40477800
2024-01-16,181.9120330810547,182.5361287641061,179.23728115128065,180.45578462721193,65603000
2024-01-17,180.9709014892578,181.21856257523459,178.61317822966134,179.5741044525339,47317400
2024-01-18,186.86526489257812,187.3704881134165,184.0914574471942,184.34901955890965,78005800
2024-01-19,189.76783752441406,190.15418823308323,187.0534815615711,187.5587047602819,68903000
2024-01-22,192.0760498046875,193.50258021639056,190.46129453087994,190.50092877344645,60133900
2024-01-23,193.35397338867188,193.91864797179585,192.01661247228014,193.19548176740474,42355600
2024-01-24,192.68032836914062,194.542744606446,192.5218216434054,193.59171936806808,53631300
2024-01-25,192.3534393310547,194.43379881211092,191.30335858737243,193.3936190715828,54822100
2024-01-26,190.61981201171875,192.9379165033589,190.14430688636483,192.45251037482265,44594000
2024-01-29,189.93626403808594,190.40186815816608,187.80638442872507,190.21364328629937,47145600
2024-01-30,186.28076171875,190.00559424490717,185.71610228505008,189.15363947733223,55859400
2024-01-31,182.67481994628906,185.34957189909602,182.62529981948686,185.2901205380725,55467800
2024-02-01,185.11183166503906,185.2009860420896,182.10027903950464,182.2686867903897,64885400
2024-02-02,184.11129760742188,185.57744732440864,177.5730374619885,178.17733124850895,102551700
2024-02-05,185.92413330078125,187.47945226083425,184.10135123689923,186.3897373769733,69668800
2024-02-06,187.5289764404297,187.53887744205016,185.02264747144727,185.11180183413052,43490800
2024-02-07,187.63796997070312,189.26262627331204,186.8454513829838,188.85645841865113,53439000
2024-02-08,186.55816650390625,187.7667388029894,185.5972401965417,187.61814818475136,40962000
2024-02-09,187.3219451904297,188.45272038917548,186.47881682618166,187.12355136214254,45155200
2024-02-12,185.6356658935547,187.14337102036012,185.27857823550397,186.89539390047275,41781900
2024-02-13,183.54275512695312,184.70330147289806,182.02513622573113,184.26685928046126,56529500
2024-02-14,182.65994262695312,184.02878118831165,180.96378758253468,183.8204888809099,54630500
2024-02-15,182.372314453125,182.99722170980874,179.88262933424807,182.06482521105013,65434500
2024-02-16,180.8348388671875,183.35429496994237,180.2000180232841,181.9358579237584,49752500
2024-02-20,180.0908966064453,180.95385211869663,178.543521838827,180.31903131312703,53665600
2024-02-21,180.8447723388672,181.41015233649017,179.1982005294332,180.4678422502364,41371400
2024-02-22,182.87815856933594,183.46339606563654,180.98362490692526,181.99536064224762,52292200
2024-02-23,181.04315185546875,183.54275049121756,180.75548990166286,183.51299444569602,45119700
2024-02-26,179.69415283203125,181.28119739799624,179.18826979539264,180.7654158601022,40867400
2024-02-27,181.1522674560547,182.43182285515786,178.10710087323727,179.63464855081253,54318900
2024-02-28,179.95204162597656,181.6382830805114,178.67248629654023,181.03321827875988,48953900
2024-02-29,179.28749084472656,181.09277187641788,178.0773610649901,179.8032875873991,136682600
2024-03-01,178.206298828125,179.06925444803085,175.94474848019505,178.09718827908785,73563100
2024-03-04,173.68316650390625,175.46858951163802,172.38375378915603,174.72465821330945,81510100
2024-03-05,168.74346923828125,170.6479317427376,168.24751498810025,169.37829007310003,95132400
2024-03-06,167.75157165527344,169.85442810491517,167.31512946505867,169.67587669286206,68587700
2024-03-07,167.63253784179688,169.34853532264208,167.12666995146384,167.78131806385875,71765100
2024-03-08,169.34852600097656,172.29449531822434,167.57301652903823,167.6325286145872,76267000
2024-03-11,171.35220336914062,172.96901916174485,170.65787040570808,171.54066841678448,60139500
2024-03-12,171.82830810546875,172.62183794587216,169.62626998762764,171.7489536078961,59825400
2024-03-13,169.7453155517578,171.78864474969012,169.37829909505535,171.37204497358655,52488700
2024-03-14,171.60015869140625,172.89955631533712,170.65784870831544,171.5108905650266,72913500
2024-03-15,171.2232208251953,171.2232208251953,168.9120724685351,169.7849566919112,121752700
2024-03-18,172.31434631347656,176.27206668827822,172.11596763998543,174.1493830977455,75604200
2024-03-19,174.65524291992188,175.18095319129145,171.62991909909198,172.92931675607417,55215200
2024-03-20,177.2242889404297,177.2242889404297,173.67325471299228,174.29816190798687,53423100
2024-03-21,169.98336791992188,176.05385870042272,169.45765758517675,175.61741650508932,106181300
2024-03-22,170.88600158691406,171.64977539848843,168.68396342338923,170.37020490965267,71160100
2024-03-25,169.46759033203125,170.54876707334867,168.0789092110998,169.18985713490977,54288300
2024-03-26,168.33680725097656,170.0329624014482,168.20785429573576,168.6244540719099,57388400
2024-03-27,171.9076690673828,172.19533102381604,168.73356472173438,169.03114031499092,60273300
2024-03-28,170.0924530029297,170.83638432396197,169.13030061690222,170.36027251639132,65672700
2024-04-01,168.65419006347656,169.86431956551354,168.10863739693175,169.80480748103986,46240500
2024-04-02,167.47381591796875,167.96977013364764,166.86875116942764,167.71187939021036,49329500
2024-04-03,168.2772674560547,169.29893197888933,167.21593325359058,167.4242255584593,47691700
2024-04-04,167.45399475097656,170.5289019190824,167.45399475097656,168.9120862737285,53704400
2024-04-05,168.20782470703125,169.01126807227428,167.58291758503302,168.2177383421046,42104800
2024-04-08,167.08697509765625,167.83090643391947,166.87868279928273,167.66228381393842,37425500
2024-04-09,168.297119140625,168.70380527202582,166.98780774616682,167.3349666518587,42373800
2024-04-10,166.4224090576172,167.72180678766216,165.75783217031642,167.43415997850798,49709300
2024-04-11,173.62364196777344,174.04025682035402,166.79932237773104,166.97785862713312,91070300
2024-04-12,175.12147521972656,176.91682745493506,172.8004126107385,172.84999593498856,101670900
2024-04-15,171.29266357421875,175.200785081753,171.10419855705527,173.94105717912421,73531800
2024-04-16,168.00946044921875,172.354009228837,166.9084414489389,170.36027866522625,73711200
2024-04-17,166.64064025878906,169.2691919230274,166.64064025878906,168.23761366668208,50901200
2024-04-18,165.68838500976562,167.27544462394533,165.20235954360626,166.67037984876308,43122900
2024-04-19,163.6649169921875,165.05358296102196,162.75236290762146,164.86513304300607,68149400
2024-04-22,164.4981231689453,165.90663160390042,163.43678880778052,164.1807202784816,48116400
2024-04-23,165.54954528808594,165.69834066467516,163.5855704267702,164.0120990106031,49537800
2024-04-24,167.65235900878906,167.93009214499835,164.86509887626792,165.19241532333402,48251800
2024-04-25,168.5153350830078,169.2295104164757,166.78940883790665,168.15824741627387,50558300
2024-04-26,167.9300994873047,169.95358601606148,167.81106018420974,168.50540819041237,44838400
2024-04-29,172.09613037109375,174.60565774723543,171.69937301226366,171.9671774185786,68169400
2024-04-30,168.95176696777344,173.5740639461448,168.62443536523762,171.92749229774822,65934800
2024-05-01,167.9300994873047,171.31251085120192,167.74163446478235,168.20783263565716,50383100
2024-05-02,171.62994384765625,172.01678759624437,169.50726004906326,171.11414713776406,94214900
2024-05-03,181.89617919921875,185.48688300008854,181.1820038934194,185.13970898312533,163224100
2024-05-06,180.2397003173828,182.70954279745968,178.9601298757301,180.87452115240256,78569700
2024-05-07,180.92410278320312,183.40387401178498,179.8528549315395,181.965609726272,77305800
2024-05-08,181.26136779785156,181.58869942461462,179.9817973354757,181.3704783401059,45057100
2024-05-09,183.07656860351562,183.16583674066726,180.63646690744054,181.0828227285221,48983000
2024-05-10,181.8151397705078,183.8413711732151,180.90134794922002,183.65265049654158,50759500
2024-05-13,185.02334594726562,185.837821467034,183.37454074079744,184.1890162605658,72044800
2024-05-14,186.1655731201172,187.029714327999,185.0332642686859,186.24503525163803,52393600
2024-05-15,188.44012451171875,189.36384333151435,186.1059718662387,186.6423374407049,70400000
2024-05-16,188.55931091308594,189.81082048816586,188.3805324914181,189.1850657006259,52845200
2024-05-17,188.589111328125,189.52277241007562,187.90376371878457,188.23153932133224,41282900
2024-05-20,189.751220703125,190.6252889956646,187.73491647398643,188.05276500067424,44361300
2024-05-21,191.05239868164062,191.42982486744873,189.63203768676544,189.80088903544183,42309400
2024-05-22,189.61216735839844,191.51922822288097,188.9864276944718,190.97293553544338,34648500
2024-05-23,185.61927795410156,189.71147882549133,185.3709645001415,189.6916095055364,51005900
2024-05-24,188.6983642578125,189.2943226367172,186.771449342652,187.54620129756856,36327000
2024-05-28,188.70831298828125,191.69800175645932,187.82431762786635,190.21804799663707,52280100
2024-05-29,189.0062713623047,190.95305560689752,188.2315345598267,188.33086600869876,53068000
2024-05-30,189.99951171875,190.88350698979508,189.343975732697,189.4730884200293,49889100
2024-05-31,190.9530487060547,191.2708972062775,188.62883838261533,190.14851552916033,75158300
2024-06-03,192.72105407714844,193.67458449503022,191.22124613590765,191.5986723140291,50080500
2024-06-04,193.0388946533203,194.0023521144802,191.72779227719917,193.32693160548868,47471400
2024-06-05,194.5486297607422,195.5716800296083,193.55537589536917,194.08179923154876,54156800
2024-06-06,193.16802978515625,195.1744070683784,192.86012347629529,194.36987376952155,41181800
2024-06-07,195.56175231933594,195.6114180436154,192.83030419832767,193.33685821193552,53103900
2024-06-10,191.8171844482422,195.96899354752293,190.8537269722117,195.57168290202756,97010200
2024-06-11,205.75253295898438,205.762475197422,192.32375155853347,192.34360572370616,172373300
2024-06-12,211.63259887695312,218.7144883134223,205.50420946534445,205.97103997359795,198134300
2024-06-13,212.79470825195312,215.28776993558532,210.17251871917932,213.29133517221976,97862700
2024-06-14,211.05653381347656,213.71844708080008,209.87455920751867,212.40735976944958,70122700
2024-06-17,215.20831298828125,217.47293058672338,211.28496325493592,211.93057220447776,93728300
2024-06-18,212.84437561035156,217.15510913678148,211.56308472355843,216.1221165738588,79943300
2024-06-20,208.26547241210938,212.79472296910444,207.4410850045998,212.48680152632818,86172500
2024-06-21,206.0902557373047,210.4605668046439,205.71281440805072,208.9706859649803,241805100
2024-06-24,206.73587036132812,211.2651058128792,205.19632375372012,206.3187055335118,80727000
2024-06-25,207.65960693359375,209.95402109263304,207.20270345608853,207.73905391104032,55549700
2024-06-26,211.81138610839844,213.41052543273105,209.21899292189278,210.07319184959564,66213200
2024-06-27,212.65567016601562,214.28460598729217,210.91747580739147,213.24168634094727,49772700
2024-06-28,209.19912719726562,214.6123729638464,208.8812938369491,214.31439376890182,82542700
2024-07-01,215.2877960205078,216.04266357466884,210.49037757076027,210.65922892540738,60402900
2024-07-02,218.78402709960938,218.89328562800327,213.6489065767971,214.6918109818244,58046200
2024-07-03,220.05538940429688,220.05538940429688,217.55238550522975,218.51584293427166,37369800
2024-07-05,224.81309509277344,224.9223536333555,220.15473164881905,220.15473164881905,60412400
2024-07-08,226.2831268310547,226.31292323770106,221.7439489111218,225.55804052038548,59085900
2024-07-09,227.1372833251953,227.85242731023644,224.84286935479298,226.3923429370984,48076100
2024-07-10,231.40829467773438,231.50762613234983,227.70346178953022,227.75312751683794,62627700
2024-07-11,226.03480529785156,230.82228138425162,224.24694518340354,229.82902744909742,64710600
2024-07-12,228.98475646972656,231.07059580434316,227.13730353661973,227.3756899381295,53046500
2024-07-15,232.81871032714844,235.62962070976812,231.5175501306247,234.88468027763452,62631300
2024-07-16,233.23590087890625,234.67611608181264,230.76269307600518,233.41467931591345,43234300
2024-07-17,227.33596801757812,229.89856501704188,225.11107372236052,227.90211488577285,57345900
2024-07-18,222.6676483154297,228.88542732552744,220.7705449165008,228.7265030667722,66034600
2024-07-19,222.79678344726562,225.2699911539264,221.77373312637206,223.30335264411235,49151500
2024-07-22,222.4491424560547,226.24336434241772,221.58500128681854,225.47855462210336,48201800
2024-07-23,223.49205017089844,225.40903804109774,221.17776681088287,222.8563682936816,39960300
2024-07-24,217.06570434570312,223.2834835656707,215.66522784122517,222.48887740092556,61777600
2024-07-25,216.0227813720703,219.36011485373604,213.17213256832727,217.45305415919788,51391200
2024-07-26,216.4896240234375,218.0093012590926,214.55276681781487,217.22462220056258,41601300
2024-07-29,216.76771545410156,217.82056206049742,214.29450802816862,215.49635179854616,36311800
2024-07-30,217.32394409179688,218.84362126060284,214.66201590891492,217.71131248471113,41643800
2024-07-31,220.58181762695312,222.31008478832948,219.14160257039833,219.94613576688096,50036300
2024-08-01,216.8869171142578,222.96562598955987,215.5559605569344,222.85636745689294,62501000
2024-08-02,218.37681579589844,224.07809897050203,216.24132584869807,217.67159881719564,105568600
2024-08-05,207.85826110839844,212.0597211288106,194.67777677399005,197.74692788266515,119548600
2024-08-06,205.83200073242188,208.5733911865651,199.7135682482994,203.91502798694503,69660500
2024-08-07,208.404541015625,212.19876304064402,204.99767225034321,205.5042262843129,63516400
2024-08-08,211.87100219726562,212.75499762550604,207.42122864939222,211.67235443417223,47161100
2024-08-09,214.78121948242188,215.317569896599,210.54002126961797,210.66914912089348,42201600
2024-08-12,216.31260681152344,218.28152162650582,214.39341520959198,214.86078610016068,38028100
2024-08-13,220.03167724609375,220.64820259017597,217.7843155173404,217.7843155173404,44155300
2024-08-14,220.47915649414062,221.7818227179272,218.4704570730026,219.33559848009435,41960600
2024-08-15,223.4623565673828,224.0888356302054,221.51331902381992,223.34303300242357,46414000
2024-08-16,224.78494262695312,225.56057624113714,222.39836482120643,222.6668580486994,44340200
2024-08-19,224.62582397460938,224.72527040192085,221.791767703572,224.4567771868955,40687800
2024-08-20,225.2423553466797,225.89866536829538,224.18828995199718,224.50650638916653,30299000
2024-08-21,225.13296508789062,226.70412456960102,223.7905293550798,225.25230383574092,34765500
2024-08-22,223.2734375,227.06211276120644,222.6469583809866,226.51518775043243,43695300
2024-08-23,225.57049560546875,226.9427773475752,223.07454817990703,224.39710671028325,38677300
2024-08-26,225.90858459472656,226.00803101617393,222.6370036872603,225.490936936756,30602200
2024-08-27,226.7538604736328,227.56927874043384,223.63143365567382,224.73522230134634,35934600
2024-08-28,225.2224578857422,228.57359288043327,224.41697829182954,226.6444476309267,38052200
2024-08-29,228.50396728515625,231.61645500978045,227.59907165689773,228.81224510730237,51906300
2024-08-30,227.71841430664062,229.11057321557684,226.2069166530855,228.90175696593346,52990800
2024-09-03,221.52330017089844,227.7184305167556,219.93224829880322,227.2709519194148,50190600
2024-09-04,219.61402893066406,220.53881694406624,216.2628786668988,220.41949337418052,43840200
2024-09-05,221.13546752929688,224.2181094473344,220.28027986462445,220.38966486266608,36615400
2024-09-06,219.58421325683594,223.97947540850993,218.5400864277892,222.69668624975694,48423000
2024-09-09,219.67369079589844,220.03167667908036,215.49719894103853,219.58419811845144,67180000
2024-09-10,218.87815856933594,220.24048653111632,215.5170698289156,217.69481595725216,51591000
2024-09-11,221.41390991210938,221.84149617822106,216.6706004766808,220.22062862304543,44587100
2024-09-12,221.52330017089844,222.29893378586118,218.58981250678085,221.2548069431359,37455600
2024-09-13,221.25479125976562,222.78616606005667,220.66809680320824,222.32874892129448,36766600
2024-09-16,215.10939025878906,216.00434741371936,212.72281255665072,215.32814508742544,59357400
2024-09-17,215.5767364501953,215.6861214463737,213.2995590231644,214.54256344637628,45519300
2024-09-18,219.4549102783203,221.46360959170417,216.32253015734062,216.3324839032867,59894900
2024-09-19,227.58914184570312,228.53383738270648,223.37288038958053,223.7308662842885,66781300
2024-09-20,226.92288208007812,231.78551472560144,226.34612621296694,228.68298057338347,318679900
2024-09-23,225.20257568359375,228.16589404695566,224.54626569168985,226.06770192621624,54146000
2024-09-24,226.0975341796875,228.06646416724695,224.4667129366972,227.37036953161189,43556100
2024-09-25,225.10313415527344,226.0179836305296,222.76629484001745,223.67119056847437,42308700
2024-09-26,226.2467041015625,227.22121534991766,224.14851196557498,226.02793410267134,36636700
2024-09-27,226.5151824951172,228.23551159576573,226.0279344568732,227.1814462394898,34026000
2024-09-30,231.696044921875,231.696044921875,228.36478670449856,228.75260351180964,54541900
2024-10-01,224.94403076171875,228.36476618305377,222.4878528116685,228.2355040411627,63285000
2024-10-02,225.51083374023438,226.09752818761766,221.771881889721,224.62581519597003,32880600
2024-10-03,224.40704345703125,225.5406628776434,222.0702042586661,223.88001079844628,34044200
2024-10-04,225.53073120117188,226.72401244250622,222.87567550784985,226.6245660168141,37245100
2024-10-07,220.44932556152344,224.4269397639463,220.09133967636964,223.24359711098245,39505400
2024-10-08,224.5065155029297,224.7153317715784,222.0006140653767,223.04474092880676,31855700
2024-10-09,228.25538635253906,228.46421777631028,223.57175408478048,223.96950943919006,33591100
2024-10-10,227.7581787109375,228.21561101279016,225.89864895817115,226.50523572074002,28183500
2024-10-11,226.27655029296875,228.1261416619367,226.06771885321956,228.01675665509578,31759200
2024-10-14,230.0055389404297,230.43312517401645,227.32065245091678,227.42008369962844,39882100
2024-10-15,232.54127502441406,236.16090332060597,231.0695468532438,232.30261271123658,64751400
2024-10-16,230.48284912109375,230.8209426799016,228.55370384388218,230.30386376880503,34082200
2024-10-17,230.85079956054688,232.54129789168553,229.22993194101554,232.12363500920497,32993800
2024-10-18,233.68484497070312,234.8582339303053,232.70037994861724,234.8582339303053,46431500
2024-10-21,235.15652465820312,235.52446425425407,233.1378868595546,233.1378868595546,36254500
2024-10-22,234.54002380371094,234.89800969153723,231.29827366695753,232.5810475805218,38846600
2024-10-23,229.46856689453125,233.82405947286142,226.4853561254601,232.76999409553275,52287000
2024-10-24,229.27963256835938,229.52823345451665,227.131717270346,228.69292294524882,31109500
2024-10-25,230.11492919921875,231.91479719738325,228.28523030841902,228.45427709115,38802300
2024-10-28,232.09378051757812,233.41633904858514,231.24854661133642,232.01424158684446,36087100
2024-10-29,232.36227416992188,233.01858415019296,231.0198384903425,231.79547204033784,35417200
2024-10-30,228.812255859375,232.1633908639167,228.26533088908346,231.30820323038637,47070900
2024-10-31,224.64572143554688,228.54378173572667,224.10873499320775,228.05651850818114,64370100
2024-11-01,221.66249084472656,224.08883784550613,219.03726617591775,219.7333456007168,65276700
2024-11-04,220.7675323486328,221.5431659237015,218.48041626355018,219.7532516264011,44944500
2024-11-05,222.19947814941406,222.6966799421733,219.90240829460964,220.55871830266648,28111300
2024-11-06,221.4735565185547,224.80481443000403,219.95212032394844,221.36417152277414,54561100
2024-11-07,226.20692443847656,226.6046949785728,223.31322152292373,223.37288331058951,42137700
2024-11-08,225.93814086914062,227.63048374280507,225.39061415381417,226.1471868576639,38328800
2024-11-11,223.22042846679688,224.68381119249955,220.50272420052974,223.98696589218596,42005600
2024-11-12,223.22042846679688,224.5743058460154,222.354350392842,223.53899499841924,40398300
2024-11-13,224.10641479492188,225.62952490733255,221.75703985190805,223.00141185159572,48566200
2024-11-14,227.19247436523438,227.83954176018094,223.9869707245471,224.0068849307252,44923900
2024-11-15,223.98695373535156,225.89830725108274,223.26024476090137,225.38064426033654,47923700
2024-11-18,226.9933624267578,228.70561947942855,224.1561882479486,224.23582987715278,44633700
2024-11-19,227.252197265625,229.123737666772,225.63949596937007,225.95804731142948,36211800
2024-11-20,227.9689483642578,228.89475383274825,224.8729502483013,227.0331781982001,35169600
2024-11-21,227.49111938476562,229.1237348668511,224.69377351516385,227.8494991340082,42108300
2024-11-22,228.8350372314453,229.6812162999479,227.03318893672346,227.03318893672346,38168300
2024-11-25,231.82151794433594,232.19981188776785,228.70562083004268,230.41787789282506,90152800
2024-11-26,234.00167846679688,234.50939199708804,232.2794717613211,232.2794717613211,45986200
2024-11-27,233.8722381591797,234.6288260383393,232.75728573526553,233.41431778082386,33498400
2024-11-29,236.26145935058594,236.73929396987336,232.91658663539664,233.75280101667178,28481400
2024-12-02,238.51126098632812,239.70585504150458,236.0922091638524,236.20171450499868,48137100
2024-12-03,241.5574951171875,241.66700046466846,237.82437898500294,238.73028547870095,38861000
2024-12-04,241.91587829589844,243.01093178619982,240.16380790150487,241.7765092325954,44383900
2024-12-05,241.94573974609375,243.43898620611924,241.03984843814553,242.8914746561807,40033900
2024-12-06,241.74664306640625,243.5285923470879,240.99007032901886,241.81633519239523,36870600
2024-12-09,245.6390380859375,246.12683738886614,240.6615499788263,240.74119161135067,44649200
2024-12-10,246.65443420410156,247.09245556004478,244.23536723926503,245.7783914922151,36914800
2024-12-11,245.38021850585938,249.67081089954078,245.15124311202538,246.84360125039836,45205800
2024-12-12,246.8435821533203,247.62006903646127,244.57383373711528,245.77839247075497,32777500
2024-12-13,247.01283264160156,248.16759835190283,245.13134272203925,246.70423080565516,33155300
2024-12-16,249.9097137451172,250.2481944775453,246.53497744922532,246.87345818165343,51694800
2024-12-17,252.33872985839844,252.68716009783537,248.655391740455,248.95404406138837,51356400
2024-12-18,246.9331817626953,253.13512753347695,246.62457993830327,251.02467749046986,56774100
2024-12-19,248.66534423828125,250.86540066585474,245.97750369773615,246.3856613682502,60882300
2024-12-20,253.34417724609375,253.8518755287198,244.58379575845774,246.92320588947405,147495300
2024-12-23,254.1206817626953,254.49896052911285,252.30886880268173,253.62293295259332,40858800
2024-12-24,257.0374755859375,257.0474099027653,254.14055892454206,254.3396705835317,23234700
2024-12-26,257.853759765625,258.9289141129315,256.47003399402934,257.0275101814573,27237100
2024-12-27,254.439208984375,257.5352220874343,251.9206014592013,256.6691137206059,42355300
2024-12-30,251.06448364257812,252.35863351915538,249.6210152068174,251.09434735441482,35557500
