Price,Adj Close,Close,High,Low,Open,Volume
2018-02-01,0.027542756685721703,0.03210427364000967,0.028510949226264293,0.03132748996120083,0.028917378871301302,0.40966606263403443
2018-02-02,0.01899410694189979,0.02297105338380276,0.026245022798325968,0.02290096467303379,0.02745841911415567,0.8008883826709473
2018-02-05,0.014285303046488868,0.01794026091152029,0.022609566827817368,0.017713447365092283,0.018854291614882945,0.6631828569029053
2018-02-06,0.021964994743310706,0.02614509733625034,0.02241035907662592,0.015182954884364802,0.01352969832771897,0.6185107800319881
2018-02-07,0.017866756769499753,0.021766664065754948,0.022011943574242965,0.021597762589949165,0.02382971408806908,0.45317628981838515
2018-02-08,0.01271174875081299,0.016259131363373647,0.019023903296358252,0.016486156967449428,0.02033817719439851,0.4808251319318086
2018-02-09,0.01494016803999848,0.017839893539756402,0.015151890495996911,0.010425635970802344,0.016322931648124483,0.6426502198842772
2018-02-12,0.022368296095302692,0.025743646992313574,0.02262201018820556,0.0196239622378363,0.01810609834218735,0.5447218952759977
2018-02-13,0.024290083941576862,0.027788572369756542,0.023692728103988647,0.024862080900697137,0.022408162091823725,0.26374807838857706
2018-02-14,0.027862605166063675,0.03158989803838935,0.02716632540196709,0.02641834767675491,0.023767361477453564,0.3442098962460278
2018-02-15,0.034488969751059695,0.03864055754563164,0.03407618991675945,0.03416164848982081,0.03218445017222507,0.44859051184249327
2018-02-16,0.03382865344688765,0.03793798594328446,0.03623008810621062,0.037666385981343475,0.03538918788987863,0.3395505708990445
2018-02-20,0.033144829560946665,0.03721035599845415,0.035532860977040476,0.037223542074766,0.035002628342345854,0.27747658969785194
2018-02-21,0.03222512650627127,0.03623179805265478,0.03535855894412221,0.03670478648274669,0.03597526818044294,0.312670994531902
2018-02-22,0.033911169075651865,0.03802581457224741,0.03514690783254254,0.03759047429590173,0.034690884316613574,0.2482703323073972
2018-02-23,0.03744838110897064,0.04178950486935856,0.037263437945835615,0.039905857926376936,0.0370227235403405,0.276302813410568
2018-02-26,0.041539694961870044,0.04614284151113329,0.04191981939307787,0.04328408237753856,0.04036462939041008,0.3195347532448429
2018-02-27,0.04085583282111732,0.04541519242318423,0.04327688657776321,0.045751308685022724,0.04379381367346513,0.32714690615280906
2018-02-28,0.040537533660647884,0.045076454936371,0.04345118861068156,0.04561213082633769,0.04399331538915133,0.31575700246756394
2018-03-01,0.036858855333787105,0.04116222315317336,0.04240537641317155,0.0387924543630222,0.043095491072854764,0.4252819585068591
2018-03-02,0.03828551115266435,0.0426802533293138,0.03807271231098963,0.038526744157850595,0.035937860419542694,0.3224349049859899
2018-03-05,0.03900477812161415,0.04344553778878449,0.03986554407671919,0.04114581314234375,0.03894307739416472,0.2225237830084204
2018-03-06,0.038827887872469186,0.04325734178805765,0.040500497411458086,0.0431828603615744,0.04230990906660426,0.17667693596682615
2018-03-07,0.03689422190717259,0.04119985852469499,0.037512457133573346,0.04082950158225282,0.03860638851871717,0.25534280653289493
2018-03-08,0.03914618703293865,0.043596079274870914,0.03909361879022655,0.0418417024357689,0.03927974724226693,0.17653381675821572
2018-03-09,0.04273056724904198,0.047409943686304634,0.04267928232168561,0.04477706367422751,0.042372261677219775,0.26013034283759173
2018-03-12,0.04478207716167659,0.049592890950151874,0.04565487923918218,0.048345067338993464,0.0452776992529807,0.26034800330068675
2018-03-13,0.04271878476704877,0.047397404943503696,0.04703685214214065,0.04711777694135061,0.048145748095186736,0.2552434181935821
2018-03-14,0.04091484086811262,0.04547792442342649,0.04332669801430947,0.04530846477844522,0.045315126041226284,0.23213463541996665
2018-03-15,0.041162426009216935,0.04574137202407774,0.042978093948472795,0.04563744115686011,0.043045620400769535,0.1662938361588196
2018-03-16,0.040419613203686505,0.044951010079005205,0.04158365868762942,0.04506806490379606,0.04323265920527075,0.33188375440445633
2018-03-19,0.03721257844985959,0.04153859601150825,0.03952938337127071,0.040057700603385926,0.04157419773243895,0.2726691757252926
2018-03-20,0.03714184530308859,0.04146332526846502,0.038695222285340364,0.041677214246561456,0.03898048515506497,0.13553910844187161
2018-03-21,0.03246098654759985,0.03648270691050509,0.03656622981416233,0.037021098042837625,0.03873107471260287,0.3085294824327383
2018-03-22,0.029607674909845366,0.033446665701343,0.033565727178392624,0.03365555771612552,0.03244632352587212,0.3526171558684963
2018-03-23,0.024997530173721777,0.028541318086426293,0.0301294789590755,0.029024751842924135,0.030438691239062426,0.3480254145922456
2018-03-26,0.03422952561833886,0.03836455205906067,0.03408865227464439,0.030922621203469725,0.030039668780344697,0.313362737373519
2018-03-27,0.02900629014304526,0.0328068260992381,0.03664092797148488,0.03152993399312917,0.03703518645152548,0.34696991042874387
2018-03-28,0.026813294809462818,0.030473337349304408,0.03025398855294434,0.029341063403015066,0.02901713924281707,0.35438328665808444
2018-03-29,0.028346107730714054,0.03210427364000967,0.03240786774489873,0.03150462366260673,0.0297154428160821,0.321883299702804
2018-04-02,0.02704907834116807,0.03072424620715475,0.028909364728647163,0.028430084565463143,0.028256483058936493,0.3138159482007853
2018-04-03,0.029065317317446382,0.03286955809948036,0.028672807898794422,0.02894884015748239,0.029503459161865614,0.2411749987638575
2018-04-04,0.032861858719051035,0.03690925388316252,0.03273156609246225,0.02880966229879736,0.02606181196762558,0.2841853026014649
2018-04-05,0.034264930446536,0.03840218743058227,0.03549551189837921,0.03805860922687618,0.03566352415471066,0.2079315870305174
2018-04-06,0.02905355396285897,0.03285701935667942,0.03331672698815169,0.03314944763630473,0.03365589186790097,0.28815884840719
2018-04-09,0.031022509991917746,0.034952137991563714,0.03407618991675945,0.03523711551658018,0.03229669248227113,0.22864908636026732
2018-04-10,0.03479544817472427,0.03896673714652518,0.03520916262947699,0.03736271993345103,0.03618725183465943,0.22259534261272562
2018-04-11,0.03384047418369254,0.03795054382920418,0.03510955875388125,0.0375778094775778,0.03522707490774735,0.16319093220547443
2018-04-12,0.03584489242316591,0.04008329783561007,0.03645418257817842,0.03927323480619507,0.03669851660342324,0.16773993649582059
2018-04-13,0.03654044140888263,0.0408234856663601,0.03749999477568841,0.040298100478035115,0.03840686777568564,0.18995323033222788
2018-04-16,0.037825726571247054,0.04219097435641411,0.0379357593567326,0.041538036387876426,0.03871861180141792,0.15471111909530771
2018-04-17,0.04067901908159571,0.04522701556557618,0.04135956421566159,0.0435371277643862,0.04053920528372634,0.20467363726784432
2018-04-18,0.04020735638115602,0.04472517870675677,0.041210167901016365,0.044131795041847194,0.04218520384537319,0.1465225138193274
2018-04-19,0.034264930446536,0.03840218743058227,0.0369397395982721,0.0387924543630222,0.03713494682304122,0.2862058675396938
2018-04-20,0.02591727148320888,0.029519876032225695,0.03174800869188671,0.029644710144782038,0.03319451679856772,0.591152151869358
2018-04-23,0.025351253289794262,0.028917690944761154,0.026394419112971162,0.027949284816164766,0.028493411562868276,0.3031684754102067
2018-04-24,0.022639465327799257,0.026032191221685513,0.025659861902636555,0.024318034284281004,0.027046914716907622,0.27510617780524205
2018-04-25,0.02347653798927546,0.02692292053852194,0.02452688918991902,0.02582368039929392,0.023243633797504826,0.22233196351354673
2018-04-26,0.02414859852062906,0.027638030883670117,0.024912842334416985,0.02703830597861287,0.02511409795189848,0.21816659821294793
2018-04-27,0.021908435004262067,0.025254368019413886,0.02316982200523368,0.023571543635936526,0.024964466908297456,0.29462405987948664
2018-04-30,0.025374875635998217,0.028942768430363003,0.02681772133613039,0.025102480775346353,0.022632627684570528,0.36192586772853164
2018-05-01,0.029902389978922556,0.0337603065594356,0.029233063076210708,0.029442285418979225,0.027969683882919483,0.4726643553908359
2018-05-02,0.03870998654291363,0.04313189693069189,0.03987798743710738,0.04023483430479183,0.03896800321653465,0.6015710314795172
2018-05-03,0.03908731287778419,0.04353334727462865,0.03956673244993203,0.04104459112637959,0.03977854909984577,0.27884516713018903
2018-05-04,0.04726994058358289,0.05224002055817814,0.047970617103666735,0.04576395419722118,0.042733876375037255,0.49882237241456756
2018-05-07,0.04883810095081381,0.053908592220405005,0.05222858304852604,0.054089276775549616,0.05137541163521023,0.36216439974288234
2018-05-08,0.049887449562226294,0.055025152909489894,0.05042330792240832,0.05272280851922173,0.05113850215862378,0.22253769737592421
2018-05-09,0.051431987583253236,0.0566686279429961,0.05189242234307753,0.05468394405301061,0.053083781834817934,0.1709392471382991
2018-05-10,0.05459191153651313,0.0600308487530517,0.055590133110520606,0.057758483150154194,0.054567686441678837,0.21842798954534054
2018-05-11,0.053739670842211235,0.05821173560473841,0.055204179966022615,0.05750543776330658,0.05674989462180477,0.20076568776606568
2018-05-14,0.05321888896359203,0.05765972463159641,0.05454432091301059,0.058024193355325826,0.05615133239271014,0.14676402748385747
2018-05-15,0.05119496077016883,0.05551443188238958,0.05148158247780324,0.05453212068212712,0.053370581010834944,0.17574964276103788
2018-05-16,0.053254427683630035,0.05769736000311804,0.05321215944659838,0.055670834576004274,0.05248523863306864,0.13090463017971649
2018-05-17,0.051845923772888464,0.05620444559881704,0.053772414624014664,0.056126323994780236,0.054891893378596096,0.1121291790001384
2018-05-18,0.051041023408023634,0.05535133251038343,0.05240288508144436,0.05583532276521172,0.05388184577959876,0.12210478661696254
2018-05-21,0.052603407298692895,0.05700736542980936,0.054220622565447046,0.056822213288205387,0.054891893378596096,0.12312948039527737
2018-05-22,0.052047086700035744,0.05641771908514576,0.05373506554535337,0.05665772509899794,0.05536575038645966,0.0917217712890444
2018-05-23,0.05346744960239383,0.05792319137536647,0.05326195188564786,0.05536716852811177,0.05283439041970117,0.1396040915197645
2018-05-24,0.05321888896359203,0.05765972463159641,0.05368525410880712,0.05593654478117588,0.05585207030550818,0.17116585255193228
2018-05-25,0.053727792723188866,0.058199196861937474,0.05469371722765576,0.057758483150154194,0.05517869255461308,0.1137889642666619
2018-05-29,0.05292300712275902,0.05734608377350381,0.053573206872823215,0.05677159262716061,0.05439311054836257,0.1640108860048049
2018-05-30,0.052449603828388536,0.05684426605780318,0.05263944191129713,0.05665772509899794,0.05454274159196357,0.12600876058516874
2018-05-31,0.05170392191198314,0.05605388496961189,0.052925791180199355,0.055847968277410176,0.05391925354049901,0.21339397015914802
2018-06-01,0.05569259810518179,0.0602817767540208,0.05545318015626352,0.057885015496640796,0.05487943046741112,0.17323809942660384
2018-06-04,0.05757456269251138,0.06227652801714123,0.059387447753559336,0.06243990968440044,0.059430885632164226,0.20130238479835472
2018-06-05,0.05932625051871135,0.06413327653697612,0.06003486344618317,0.06371780143696265,0.06121407135357243,0.15458787755455983
2018-06-06,0.06011929189195961,0.06497383173949003,0.06020916547910149,0.06316109000222253,0.06191237492683746,0.14830255897641936
2018-06-07,0.059503791099654646,0.06432147253770296,0.06035856179374671,0.06369249110644024,0.062548325889487,0.15241326069039612
2018-06-08,0.057420740094801165,0.062113428645135055,0.057619521706102905,0.06044081830789069,0.058844805341599915,0.20518449333191208
2018-06-11,0.05686438124133231,0.06152378230047148,0.057582172627441586,0.06099752974263081,0.05906927093434672,0.12221212602342037
2018-06-12,0.05810716530793547,0.06284107773308414,0.05837898463471064,0.062186844991427265,0.059119141606431946,0.10832359948785188
2018-06-13,0.05623704058481663,0.06085886521276468,0.05871514534015912,0.06128853097219933,0.060403525470261316,0.15530744913118438
2018-06-14,0.05635540097211214,0.06098432921324923,0.05708417224695972,0.06101017525482927,0.05931866234946348,0.15502618013092923
2018-06-15,0.0540355718104501,0.058525376462831014,0.05532868955989148,0.05853028412902109,0.05742325334535456,0.553663864163969
2018-06-18,0.05391721142315456,0.05839993160546522,0.05415836776851263,0.057189126203215646,0.0547422623349951,0.12396533632889788
2018-06-19,0.05030723873804646,0.054573509308111806,0.05056026087666535,0.05244445280185167,0.05132554096312503,0.27397812015404194
2018-06-20,0.05126594257321565,0.05558970262543281,0.05164342215283663,0.05532921268539093,0.05283439041970117,0.14527220851077255
2018-06-21,0.05003503662563488,0.054284965078739866,0.05307520649234135,0.054329676650198805,0.053956661301399256,0.19579328915024707
2018-06-22,0.04939579872269098,0.05360749010511334,0.050336147407200715,0.05402601060230633,0.05254757221633888,0.210587243456955
2018-06-25,0.04614092632687533,0.05015744066609479,0.04880477818959708,0.04900298148357227,0.04915579569418402,0.25494127764207125
2018-06-26,0.048815913160047325,0.05299274713172911,0.05080926106690628,0.05129307408965053,0.04864454995276557,0.18443618361697522
2018-06-27,0.0484963133359812,0.0526540287880346,0.051743026028432365,0.05317829793799769,0.05143776424582577,0.1915533825951637
2018-06-28,0.05008231957285447,0.05433513919306243,0.050410864562020125,0.05288729670842915,0.05002869418811068,0.11283682397604543
2018-06-29,0.04962077527010045,0.05384586022016272,0.05163097879244846,0.05176122832675045,0.052759555870555364,0.16623320927183877
2018-07-02,0.052070785555862975,0.05644279657074766,0.05176793174670549,0.05240649695913077,0.04967954240147815,0.11647543107828644
2018-07-03,0.04821221397714137,0.052352926672742967,0.05257718711436271,0.052558320330014285,0.054630020024949016,0.07894142473681347
2018-07-05,0.049963997440370556,0.05420967519257783,0.05065986475226106,0.053494609498088624,0.05147517200672597,0.10527337135434255
2018-07-06,0.05300584791742241,0.057433912402466786,0.05317479137044029,0.05465863372248819,0.051674692749757556,0.11402948404779882
2018-07-09,0.056095038723911306,0.060708323726678226,0.05597608625501854,0.0598461510304297,0.05676235753298975,0.13660455143930467
2018-07-10,0.05582283661149973,0.060419779497306314,0.05672310582323811,0.06095955459378444,0.05827120698956592,0.09866305290664924
2018-07-11,0.05289940390396092,0.05732100628790196,0.05485557590018594,0.057707881795234894,0.05551538143006063,0.127410136169479
2018-07-12,0.05662766046674125,0.06127287344262114,0.05688496449576827,0.059858796542628157,0.05679976529389,0.1195544818301965
2018-07-13,0.05698274162862785,0.06164924630095603,0.05742031395491143,0.06187053343133633,0.05873258205889917,0.06462055892523437
2018-07-16,0.05648569686064758,0.061122331956534715,0.05842877707376007,0.06126322064167691,0.05928125458856323,0.08975785770422377
2018-07-17,0.05712474348953317,0.061799787787042454,0.057457663033572776,0.059719618683943126,0.05707410155872203,0.09464180069805399
2018-07-18,0.055881959422930005,0.06048249235442976,0.05737052151586197,0.060643243033693506,0.05960546152548049,0.10317826516162905
2018-07-19,0.057633742886159134,0.06233926001738349,0.05830428647738803,0.060339596291926534,0.05699928603692153,0.14187412118966847
2018-07-20,0.05711299926235161,0.061787249044241516,0.058154871165246064,0.06094690908158598,0.05960546152548049,0.1457443031225083
2018-07-23,0.05731410480728133,0.06200052253057023,0.05756972926705342,0.06017510810271909,0.058233780201320334,0.09916297625339256
2018-07-24,0.058959367747425634,0.06374436493584032,0.059686259380346496,0.06332557819142995,0.060440933231161564,0.1260823079562602
2018-07-25,0.061113553574572654,0.06602767957145142,0.0611678361589007,0.06380635863460285,0.06120158941504214,0.10632390610087868
2018-07-26,0.06039153225918287,0.06526239511198076,0.06254980906185917,0.06529935923741731,0.06313440618005131,0.12984018106567657
2018-07-27,0.05656851852790512,0.06121014144237888,0.06159113838205996,0.06085835188394578,0.06360826318791488,0.1790175313576422
2018-07-30,0.05530207386028635,0.05986776852416434,0.05786852189634381,0.059555149800861185,0.05975509256908146,0.14925569315042897
2018-07-31,0.0557517974262354,0.0603444896111443,0.05779382373902123,0.05989675238534903,0.05775994222080211,0.3315686933688348
2018-08-01,0.06901994328532898,0.07440815411098858,0.06977090956633009,0.06998076646553802,0.06877074349294757,0.6154486252977612
2018-08-02,0.07599142365377254,0.08179753196192543,0.07801295454503143,0.07382712584767404,0.07057885503672573,0.5604699776401084
2018-08-03,0.07670160510495161,0.08255027767859516,0.07846116248646384,0.08031782593257464,0.07862184709514941,0.2726751390256514
2018-08-06,0.07797987050937527,0.08390520848272945,0.07909611582120274,0.08232958212740837,0.07983141543717825,0.19294581322893578
2018-08-07,0.07566007960252485,0.0814462557323112,0.07940737080837806,0.08193733957575017,0.08147743302617044,0.1945559043258029
2018-08-08,0.07582574206444578,0.0816218938471183,0.07730328405547315,0.07910320035325574,0.07739981584193556,0.1641241887116215
2018-08-09,0.07775502785380653,0.08366683836768005,0.07975597487421476,0.08249405101049034,0.08173928735247221,0.17373603500656087
2018-08-10,0.07701860360182444,0.08197317007673252,0.0789093704278962,0.08182347204758761,0.07903335149239749,0.18485361464208894
2018-08-13,0.07861017591379513,0.08365428048176035,0.08121264593449584,0.0831266741306722,0.08146495108764018,0.1975723404239459
2018-08-14,0.07965537387814178,0.0847583024280443,0.08072708891440211,0.08383520893629576,0.08252488838606803,0.14645791139877407
2018-08-15,0.08023743996505042,0.08537304540142851,0.08095120238386672,0.08392378544006152,0.0813527278049394,0.22656093735130572
2018-08-16,0.08389574760469887,0.08923710307030355,0.08477340374768183,0.08789665786255862,0.08450757582316243,0.22350772756761694
2018-08-17,0.08895553939714818,0.09458153640067865,0.08992778557540587,0.0900349270977534,0.08661496848148786,0.29235005467601016
2018-08-20,0.08643751205624306,0.09192186804985145,0.09145915479300959,0.0925021534052376,0.09242588168770038,0.24127140545299092
2018-08-21,0.08593863105730276,0.09139493456231138,0.08898157725349165,0.09113568514890968,0.09080480894842352,0.20024489286806668
2018-08-22,0.08595052830373096,0.09140749244823107,0.08794820841636986,0.0908952852742605,0.08743797727598396,0.12926472258105554
2018-08-23,0.08647314641331016,0.09195950342137307,0.0888072752205733,0.09185688477285725,0.0881237989107187,0.12792397388372606
2018-08-24,0.0872688656233751,0.09280005862388699,0.08862051082977002,0.0925021534052376,0.09055541753330676,0.12388085624048202
2018-08-27,0.08938313255454822,0.09503318000205677,0.09091136197347821,0.09404575536297138,0.09124123916804144,0.14424254531549213
2018-08-28,0.09147354761064752,0.09724120475150586,0.09315238268314341,0.09732273849204331,0.09356061548058342,0.16662181767855178
2018-08-29,0.09536939850333787,0.10135617127823124,0.09682520672981004,0.09794271610002675,0.0949821674768288,0.21112791602281655
2018-08-30,0.097804317265898,0.10392803014321425,0.1027639382069182,0.10172579000279391,0.0988478010068472,0.42520046006862267
2018-08-31,0.10089249431987773,0.10718990272462478,0.10352340113552605,0.10628068419055359,0.10291293625255177,0.3709970414576095
2018-09-04,0.10175953962629447,0.1081057286701819,0.10390935428002396,0.1070777954999429,0.10528220226452428,0.21247264025371854
2018-09-05,0.09998973814677053,0.10623642226442734,0.10451942089398653,0.10514197029667643,0.10600545068750461,0.2715381364239131
2018-09-06,0.0955119359316065,0.10150673190743645,0.1016309844916975,0.10033403072206915,0.10256378446591924,0.2810496004961466
2018-09-07,0.09337397014460608,0.09924851390054598,0.099165831315071,0.09958754007372467,0.09710204207368456,0.31414392972051747
2018-09-10,0.08984636006901553,0.09552245897495645,0.09478337477383958,0.09422288906437726,0.09597975216464116,0.33299491603797327
2018-09-11,0.09640275660347386,0.10244765448171425,0.09783366984865877,0.09433675659253987,0.0923136393776543,0.2955503592018818
2018-09-12,0.09310081166190282,0.09895996967117407,0.0987051800132504,0.09848676271644291,0.10095519366517264,0.43001980064189954
2018-09-13,0.09944340205395824,0.1056593338056834,0.10287600444039896,0.10194089885304625,0.09918448988229472,0.3547599684640799
2018-09-14,0.09639087848445149,0.1024350965957945,0.1009960121594618,0.10187763267980293,0.10196524126416995,0.25828271360976707
2018-09-17,0.0893119020952256,0.09495790925901351,0.09615288531891308,0.09523508991789337,0.09747611968268699,0.30992290694990354
2018-09-18,0.08973947612521987,0.09540955286039163,0.09478337477383958,0.09504529139816353,0.09203930311282232,0.2540328682207524
2018-09-19,0.08989389167251088,0.09557263308927902,0.09200696661003771,0.09274255327988679,0.09292466451793391,0.20982592877781908
2018-09-20,0.09186554466579205,0.09765521298136234,0.09531872423298277,0.0976137397216118,0.09509440978687489,0.20470742930321068
2018-09-21,0.0890505452219214,0.09468190377244254,0.09417330815987701,0.09526038094229028,0.09576776851042468,0.8968269527261848
2018-09-24,0.09276824345668183,0.09860867429844108,0.09404879856600812,0.09442533309630557,0.09082975379813879,0.21548708858507526
2018-09-25,0.09443112273759852,0.10036507458963087,0.09599104564387972,0.09830962901503698,0.09448338464659534,0.18428908887479228
2018-09-26,0.09232875305285354,0.09814449195426203,0.09714890507737362,0.09838554070047872,0.09604210477525671,0.17862693518414297
2018-09-27,0.09770923493150141,0.10382766277145042,0.10049801177897993,0.10316816994456363,0.09955858651864252,0.24021291963930974
2018-09-28,0.09864760633427,0.10481877860316949,0.09975099221076039,0.10377550204034858,0.10076813583332611,0.16813848373646484
2018-10-01,0.10045302304345533,0.10672570123732697,0.10420816590681115,0.10672352809713109,0.10470858488514495,0.17481141683792517
2018-10-02,0.10285226919413659,0.10925992473078841,0.10493027975675762,0.1070777954999429,0.10383570541856363,0.1866127882479252
2018-10-03,0.10616609225473,0.11276016742724829,0.10925050049855134,0.11106331343463849,0.10732724231223423,0.22504228352660638
2018-10-04,0.10132003009506041,0.1076415463260029,0.10785608423520471,0.107204308540304,0.10823752953971577,0.25870710181863266
2018-10-05,0.09692531733083559,0.10299964631173744,0.10295070259772154,0.09942305188451722,0.10472106682367527,0.27399799782190454
2018-10-08,0.09630767426907727,0.10234728710995036,0.09845617982300947,0.09894225213521884,0.09755095423183285,0.23507156084665942
2018-10-09,0.09998973814677053,0.10623642226442734,0.10153138061610179,0.10153601078918961,0.09933412092589572,0.20751216823861746
2018-10-10,0.08750652364085199,0.09305096748173727,0.10038596454299603,0.09369148796015958,0.10160362656635247,0.35758458506734925
2018-10-11,0.08523789854460528,0.09065474673156135,0.09185757029539249,0.088972124889318,0.08796170495593275,0.46824157429141705
2018-10-12,0.09433604040320193,0.10026470721786698,0.09606574380120231,0.09469102399535168,0.09531885635227638,0.3411586742291254
2018-10-15,0.08869423990606146,0.09430553091410768,0.09475846905556645,0.09523508991789337,0.09624162551828824,0.2462736205706033
2018-10-16,0.09438361026150893,0.10031488133218955,0.09620269675545934,0.09458980197938749,0.09346085510906771,0.23030191444303888
2018-10-17,0.09324334909017146,0.09911051115726052,0.09576693217441512,0.09785413959626105,0.09766317751453363,0.16770117504348858
2018-10-18,0.08710264846668497,0.09262442050907985,0.09215638192217968,0.08983248306582509,0.09212660057315308,0.26406711495777113
2018-10-19,0.09101032009618026,0.09675192577860617,0.09404879856600812,0.09543751464369615,0.09237599198826985,0.269010690955189
2018-10-22,0.0926019497903684,0.09843303618363394,0.09666334805727989,0.0973480488225657,0.09453325531868051,0.2264068854253709
2018-10-23,0.09507242640037245,0.10104253042013864,0.09652639510302286,0.09198339781321835,0.08959524060639462,0.32555371107362513
2018-10-24,0.08599802165241471,0.09145766656255364,0.09774650933345119,0.09178095378129003,0.09803727415088143,0.34699873304714457
2018-10-25,0.09159236705568302,0.09736666875199043,0.09419821387815014,0.09457715646718906,0.09193956176865187,0.23697882307807178
2018-10-26,0.08743519754450013,0.09297569673869407,0.09271663709959593,0.08941494948976997,0.08968251903938007,0.4099403744505377
2018-10-29,0.08261296813249863,0.08788217226616932,0.09209412712524523,0.08108962691144156,0.09378508107333028,0.3967922910428495
2018-10-30,0.08387191485703077,0.08921200644158292,0.08647907499820379,0.0851131199949835,0.08375938255046683,0.30460463691327644
2018-10-31,0.09047586212239034,0.09618737606266323,0.0930403354471595,0.09441266827798167,0.09090456931993929,0.32148972187912533
2018-11-01,0.09446671883985397,0.1004027099611525,0.09541832810857848,0.0946530681526308,0.09361050518001401,0.5199115841333474
2018-11-02,0.07695919387930669,0.08191043807649026,0.0845741959964903,0.08025455975933138,0.08176423220218748,0.8479477674521576
2018-11-05,0.06996338345064332,0.07452106022555341,0.07304531811061388,0.07106887900449588,0.07521760766180963,0.5978370115715359
2018-11-06,0.07255269863308864,0.07725601846254262,0.07345617697338497,0.07552255117629131,0.07224979844808788,0.25712583334016625
2018-11-07,0.07989293625858954,0.08500921128589459,0.08010457894005141,0.07860975509175894,0.07730005547041979,0.272446545845232
2018-11-08,0.07902290707686283,0.08317755939478036,0.08017927709737405,0.08192469406355174,0.08230042279332123,0.1923216544580515
2018-11-09,0.07423145366084682,0.07813420903657817,0.07506224434831121,0.07623108598191491,0.076776327790471,0.2818029641081375
2018-11-12,0.06195491077495549,0.06521220185453941,0.06739293590240791,0.06552709429374254,0.06860863051081628,0.4484742274854973
2018-11-13,0.059642598683785825,0.06277834573284186,0.0640687159215779,0.06256642272476151,0.05941842272097925,0.4062083423093427
2018-11-14,0.05317061139126916,0.05596607548376767,0.060707165859583356,0.05558225807223857,0.06224904477493967,0.544538026848269
2018-11-15,0.05866522650052347,0.061749613672719916,0.057582172627441586,0.0568095484698814,0.05537821329764461,0.4021920595177131
2018-11-16,0.061192052448111905,0.06440928202354712,0.061317232473545896,0.06004859506235802,0.05800933363591887,0.30727122605703844
2018-11-19,0.052050223594592354,0.05478678279444052,0.05600099197329167,0.05439294282344209,0.05738584558445431,0.35693557921163677
2018-11-20,0.041466111831629876,0.04364625338919348,0.044509463166076485,0.04239839456438349,0.04288350741863828,0.614350384148355
2018-11-21,0.04122774610013713,0.043395344531343166,0.043015443027134115,0.043714261465792104,0.044579395679715667,0.24958524003650528
2018-11-23,0.035876146604297304,0.03776234782847737,0.03844622209509943,0.03808391955739859,0.03860638851871717,0.17504199778513085
2018-11-26,0.0386532737846183,0.04068548292307464,0.03639192778124398,0.0357558518024739,0.03773350905213585,0.3874796036492416
2018-11-27,0.038200355941895164,0.04020876183609465,0.03616783330927617,0.03654031759966478,0.03432925059145073,0.3515894804400021
2018-11-28,0.046186047877235736,0.04861433300435247,0.04428534969661188,0.041664549428237524,0.04083846737092833,0.39805452295212185
2018-11-29,0.04452930849359152,0.04687049059908238,0.04616534197754901,0.04516928691976019,0.04823304555551752,0.3553920783021092
2018-11-30,0.04337320983022422,0.045653562538233605,0.0430901411844567,0.04432157425545155,0.0452776992529807,0.33314399854694243
2018-12-03,0.050810672059574985,0.05348204524774758,0.04882968390787021,0.04961031357935722,0.050477606346258974,0.34577625647359733
2018-12-04,0.04112049873563067,0.04328243841677831,0.04565487923918218,0.0433599940629803,0.04610070804747679,0.351161116697564
2018-12-06,0.03877245665036466,0.04081094692355916,0.03618027666966436,0.03595829583440224,0.03464099461718298,0.36859482529641946
2018-12-07,0.03134694904965962,0.03299502209996491,0.035819229243439527,0.033275979982791304,0.03679827697493901,0.3604767857413513
2018-12-10,0.03266993432892118,0.0343875882756208,0.030341130070655115,0.026987704623693515,0.026211443011226576,0.5567130984140851
2018-12-11,0.031513816538148026,0.033170660214772024,0.03245766018394822,0.03163115600909333,0.03451630842329731,0.41017194928113654
2018-12-12,0.03207400087278353,0.0337603065594356,0.032619518856478374,0.03418695882034323,0.03294510635610559,0.2943447786460177
2018-12-13,0.03427902734463503,0.03608123742344954,0.033428793221632364,0.03485753778324596,0.033057348666151704,0.2572818730328873
2018-12-14,0.027759317174564646,0.029218773916934032,0.029083666761565513,0.02945493093117768,0.031199347422943002,0.344794299681187
2018-12-17,0.025923755673786297,0.027286754654055917,0.028174807518312556,0.026228549157025077,0.02677257845207559,0.3804170682576752
2018-12-18,0.028462536250020487,0.029958980890802844,0.027153882041578925,0.028328862549498984,0.02668530001909014,0.2765920334779682
2018-12-19,0.022288477430760983,0.023460332356702474,0.027054278165983187,0.021623053614346105,0.02745841911415567,0.4277199544702017
2018-12-20,0.017449377646814562,0.018366807884177716,0.02040587619931672,0.016827778858062775,0.020475345326814498,0.584015075223307
2018-12-21,0.010178802033357998,0.01071396328947083,0.01548805120144539,0.00965383499193545,0.01606105829447743,0.89183666420929
2018-12-24,0.005530364230756479,0.005821173560473847,0.007258468580629007,0.0058074756097994396,0.005199888065932912,0.30966549115108344
2018-12-26,0.017854629994201537,0.018793354856835143,0.01433017277045473,0.005971963799006885,0.005386945897779494,0.5224887237717278
2018-12-27,0.016638930334258117,0.01751369479574405,0.01375747423265028,0.01021054642667557,0.014789137341833042,0.46816902080371864
2018-12-28,0.0167342421975247,0.017614062167507966,0.0159362591428778,0.015878844177789952,0.01685912223925823,0.3605741863138778
2018-12-31,0.018534035449395053,0.019508465201983266,0.01698207134038776,0.01832076015475173,0.018143506103087598,0.2881409585061137
2019-01-02,0.0187485875606255,0.019734277431112918,0.016347118005648864,0.015473956113933318,0.01360451384951944,0.30837841215698286
2019-01-03,0.0,0.0,0.0,0.0,0.0,0.8477837766922914
2019-01-04,0.007234788237142742,0.007615190080066447,0.0035234087345246967,0.0022774470938798363,0.0006858406620800783,0.5227332190864373
2019-01-07,0.006841433136183989,0.0072011818502100144,0.0038720128003613408,0.004934452614968332,0.005885728728013018,0.4846744423133928
2019-01-08,0.010202653908431947,0.010739059918191518,0.007594629286077487,0.008249410892886694,0.006958128937625874,0.3479906286734862
2019-01-09,0.013253915069153716,0.013950739242160698,0.010968622708460218,0.00965383499193545,0.009115392268036537,0.38847945034272824
2019-01-10,0.013837913024051463,0.014565482215544934,0.010271414576786875,0.01121008246186772,0.010624241724612682,0.29586542023750334
2019-01-11,0.012038177154398616,0.012671079181069633,0.009935253871338395,0.012032484795653914,0.011098098732476247,0.20882608208433245
2019-01-14,0.009308658087196303,0.009798137343913715,0.006909864514792363,0.009135079399916202,0.008566738765717785,0.26265480665613644
2019-01-15,0.012967864714918925,0.01364965626998782,0.009549300726840432,0.010185236096153155,0.007843490342737458,0.2255998521101511
2019-01-16,0.015196666552221016,0.015995683762722424,0.012649407238205845,0.013917708644001076,0.011347490147593009,0.24407415662161142
2019-01-17,0.016293202473823903,0.01714987982332894,0.014865541227094686,0.014246665716290435,0.012744097294123125,0.2366349394240495
2019-01-18,0.01743751865519802,0.018354269141376778,0.015139447135608747,0.017688137034569867,0.01685912223925823,0.27569256900718747
2019-01-22,0.013241960440507988,0.01393820049935976,0.013707662796104025,0.013436908894702726,0.01549992285362839,0.2423279034998858
2019-01-23,0.013980928637465945,0.014716023701631387,0.011728085637067953,0.01227288467030313,0.012681744683507551,0.1701381771234381
2019-01-24,0.012526824991218127,0.01318545478269001,0.010906367911525772,0.012323505331347961,0.012631874011422378,0.1931058284552294
2019-01-25,0.018557849069657323,0.019533542687585115,0.015450702122784099,0.015587842948221436,0.014340225183684746,0.273550750294997
2019-01-28,0.016817675941768917,0.017701890796470915,0.013209662415622159,0.014752775796111256,0.014726784731217524,0.20056591720404698
2019-01-29,0.014886764322912277,0.0156694850187101,0.015450702122784099,0.015322132743049832,0.015300402110596856,0.3535752594594715
2019-01-30,0.027485164066758105,0.028930229687562092,0.025435748433171923,0.023065433556115733,0.024029234831100615,0.5476071387662478
2019-01-31,0.028903556846315404,0.03042316323498187,0.028984062885969775,0.028543952093625757,0.027595587246571684,0.3451511038193199
2019-02-01,0.028998964346611172,0.030523530606745758,0.028959157167696647,0.0302773332649639,0.02865552454499956,0.26492980574300606
2019-02-04,0.03463655681446828,0.03645761028178443,0.03229582050891483,0.03198542341190516,0.029216659985848603,0.25327552907518897
2019-02-05,0.038128876826296676,0.040133471949932636,0.036553786453774134,0.038400231117489525,0.036012675941343164,0.29905479204605057
2019-02-06,0.038200355941895164,0.04020876183609465,0.0371638530677367,0.03903285423767139,0.0382447547935543,0.22091567967833953
2019-02-07,0.03426711097080096,0.0360686986806486,0.035134464472154375,0.035857073818438084,0.035439058561963804,0.2557224699890697
2019-02-08,0.03450647132739701,0.0354037815929418,0.031050800560213393,0.03342780335367479,0.031186884511758023,0.17699000923566144
2019-02-11,0.03333334927283821,0.0341742956461733,0.031735565331498544,0.03447796004991174,0.033755652239416734,0.1488969012455098
2019-02-12,0.035081058598624926,0.03600596668040634,0.03147410278337265,0.03504731699685032,0.03257102874710316,0.1617189909002521
2019-02-13,0.034231151447834646,0.035115218220451105,0.03331672698815169,0.03532567271422038,0.03417961954784976,0.16377334787384734
2019-02-14,0.034973294794160864,0.03589306056584149,0.031797801130936165,0.03464244823911919,0.032084708828054614,0.15726838106582564
2019-02-15,0.034518425956042764,0.03541632033574274,0.032345612947964314,0.03511058317009361,0.034005043654533496,0.18500866045141684
2019-02-19,0.03512895362283108,0.03605614079472888,0.03202191460040077,0.03478162609780422,0.032084708828054614,0.1288144934039686
2019-02-20,0.03644562685816771,0.03743616822758383,0.03436255818315845,0.03667949545834981,0.033930228132733,0.19979366980758662
2019-02-21,0.03528453594187794,0.03621924016673503,0.03317977403389469,0.03580647246351876,0.034690884316613574,0.11168888865698275
2019-02-22,0.037570815633708676,0.03861546091691098,0.03396414268077555,0.03717294071984664,0.03441654805178154,0.12822213890166445
2019-02-25,0.039079049838464275,0.040196203950174925,0.03753734385434973,0.040424613518396185,0.03763374868062008,0.15764307510503484
2019-02-26,0.03919876827157398,0.04032166795065947,0.036827692362288195,0.03943772299540252,0.03707261323977104,0.10990486796631828
2019-02-27,0.039845064187270324,0.04099912378116724,0.03645418257817842,0.0388810115606624,0.03644912518830651,0.2168984030033168
2019-02-28,0.03778632411523078,0.038841273146040606,0.03634213534219452,0.03912141143531159,0.037833269423651616,0.2206751598972026
2019-03-01,0.03996485913000333,0.04112458778165176,0.03664092797148488,0.039083455592590716,0.03778337972422108,0.19752562790446893
2019-03-04,0.041018224496640804,0.04222860972793571,0.03987798743710738,0.0404499238489186,0.039541620595913984,0.21293082049795048
2019-03-05,0.040635179067426114,0.04182714024088016,0.03769920252687986,0.04117110416674066,0.039853364621646264,0.13641372582782413
2019-03-06,0.03942619312693013,0.04056003806570885,0.03706424919214096,0.04041196800619773,0.03826969964326962,0.14707809463608584
2019-03-07,0.037008182991126515,0.03802581457224741,0.03575697444650511,0.037982697541434435,0.03727211495545729,0.18669428668616167
2019-03-08,0.03749903047961686,0.038540190173867755,0.034051303195983096,0.034794271610002675,0.03284536501193519,0.17877303604293276
2019-03-11,0.04466914895763768,0.046055012882170315,0.04158365868762942,0.042195969838580705,0.03929222918079725,0.258398997966763
2019-03-12,0.047075108827766415,0.048576697632830845,0.046003483305018855,0.047282245824432606,0.044916084555163216,0.26293706953978474
2019-03-13,0.04803268414599146,0.04958035220735091,0.04678785195189972,0.049243381358221455,0.04772178078675371,0.2486738489650071
2019-03-14,0.05045067515438925,0.05211455655769359,0.04778387171036022,0.05131838442017295,0.04977928374564858,0.17459971967518895
2019-03-15,0.05331154211744782,0.055112962395334086,0.051805280825366784,0.052811385022987406,0.05096392626530752,0.3282878842881198
2019-03-18,0.055585828925821146,0.057496644402709046,0.05312499893139083,0.05540512437083267,0.05214854975762109,0.2008412229039434
2019-03-19,0.053802274841503156,0.05562733799695441,0.0538720184996104,0.055569612560040116,0.05532834262555941,0.2547752991154189
2019-03-20,0.055753404128325385,0.05767228251751616,0.05449452847396111,0.0540639664450272,0.052684740348754866,0.24870068381662153
2019-03-21,0.06404869225448137,0.06636639791514592,0.06301046036367974,0.06049141966281002,0.05741079043416958,0.4474674236082588
2019-03-22,0.05921276761990327,0.06129797007134183,0.06470368825381356,0.061718710060452875,0.06404469340753288,0.36173007270008545
2019-03-25,0.05644770983266295,0.05839993160546522,0.05759461598782978,0.05642999004267271,0.059268772650032914,0.37601814035969133
2019-03-26,0.05411347773440853,0.055953517597847946,0.05871514534015912,0.05387418723142284,0.059455830481879496,0.43520588418724065
2019-03-27,0.0561245140563002,0.05806119411865196,0.05483067018191279,0.056366723869429425,0.05582712545579291,0.23690527570698028
2019-03-28,0.05642366668353066,0.05837483497674456,0.05458166999167188,0.057606659779270736,0.05607651687090967,0.1467799296181475
2019-03-29,0.05789605612975493,0.059917942638486876,0.05522908568429574,0.058884551531832946,0.057173861930237796,0.17444566774925413
2019-04-01,0.05944017334785359,0.0615363401863912,0.05722110620371998,0.05868212680603013,0.059430885632164226,0.21716277598588885
2019-04-02,0.06276790203248772,0.06502402499693136,0.06068227913880703,0.06206033195106622,0.05874504497008415,0.16651149662191456
2019-04-03,0.06435991427479254,0.06669259665915825,0.06322211147525936,0.06471733747215475,0.06143851791897392,0.17154154047453457
2019-04-04,0.06476694547092199,0.06711914363181565,0.06306025280272926,0.06470469195995632,0.0633588527454528,0.1302208384052445
2019-04-05,0.0663349910737179,0.06876261866532185,0.06396913104347896,0.06823472047587592,0.06542883764287799,0.1243797857038322
2019-04-08,0.07004568867794336,0.07265177296291755,0.06786603056461665,0.06875347606789517,0.06539142988197774,0.19748090315177813
2019-04-09,0.0693275502259377,0.07189902724624783,0.0711279957485122,0.07241003693030135,0.07025464809980847,0.2957411848133623
2019-04-10,0.07066815184597161,0.07330413216470469,0.06850100289685232,0.0710815245166943,0.06820958902475321,0.15587296878187412
2019-04-11,0.0686691275349432,0.07120901352982037,0.06882470124441586,0.0714105008951092,0.07091554391217325,0.1479765652234734
2019-04-12,0.0685733757413424,0.07110864615805651,0.06775398332863275,0.0685890071848132,0.06885802192593304,0.21615597210865034
2019-04-15,0.06900433532216912,0.07156028975943457,0.06739293590240791,0.0708664349725675,0.06808490283086749,0.11454034011186655
2019-04-16,0.06902824457946061,0.07158538638815523,0.06928535254623647,0.07156232426599268,0.06918224789019561,0.19563923722431226
2019-04-17,0.07367268475424302,0.07645309863155034,0.07178785480152422,0.071625590439236,0.06928198923436607,0.22754686967728854
2019-04-18,0.07454646290751299,0.07736892457710745,0.07274650648382663,0.07657270787252829,0.07374616596613376,0.18072502302703586
2019-04-22,0.07534849416150283,0.07820947977962137,0.07373008288189903,0.07634495351007758,0.07338455126831622,0.13345294719969625
2019-04-23,0.07887966193457835,0.08191043807649026,0.07722858589815057,0.07831873455606486,0.07537970161659557,0.17205040877181604
2019-04-24,0.07849663563276954,0.08150898773255347,0.07813744514140353,0.08230427179688599,0.07903335149239749,0.11458009544759166
2019-04-25,0.07624623895428179,0.07915040235389917,0.07724102925853871,0.07986233651379876,0.07837245568003265,0.1245447703470914
2019-04-26,0.07507315515453464,0.07792093555024945,0.07380478103922161,0.07606659779270752,0.07596578190715986,0.12559729286041377
2019-04-29,0.0754442459551036,0.07830984715138525,0.07501245190926176,0.07826813320114556,0.0753422938556953,0.16093581078646735
2019-04-30,0.07072802062622935,0.07336686416494695,0.07181274152230055,0.07225821355941786,0.0736713504443332,0.4027496281012578
2019-05-01,0.0825186126395237,0.08572432163104274,0.08664093367073394,0.08506249933393867,0.0821757365994355,0.5845547539057754
2019-05-02,0.08087864799079514,0.08400555671137452,0.08332917604778889,0.08367074005321384,0.08212584690000496,0.2582528971079732
2019-05-03,0.08399086819390711,0.08726742929278505,0.08232071292894022,0.0863277455743024,0.08343517561354957,0.14789307901845067
2019-05-06,0.08007663586421115,0.08316500150886061,0.07858565308283588,0.07781264378236963,0.07520512572327936,0.26269356810846844
2019-05-07,0.07334952723269189,0.07611436114473705,0.07681772703537948,0.07443443863733351,0.07718783218771907,0.32551296185450684
2019-05-08,0.07339732661986892,0.07616453525905961,0.0742280832623809,0.07559846286173305,0.07222485359837255,0.20203090132551743
2019-05-09,0.07078790853389297,0.07342959616518921,0.06967130569073438,0.0691583641317518,0.07035438944397887,0.2871977631660354
2019-05-10,0.06745939562561967,0.0689884308944515,0.06614791595370648,0.0642365570289819,0.06663840598490686,0.34981341081648265
2019-05-13,0.053688830197506726,0.054611144679633405,0.05448206611607617,0.05168531664130871,0.05453027868077859,0.5110401809662882
2019-05-14,0.05722160467267223,0.058299564233701334,0.05475597202459023,0.0549243439276598,0.05290920594150167,0.30330960685203084
2019-05-15,0.05993723724323974,0.06113487069933565,0.057308266718927525,0.05569614490652669,0.052734630048185405,0.20407035004821572
2019-05-16,0.0589278840374243,0.06008104201049305,0.05820468260179232,0.059264129265167165,0.05727362230175356,0.2685405841102395
2019-05-17,0.05763014693386251,0.05872611120635876,0.056249992163532575,0.0566324147684755,0.05355761981533619,0.2670268997025058
2019-05-20,0.05052858107834768,0.051311636726701276,0.0480951266975356,0.04843362453663369,0.04930544576513035,0.3240082223973113
2019-05-21,0.05474625057418081,0.055715166625917356,0.05263944191129713,0.05402601060230633,0.051425301334640794,0.2221600216865356
2019-05-22,0.05015607484974707,0.05092272512556548,0.04978835458766942,0.05130573890797449,0.050726997761375736,0.23591338008063872
2019-05-23,0.04640702679682612,0.04700849334236787,0.043351584735085824,0.04530846477844522,0.044666693140046454,0.30330960685203084
2019-05-24,0.04557785375395901,0.04614284151113329,0.04534362425200683,0.04633331114415981,0.04516547597027998,0.1759434500226978
2019-05-28,0.04468865891158749,0.045214457679656456,0.04341383953202024,0.04543499712493179,0.04356934808071833,0.21801950347076504
2019-05-29,0.04366731282231473,0.04414809024801289,0.04187002695402839,0.04301837217236695,0.040451907823395555,0.2233169019561364
2019-05-30,0.04477281949725337,0.045302286308619405,0.041720611641886396,0.04386608483667559,0.04235977973868946,0.15113313888004748
2019-05-31,0.04089156281521367,0.04125005178213631,0.04017679906389457,0.04174048041980474,0.04021497931946377,0.20902883429653057
2019-06-03,0.03876471005100232,0.03902946914676747,0.040089638548686996,0.035768516620797886,0.039429397313213266,0.3417371143639258
2019-06-04,0.046382964520288006,0.04698339671364721,0.042467631210105994,0.04114581314234375,0.03922987657018173,0.24803279417643964
2019-06-05,0.04986759531497148,0.050621623010273814,0.04889193870480463,0.049521737075591515,0.05025314075351217,0.2361598631621344
2019-06-06,0.05308798099806997,0.053983862963448204,0.04948954296088223,0.05079962882815367,0.048756773235466316,0.1641321397787665
2019-06-07,0.059011968113466845,0.06016885149633716,0.05751991783050717,0.05537983334643576,0.05303389213538737,0.24521414087352905
2019-06-10,0.06193191963314401,0.063217450591419,0.06181523285402782,0.06278151226888834,0.05964286928638074,0.2008521556212678
2019-06-11,0.06461159268074518,0.0660151216855317,0.06259960150090865,0.06528671372521885,0.06344615020578359,0.20792860538033803
2019-06-12,0.06386654196873226,0.06523729848326007,0.06256225242224736,0.06502100352004725,0.06231139738555522,0.12166250850702066
2019-06-13,0.06381847479787353,0.06518710522581872,0.0635831589014842,0.06528671372521885,0.06324662946275206,0.1556672349194967
2019-06-14,0.06212422657139052,0.06341818533494678,0.05959909886513895,0.06111139727079343,0.05931866234946348,0.1267144177942895
2019-06-17,0.06350606687840069,0.06486092562492521,0.06130478911315773,0.06347740156231346,0.06100206867201055,0.08604073381392564
2019-06-18,0.06898545657261179,0.07058173181363517,0.06794072872193924,0.06732376094444947,0.06493005481264447,0.20413296470198278
2019-06-19,0.06828849215886343,0.06985408272568613,0.0674302849810692,0.06998076646553802,0.06945656512768233,0.15019690072372105
2019-06-20,0.07019910960013107,0.07184885313192527,0.06833914422432216,0.07089174530308995,0.0703169816830787,0.15407105819013334
2019-06-21,0.06938196769553301,0.07099574004349166,0.06863795585110932,0.07104356867397338,0.06835923909569952,0.4153292102080769
2019-06-24,0.06914167009605116,0.07074483118564132,0.06777888904690588,0.07106887900449588,0.06803501313143695,0.12133651475407474
2019-06-25,0.06552481154484316,0.06696860214572922,0.06665835969457648,0.06742496365428813,0.06789784499902093,0.1496611975748251
2019-06-26,0.07060769011613302,0.0722754001045827,0.06881225788402767,0.07003138712658286,0.06707485523187018,0.19932753849620966
2019-06-27,0.07053557979614206,0.0722001293615395,0.06953437173397414,0.07284023532468037,0.07021722131156291,0.14796563250614903
2019-06-28,0.06834859046799122,0.06991681472592837,0.0669571713213637,0.06965180939324864,0.06820958902475321,0.24945007189503993
2019-07-01,0.07271046147640048,0.0744708861112309,0.07316982770448272,0.07420668427488275,0.07380851857674925,0.21111002612174024
2019-07-02,0.07412839519821779,0.0759512617727309,0.0714765998143489,0.07510501760023625,0.07161384748543831,0.10856312538559569
2019-07-03,0.07614710160984858,0.07805893829353491,0.07310757290754827,0.07678779741665509,0.07394568670916524,0.053172016119794746
2019-07-05,0.07593084715949894,0.0778331069212865,0.07390438491481732,0.07705348831570114,0.07403298416949605,0.11184592223309696
2019-07-08,0.07087197348252966,0.07255140559115367,0.06932270162489768,0.07137254505238833,0.07086565421274271,0.19208312244370085
2019-07-09,0.07233795524779985,0.07408197451009504,0.0694596545791547,0.07187863582608361,0.06885802192593304,0.14476830963045678
2019-07-10,0.0747292061428429,0.0765785434889161,0.0722236003850717,0.07535806298708386,0.07216252001510237,0.1181232897440924
2019-07-11,0.07295073994847656,0.07472179496908118,0.07304531811061388,0.07554786150681375,0.07398309447006551,0.14092993196619702
2019-07-12,0.07481325196407373,0.07666637211787905,0.07255976109052015,0.07616781980867166,0.07291069426045266,0.11512275578023946
2019-07-15,0.07710836851739938,0.07906259286805498,0.07488794231539292,0.07844526690255149,0.0749557343081626,0.1086843791595573
2019-07-16,0.07625522883502336,0.07817184440809974,0.07518675394218005,0.07781264378236963,0.07557922235962711,0.10788330914469625
2019-07-17,0.07487336940060732,0.07672910411812131,0.07391682827520552,0.07752164255280108,0.07490586363607737,0.08045908467811967
2019-07-18,0.07764915766252009,0.07962714258399792,0.07490040467327785,0.07806568916921724,0.07484351102546183,0.12451892937887009
2019-07-19,0.07396015053650937,0.07577562365792381,0.07567231096227378,0.07637026384059997,0.07707558987767299,0.14825982199051485
2019-07-22,0.07952364343416887,0.08158425847559672,0.07658117020552674,0.07795182164105463,0.07440706177849848,0.16166333343023698
2019-07-23,0.0814702586532145,0.08361664511023872,0.07867281359804346,0.08260791853865296,0.08040503281655759,0.12267626956801107
2019-07-24,0.08126601621372809,0.08340337162391001,0.07897160622733385,0.08245609516776947,0.07941991103993024,0.08924600775676293
2019-07-25,0.07928334583468699,0.08133334961774638,0.07908367246081455,0.08189938373302935,0.08094122340769139,0.07849218944311968
2019-07-26,0.08014849752792627,0.08223663682050256,0.07969372007728032,0.0824181393250486,0.07918298253599843,0.11535830614441074
2019-07-29,0.08247970749605904,0.08467047379908135,0.08082669278999788,0.08406296329874652,0.08040503281655759,0.15565530831877916
2019-07-30,0.08139816746062933,0.08354137436719553,0.08022908853392025,0.08263322886917535,0.08077911042556007,0.2775282716342946
2019-07-31,0.08651708206450892,0.08888580769757057,0.09418575152026526,0.08768156831843182,0.09033095194055996,0.6288233141190827
2019-08-01,0.08097759406117,0.08310226950861835,0.09002738945100164,0.08191204855135326,0.08718856683352189,0.47712192240901424
2019-08-02,0.07567846103953052,0.07756965932063523,0.07558515044706621,0.07544663949084957,0.07675138294075573,0.34636861097590155
2019-08-05,0.06284515762464782,0.06417091190849775,0.06589889676596872,0.06399615715433271,0.06734919149670221,0.46097231115407994
2019-08-06,0.06724308379305252,0.06876261866532185,0.06517680191351907,0.06584340585383347,0.06525426174956173,0.2963037228138727
2019-08-07,0.06969439474241171,0.0713219196443852,0.06703186947868628,0.06556506944258891,0.06413199086786367,0.27185021580935526
2019-08-08,0.07496950374232478,0.07682945234676644,0.07197460019483076,0.07261248096222966,0.07010499802886216,0.20868992005947395
2019-08-09,0.07295519663403563,0.07376833365200244,0.0710159295150315,0.07248594861574309,0.07147667935302232,0.18493809473050477
2019-08-12,0.07234004013503567,0.07312849404989755,0.07013197599005172,0.07230881491433716,0.06938174960588187,0.16369085555221774
2019-08-13,0.08258056630701727,0.08377974448224487,0.08269422271304999,0.073991594730756,0.07112752756638979,0.40954381497667974
2019-08-14,0.07507807089783375,0.07597635840145159,0.07559761280495114,0.07666126507016852,0.07379605566556424,0.3034855242126145
2019-08-15,0.07385980816550872,0.07470925622628025,0.07397908307213996,0.07296674836504147,0.07417015230191204,0.21085559197309955
2019-08-16,0.0796012624470398,0.08068097127284055,0.07649402868781596,0.07824282287062317,0.07519266281209436,0.21476155370809197
2019-08-19,0.08424509054483553,0.08551104814471402,0.08342877992338465,0.08607470018745472,0.08309848673810205,0.18288970105726832
2019-08-20,0.08425715993791627,0.08552358688751496,0.08420070520987732,0.08644163240859049,0.08342271270236462,0.2074455780512779
2019-08-21,0.08700722183898346,0.08838398998186994,0.0845741959964903,0.08806114605176607,0.08605383304063885,0.1542837492362627
2019-08-22,0.08679016403758882,0.08815817775274029,0.08555777239456269,0.0869856790250067,0.08630322445575561,0.1614228136491
2019-08-23,0.07494540321097501,0.07583835565816607,0.08258217547706609,0.07464952818146026,0.08161458213124118,0.40556331198720275
2019-08-26,0.0795892504361766,0.08066843253003961,0.07653137776647723,0.07978642482835696,0.0771628873380038,0.1990900003652521
2019-08-27,0.0767788033148942,0.07774529743544231,0.07822460565661105,0.0778505996250905,0.07965683954386199,0.1973974169467554
2019-08-28,0.07843125815963178,0.07946404321199177,0.07470119692208638,0.0775849087260444,0.07496821624669286,0.09866007125646988
2019-08-29,0.0826287673697168,0.08382991859656738,0.07918327633641026,0.08181082653538913,0.08045490348864281,0.1488680786271091
2019-08-30,0.08230314241281322,0.08349120025287296,0.08059013596014508,0.08249405101049034,0.08252488838606803,0.1503877263352016
2019-09-03,0.07863634220497484,0.07967731669832048,0.07626991521835136,0.07872362261992155,0.07787365382245381,0.1392522567985972
2019-09-04,0.08284592080814057,0.08405574996881585,0.07938246509010494,0.0826458936874993,0.08031773535622683,0.13095432434937287
2019-09-05,0.0877792230658152,0.08918690981286223,0.08497261149887325,0.08794725921747792,0.08481931984889474,0.17792127797502222
2019-09-06,0.08775510340705961,0.08916181318414154,0.08553286667628957,0.08921250545784165,0.08737562466536847,0.13268566922020159
2019-09-09,0.08885276784560664,0.09030347050194712,0.08804781229196557,0.08739056708886328,0.08836072741465051,0.21167057635546438
2019-09-10,0.09190437329963341,0.0934775144543947,0.08847111451512485,0.08820032391045107,0.08713869616143666,0.25608225577738203
2019-09-11,0.10021500160526753,0.1021214557377019,0.0970991126383241,0.0958170923770304,0.09238847392680016,0.38043396427535836
2019-09-12,0.09961189537194248,0.1014941740215167,0.10047310606070681,0.10230781176805648,0.10078061777185637,0.2605428044457398
2019-09-13,0.09437706868871398,0.09604937331937777,0.09346363767031873,0.09491877835780244,0.09479512867232759,0.3354478202522128
2019-09-16,0.09576418815973414,0.09749211360935614,0.09264193894227335,0.0956020028329036,0.09196448759102183,0.1505338271939914
2019-09-17,0.0967291084017991,0.09849576818387626,0.09350100574647685,0.09757578387889099,0.09474525800024236,0.1223135021295194
2019-09-18,0.0992259043222295,0.10109272367757996,0.09602839472254099,0.09798067194274762,0.0961169202970572,0.1920970368112046
2019-09-19,0.09704272134783942,0.09882196692788855,0.09716134843776175,0.09915734167934565,0.09730154378937073,0.15950362481697017
2019-09-20,0.09314669830849659,0.09476971325828673,0.09566732829881941,0.09548813530474098,0.09651596178312027,0.49098858350993396
2019-09-23,0.09434086050947188,0.09601173794785614,0.09228087251855177,0.09571587036106621,0.09348579995878298,0.13072970670252598
2019-09-24,0.09308644698012214,0.09470698125804441,0.09558018678110863,0.09513386790192918,0.09607951253615693,0.25024716637632843
2019-09-25,0.09712720709940448,0.09890977641373275,0.09434761019279536,0.09507060172868592,0.09298701712854945,0.15794124012297317
2019-09-26,0.09575213789405923,0.09747957486655526,0.09365040206112202,0.0972088709638807,0.09479512867232759,0.12743001383734154
2019-09-27,0.09446151618546739,0.09613720194834072,0.09367530777939514,0.0952477354300918,0.09546848739587738,0.19221630281837998
2019-09-30,0.10067337075865324,0.10259819596780065,0.09818227391449541,0.09968874278356332,0.09591739955402562,0.1984320495590015
2019-10-01,0.10142113756229437,0.1033760191700723,0.1027141457678688,0.1040032370966738,0.10111730664730395,0.28617605103789995
2019-10-02,0.0946303537967566,0.0963128400631478,0.09693725396579395,0.09607013776387802,0.09861087250291539,0.2842528866721976
2019-10-03,0.0968738837365502,0.09864632881308147,0.09367530777939514,0.09252746373575998,0.09283736705760315,0.2245622378477256
2019-10-04,0.10434011358427409,0.10641206037923437,0.10180528652461585,0.10361101385114113,0.10182807313175396,0.28432643404328906
2019-10-07,0.10440046054967766,0.10647479237947668,0.10484311924155004,0.10607824015862527,0.10261367416534978,0.24414174069234412
2019-10-08,0.10119199124041323,0.1031376490550229,0.10251493801667733,0.10416772528588125,0.10205253872450076,0.2180870875414977
2019-10-09,0.10436423324302974,0.10643715700795506,0.10217877731122882,0.10582519477177765,0.1035613691537316,0.12602963213642443
2019-10-10,0.10805513398221783,0.11027611804810941,0.10547809157378574,0.10792550816425156,0.10468364003542968,0.22105283558659122
2019-10-11,0.11543705022502915,0.11795405927153693,0.1144422314049367,0.11426438487826868,0.1109434653997905,0.35468542720959534
2019-10-14,0.11502693951656057,0.1175274931557608,0.11505229801889927,0.11725036677777212,0.11337506499503314,0.17984146069054519
2019-10-15,0.11436356282745525,0.11683749858245204,0.11445467476532489,0.1175160769829437,0.11523306623824187,0.15731111805173015
2019-10-16,0.11321765907139697,0.1156456480072052,0.11145419112705196,0.1153904532599474,0.11146719307973935,0.12387489294012323
2019-10-17,0.11431530438253817,0.11678730532501072,0.11258714484227272,0.11579534132380404,0.113611993498965,0.10817650474566896
2019-10-18,0.11567826593999103,0.11820496812938727,0.11436753324761412,0.11676956702847374,0.11298850544750044,0.18234107742426175
2019-10-21,0.12062365671815223,0.12334866671623454,0.11861305583208526,0.12060328089841132,0.1166421553233023,0.15703084293486808
2019-10-22,0.1199602800290469,0.12265867214292589,0.12011951933141579,0.12351333180634755,0.12118114757687043,0.14472259099437285
2019-10-23,0.12384413803827987,0.12669834878348926,0.12141435071666351,0.12553773351337966,0.12235330815799905,0.12865944759464065
2019-10-24,0.12432666510523277,0.1272001856423087,0.12335657879703826,0.12628422416172413,0.1253585061052757,0.11237566208163409
2019-10-25,0.12794522599555996,0.13096387593941985,0.12575945817923356,0.12763804690585356,0.12367509978272867,0.12281640712644208
2019-10-28,0.1309244724733199,0.13406264914882418,0.12889691376926032,0.1324965878353802,0.12898721113136236,0.18020224036225063
2019-10-29,0.12397690136216777,0.12683635152677478,0.12951942374361103,0.1272458236603209,0.13092002789637153,0.2951617507951688
2019-10-30,0.12394065492811396,0.1267987161552531,0.12397908877138897,0.12552508800118123,0.12567025013100797,0.24964785469027234
2019-10-31,0.1305746322206316,0.13369881503329026,0.12879730989366456,0.12052734990684405,0.12876276456596086,0.2860239868787514
2019-11-01,0.13909034457160874,0.14255604894604498,0.13721363790778746,0.13558379175084778,0.13163079438082154,0.3157490514004189
2019-11-04,0.14111672107297862,0.14466370632373024,0.13960409292709142,0.14345362491040026,0.14134472985060736,0.19684779943035569
2019-11-05,0.1406704213126737,0.1441995239795512,0.14002739515025064,0.14464295946532224,0.14099557806397484,0.13876922946953707
2019-11-06,0.14080314638174996,0.1443375075797179,0.13915586598816226,0.14344096009207635,0.1406464262773423,0.12874790321662904
2019-11-07,0.14438412191961497,0.14708500455950804,0.142716642798845,0.14690772243475259,0.14310297072230027,0.1761462022348959
2019-11-08,0.14524319109779932,0.14797577216258204,0.1428286900348289,0.14531353842822498,0.1430406371390301,0.11414278675461541
2019-11-11,0.14773530080380054,0.15056016977036604,0.1453560790108931,0.14712283128500486,0.1425542981926362,0.1435488147070889
2019-11-12,0.14744490852844166,0.15025904851195562,0.145754494513276,0.15046309989344558,0.14660697052715582,0.15738267765603536
2019-11-13,0.15048161373332436,0.15340801497880133,0.14823207205279393,0.15065287910705,0.1460832618745524,0.19551202014999186
2019-11-14,0.1482676930177605,0.15111218074350805,0.14835658164666277,0.1519560811901346,0.14935033317547614,0.1618402446742137
2019-11-15,0.15204223790265703,0.1550264125267056,0.1494770920014954,0.1531074599023357,0.14926303571514532,0.18923067710542396
2019-11-18,0.15366343856626324,0.15670752293173343,0.15153136731785405,0.1546510618600695,0.15190661896460456,0.15567916152021422
2019-11-19,0.15268350331061925,0.15569132961441243,0.15224103780741233,0.15611875213236154,0.15452527639169383,0.1295002729452268
2019-11-20,0.14893302070226083,0.1518021753168167,0.14985058278810837,0.14980514713661586,0.1515824310550326,0.2042084998398605
2019-11-21,0.14750546589530938,0.1503217996553167,0.14727342037049151,0.15079203765960952,0.14927551765367564,0.24187866820619203
2019-11-22,0.1472272960322779,0.15003323628282597,0.14624003253587292,0.15036185857135598,0.14790383632951548,0.10256106357449664
2019-11-25,0.1527802497293233,0.1557916778430575,0.15029880972703752,0.1524874629882268,0.14805346737311648,0.14901318560250576
2019-11-26,0.15026382909050812,0.15318220274967168,0.15119522560990234,0.15246217196382988,0.15332818998819525,0.20165720116970132
2019-11-27,0.15455867766887804,0.15763588762009148,0.15221615108663594,0.15601751081027188,0.15163228269977252,0.102338433694436
2019-11-29,0.1538448811379965,0.15689569978934145,0.15224103780741233,0.15676400145861635,0.15290422267976223,0.05607813116130056
2019-12-02,0.15010654443234211,0.15301910337766547,0.15255229279458765,0.15366417133707583,0.15373967535809796,0.17502013235048203
2019-12-03,0.14440826070577645,0.1471101203313475,0.1416957173221114,0.14460500362260137,0.14256678013116653,0.22457317056505
2019-12-04,0.1471788271858967,0.14998304302538465,0.14640189120840308,0.15015941453942766,0.1460084463527519,0.10717367640200297
2019-12-05,0.15182445325984073,0.15480056201133843,0.14961406395324917,0.1527531924995239,0.14940022287490667,0.1251699230013688
2019-12-06,0.15803076088533496,0.1612364785451965,0.1559760976535166,0.15853533847267542,0.15400156773909035,0.20381392813278876
2019-12-09,0.15344569217825865,0.15648171070260378,0.15572707846577893,0.1555114200365766,0.15714393381878305,0.2583950224331905
2019-12-10,0.15533310807625067,0.15843882659420258,0.15481823822002272,0.15671338079757152,0.15539817488562047,0.16491531989255126
2019-12-11,0.15810340677268925,0.16131174928823974,0.1561006072473855,0.1600536494060123,0.15566002921192218,0.1359346740323365
2019-12-12,0.15893812676324798,0.1621774011194743,0.15791832573389136,0.1585606681093233,0.15437564534809284,0.28142330065196264
2019-12-13,0.1634023485202704,0.16680674324782,0.16132966823493539,0.1631281885031559,0.1589645082737462,0.2721732279121218
2019-12-16,0.16910055573721278,0.17271572629413803,0.1681648535899019,0.17078295142470706,0.16587276653928684,0.2587518265713234
2019-12-17,0.16976599818614813,0.17340575915368425,0.16938494882283345,0.17308567023685834,0.1690775042569404,0.2238973298577231
2019-12-18,0.16895530221731586,0.17256518480805158,0.1695468074953636,0.17349055830071497,0.16936428440561208,0.22854373472059575
2019-12-19,0.1692941250842443,0.1729164610376658,0.16865039161249884,0.1732754880627137,0.1689902067966096,0.18466577068078777
2019-12-20,0.16859234056422595,0.17218883109283548,0.1704805724568897,0.17278202349509136,0.17239446525729474,0.6259718626641989
2019-12-23,0.17410910520943507,0.17790963728154544,0.1724726119738107,0.17507211610116963,0.17027459066043898,0.1851696695611036
2019-12-24,0.17443576304625363,0.1782483556252399,0.17326944297857655,0.17829851718144774,0.17546201581518694,0.060702670589524416
2019-12-26,0.18125904427430195,0.18532411176120292,0.1796065899580676,0.18055065394480513,0.1756241287973182,0.17162602056295045
2019-12-27,0.1811260322941382,0.18518608987479865,0.18457420739498842,0.18487777446398856,0.18348006302389536,0.3036753559407019
2019-12-30,0.18320686451991502,0.18734394050992523,0.1829805833804503,0.18120856808938396,0.18141007812647014,0.2983292571690672
2019-12-31,0.18578370863375715,0.19001616674667218,0.18421314097126684,0.18664911147804758,0.18199615841703448,0.1907195144283294
2020-01-02,0.19388955893254156,0.1984217570580488,0.19282869573407796,0.1938230746503004,0.1898645745821419,0.27687628412840276
2020-01-03,0.1903568035847819,0.1947584149895827,0.19280377101830803,0.1954805441361968,0.19099932740237024,0.30381648738252603
2020-01-06,0.19322407822879456,0.19773172419850252,0.1920318647293121,0.19073587073483278,0.18680950596277995,0.23440466508987062
2020-01-07,0.19151829617659416,0.1959628234507493,0.19320218652069093,0.19672049935216362,0.1943536961636248,0.2107621669341455
2020-01-08,0.1973254148423505,0.20198471261163217,0.19760956777769223,0.196315611288307,0.19101180934090056,0.2684252936366367
2020-01-09,0.2051165045507446,0.21006410417899643,0.20506722511201592,0.20775344811262542,0.2035813117143621,0.3629167694714801
2020-01-10,0.20596331306178983,0.21094227560991316,0.20785609563370278,0.21034718746047065,0.20777117120864302,0.2897083126170763
2020-01-13,0.21398439069792174,0.21926003729232688,0.2133341758089904,0.2140163938350753,0.20906803701100268,0.24221857632664173
2020-01-14,0.2088063341552061,0.2138905073332311,0.21395668578334115,0.21530696971208696,0.21537773304744873,0.34265645650256904
2020-01-15,0.20718517174641154,0.21220939692820331,0.2113794853707307,0.21199199212804315,0.20932989133730445,0.24319158816851388
2020-01-16,0.21190352021733327,0.2171021866572003,0.21162850455846838,0.2152057283899973,0.21149961757890007,0.21065582141108086
2020-01-17,0.21612566552613133,0.22148063907081447,0.21541333784612543,0.21888759958292586,0.21484150440162436,0.28268056314426937
2020-01-21,0.21351255585082957,0.21877077746254595,0.21576194191196207,0.2201528458232896,0.21598873916038303,0.21566002429547954
2020-01-22,0.21487966805534825,0.2201884402669225,0.21696961278200222,0.221810315309186,0.21772201615501535,0.1932708130984886
2020-01-23,0.21673074188225727,0.22210792078699967,0.21643426332285903,0.21971000191671208,0.21689904541520988,0.19982944960973925
2020-01-24,0.2156175651175795,0.2209537055832744,0.22112797485126579,0.22207600620823215,0.21980448299097083,0.3043502027646357
2020-01-27,0.20429383482586078,0.20921101023368158,0.20673554728387666,0.20608331380840506,0.20709779345774793,0.3426206767004164
2020-01-28,0.21486750302523833,0.22017588238100275,0.21499003562296615,0.21533226073648387,0.21026512341450126,0.3433511809943654
2020-01-29,0.22291279595715502,0.22851872154901828,0.22675548933619216,0.22695987677440665,0.22504179784514933,0.4775135124659066
2020-01-30,0.22234413818173543,0.2279290752043547,0.2220742021706768,0.2236322729842899,0.22016611671613362,0.2551668891723113
2020-01-31,0.20497136579528263,0.20991356269291003,0.2203187194836086,0.21039780812151548,0.22065241760783688,0.43616597554500214
2020-02-03,0.20394299994806914,0.20884717611814765,0.20887698311544284,0.20271775417556742,0.19991519892737525,0.37206049668825625
2020-02-04,0.21627088079121665,0.22163118055690093,0.21653388619595154,0.21715421841158772,0.21364441799812578,0.2796989129648858
2020-02-05,0.21941645919010166,0.2248930531383114,0.22290838225410398,0.22388533767726299,0.2238820811478604,0.23549694293891815
2020-02-06,0.22396526233571834,0.22961018560938254,0.22348108079190843,0.22554280716315944,0.22269747668289214,0.202198867618956
2020-02-07,0.21861735442920427,0.22311155621840092,0.22121513536647336,0.2226833383040171,0.22244806624043,0.23265741808475188
2020-02-10,0.22046066252934504,0.2250184788525584,0.21891184086237697,0.21743257412895778,0.2122353289130654,0.2119468759387539
2020-02-11,0.2181080681214908,0.22258462273086085,0.22183764534082406,0.22358165232324506,0.22398186054672148,0.17461264015929961
2020-02-12,0.22731232882764973,0.23210679287444116,0.2259711206893113,0.22707374430256927,0.22132579535873198,0.22283387462707627
2020-02-13,0.22448667541873002,0.2291836386367251,0.2247261007406099,0.22945241341241324,0.22471757188088676,0.17566715043940828
2020-02-14,0.22458380438555076,0.22928402515160776,0.22442730811131945,0.22881979029223137,0.2254033935156215,0.1393059265018261
2020-02-18,0.21736829657348783,0.22181935741450895,0.21667082015271183,0.21839413501530353,0.21370675158139596,0.31924255152726333
2020-02-19,0.2229709432708878,0.2276154343462621,0.22267182542425118,0.22521383078474455,0.21949273896523858,0.17376982704192723
2020-02-20,0.21894470085263285,0.22345027456209546,0.22277141030235015,0.2229490292030632,0.22277229220469263,0.19012417827584588
2020-02-21,0.2101528270162366,0.21435468967741014,0.2175423493148002,0.2131939915012891,0.2177719058544459,0.2621509077758206
2020-02-24,0.19212031214778674,0.19569933756386051,0.19728585043263192,0.18628221786916282,0.1911365145621316,0.49233728327440845
2020-02-25,0.17987230735139847,0.18302823923967207,0.19523157511627326,0.18235994680158507,0.19573785942631527,0.5134036356751462
2020-02-26,0.18541420540787235,0.18876160331430178,0.18944223995381027,0.1828280817325595,0.17775644727801365,0.43235542661575
2020-02-27,0.16221564600757005,0.1647617987272583,0.17465139688403825,0.16569663682660424,0.1709853761722343,0.7368584389520791
2020-02-28,0.1620217323672336,0.16456106398373052,0.1652017000327935,0.14470620633244002,0.14125747044496723,0.9999999999999999
2020-03-02,0.19288426073676285,0.19648971865205186,0.19387450793158795,0.17171922128665595,0.17245679884056492,0.7885195038434714
2020-03-03,0.1813761039980008,0.1845839239304529,0.1970617559606641,0.18194239391940448,0.19912963594847005,0.734050718366493
2020-03-04,0.19765015993858576,0.20142014375257047,0.19631473639244457,0.19121667048413116,0.19011398502460397,0.4848414147234383
2020-03-05,0.18574166659573588,0.18910035994423383,0.1915214019909453,0.1890404454062155,0.1889667502658453,0.40631071229883486
2020-03-06,0.1810244275143525,0.18422008981491897,0.1806524021555776,0.17616024794625296,0.1721076470539324,0.502230398569603
2020-03-09,0.15330254267300336,0.15554078812832597,0.1648032845304106,0.15309479508401175,0.14935033317547614,0.652724221957021
2020-03-10,0.17654949441006346,0.17959074768657327,0.1751992087010663,0.16115440745716858,0.16604736145994842,0.649109468056215
2020-03-11,0.16453189834434134,0.16715801947743422,0.1687002030490451,0.16430485823975394,0.16635910548568067,0.5753354915511215
2020-03-12,0.13154701215097148,0.13303389794558348,0.1547310777048152,0.13411610147855574,0.13961145285597504,0.9800328826320616
2020-03-13,0.16761206101527698,0.1703446213158015,0.16708169231373066,0.1403790665071311,0.15077190419906683,0.861407930245288
2020-03-16,0.1242467316762561,0.1254814398657593,0.14113544314719828,0.12399413155564587,0.12216625032615247,0.7413756389738452
2020-03-17,0.137161747368858,0.1388425327632564,0.13930526230280743,0.12196972984861365,0.12909943441406302,0.7454316771012
2020-03-18,0.1296552352044495,0.13107678205398468,0.1298306787307864,0.12035021620543818,0.11944785155489279,0.6862399577400782
2020-03-19,0.1273633511827097,0.1287056579325294,0.13336653082569927,0.12729642501524024,0.12894980337046208,0.6157328759481958
2020-03-20,0.1085182658596559,0.10920975061646584,0.1321090675166096,0.1088111766712811,0.12868793001681506,0.9383374865235623
2020-03-23,0.10261252628942386,0.10310001368350133,0.10306274983370545,0.08933903780432823,0.10487069786727621,0.7769795237658639
2020-03-24,0.12990997399533538,0.13134024879775472,0.12695468568888557,0.1167822318467977,0.11519565847734164,0.6546781967079104
2020-03-25,0.12826075168218365,0.12963404176400625,0.14010209330757328,0.12943469425043502,0.13313964383739774,0.6946094497936077
2020-03-26,0.14392846885785765,0.1458429990130574,0.14063744276671641,0.13204109841660422,0.12786494024966427,0.5666101892428522
2020-03-27,0.13095285754357633,0.13241917411531803,0.13713893975046493,0.13291412141143527,0.13563359604325592,0.44766620028688436
2020-03-30,0.1395265068068221,0.14128892762775488,0.13670319416691745,0.13588743849261475,0.13312718092621273,0.3576193709861087
2020-03-31,0.1388958571090973,0.140636549282849,0.14538096573166942,0.1391770864400107,0.139187485547542,0.4297395255250375
2020-04-01,0.12267032739711103,0.12385050357505403,0.1282370547162483,0.12289337350448959,0.127839995399949,0.3780983383015079
2020-04-02,0.12754521455737128,0.12889383479013747,0.12379232438058568,0.12007186048806806,0.1201586180393428,0.35254460238079793
2020-04-03,0.12327662790721028,0.12447778529123923,0.12447708915187083,0.12269092947256127,0.12322618762458037,0.2629609227412198
2020-04-06,0.1488155593030394,0.15089888811406052,0.14615287202066535,0.13586214746821784,0.1333266826418989,0.4417118448786555
2020-04-07,0.14512901961238123,0.14708500455950804,0.15684762681560505,0.14803381012255679,0.1581414994792501,0.4443625318881274
2020-04-08,0.15318127492002115,0.15541532412784145,0.1514566691605314,0.15085532313897831,0.14809087513401675,0.3599023211401234
2020-04-09,0.15550961577727895,0.15782406447769956,0.15481823822002272,0.15524572913753049,0.1555228801068515,0.3423592853680238
2020-04-13,0.16188826132932987,0.16442308038356382,0.15933766671300792,0.15667542495485065,0.15503654116045762,0.26580044759538607
2020-04-14,0.17862317298605873,0.1817360404357801,0.17745269176861644,0.17213673555658554,0.16961369484807415,0.42475221865832197
2020-04-15,0.175445919603114,0.1784490903687677,0.17506223674931254,0.17540109247958452,0.1726064298841659,0.2661274352317251
2020-04-16,0.17818672383975787,0.1812844159775208,0.1773904559691788,0.17757731755750017,0.1788163845764415,0.3306573022973366
2020-04-17,0.17346933173912782,0.17640414584820593,0.175834181033302,0.17063108944157263,0.17546201581518694,0.4750804859195297
2020-04-20,0.16635091463907398,0.16903986462598977,0.16927290158684954,0.17061846323549962,0.16705740905894573,0.26329685532809705
2020-04-21,0.15597039498379955,0.1583008047077983,0.1637574723329006,0.15616933418115536,0.16497494222299025,0.38995834883170244
2020-04-22,0.1653444305441336,0.1679985938230669,0.16456672770055786,0.1647350759402585,0.16164549928410565,0.2306159815952673
2020-04-23,0.1640468655872243,0.1666562017617336,0.16936006210205712,0.16811326177916908,0.16446367745422646,0.25037438345064883
2020-04-24,0.17367560168363255,0.17661743847765346,0.17092879939581884,0.17080824244910403,0.16612217698174891,0.25372078883531024
2020-04-27,0.17391809893478521,0.17686836647862256,0.17283367839753233,0.17454073430307743,0.17185823661147032,0.23117553794559825
2020-04-28,0.1683518325632799,0.1711098866321534,0.17443972677496183,0.1723265533824409,0.17594831670689015,0.21854626166912278
2020-04-29,0.17944794672558417,0.18258917266733252,0.17922063681356964,0.1795258075790906,0.17551190551461748,0.2813497532808712
2020-04-30,0.18680886107679073,0.1902043436042802,0.18527141552666176,0.18516879499968258,0.1820335661779347,0.39510765869149783
2020-05-01,0.1810728963607337,0.1842702830723603,0.19083665621715695,0.18200567939877327,0.17740729549138112,0.5381095890615182
2020-05-04,0.1860327092028931,0.18940144291640668,0.18422560332915178,0.18260034667623426,0.18104848245599797,0.27212452762585854
2020-05-05,0.1913684903341089,0.19492151436158886,0.19332669611455983,0.19289943099442453,0.18839315191381129,0.30736564497938557
2020-05-06,0.1950914103506618,0.19877303328766296,0.1961155286412531,0.19847917154789868,0.19512681525869036,0.2939044883028621
2020-05-07,0.1988628374684075,0.20267470718494082,0.19851844601844199,0.2024014426154765,0.19856848148027573,0.22652316978236686
2020-05-08,0.20762996044165566,0.21069138589518163,0.204967640233917,0.20533682316006058,0.20158618039342802,0.27279639279961293
2020-05-11,0.2135638172984624,0.21681366157094714,0.21330925109322052,0.20906927640178297,0.20465373095132028,0.30288124310959275
2020-05-12,0.2091865104735458,0.2122972255571662,0.2165961219953892,0.21371274709330834,0.21678678407781848,0.3435181534044109
2020-05-13,0.20461437189281273,0.20758005479985756,0.21193975954564376,0.2039703355976072,0.20970396894630688,0.4387351641162376
2020-05-14,0.20691249144885415,0.2099511980644316,0.20427043210224366,0.20184473118073637,0.20017709130836764,0.3351397164003432
2020-05-15,0.20468724730903703,0.20765532554290075,0.20191732616160102,0.20017459687651595,0.19498966615361968,0.3535742655760784
2020-05-18,0.21350299214791302,0.21675091042758607,0.2126245053194321,0.2129662564449638,0.21097590892629658,0.2761259021665912
2020-05-19,0.21128991303820577,0.21446763407821254,0.21513943193761137,0.21636977192052237,0.21329526621149325,0.19301538506645477
2020-05-20,0.21869524122575684,0.22210792078699967,0.21638445188631278,0.22081075996786836,0.21535276917038815,0.217303907427713
2020-05-21,0.21580122646838945,0.21912205369216012,0.21809016113182833,0.21998835763408214,0.21782179555387643,0.19539871744317533
2020-05-22,0.2182817449664558,0.22168137381434225,0.21602342345758474,0.21933044348950337,0.2142180163501598,0.14350408995439812
2020-05-26,0.21565524610707082,0.21897151220607372,0.22226094756398335,0.22078546894347145,0.22385715532549044,0.25213256317309196
2020-05-27,0.2173333699304365,0.2207027775823053,0.2153759887674641,0.21647097463036102,0.21467942947418367,0.22088288152636631
2020-05-28,0.2175035273327282,0.22087843484023115,0.2212649468030196,0.21968471089231517,0.21546499245308887,0.2721066377247822
2020-05-29,0.21712656441856848,0.22048952323909535,0.2184138404818951,0.22074751310075058,0.2185575068880417,0.3217302416602623
2020-06-01,0.22188094892207982,0.22539487085401208,0.21990787961833425,0.22168378296269947,0.21668704273364803,0.1409895649697847
2020-06-02,0.22369273505740755,0.22726415811664794,0.2212649468030196,0.22386000804061512,0.2204279710424354,0.15801379361067153
2020-06-03,0.22585711579186363,0.2294972794948177,0.2247012140198335,0.22812388169268072,0.2253036521714511,0.19987715601260936
2020-06-04,0.2224525523179977,0.22598451719867566,0.2239790811723903,0.22620072130773822,0.22496698232334883,0.15780905363168718
2020-06-05,0.23361496206891968,0.23750140031913877,0.23161105953712907,0.22930059004152975,0.22367011652098917,0.28127421814299347
2020-06-08,0.235998275090542,0.2399603339264382,0.23391435404122546,0.23447544253114733,0.23227424402026192,0.17792028409162908
2020-06-09,0.24880235182931165,0.2531708853378489,0.24886701778853415,0.24040945048743328,0.23463104712104943,0.3072692382902522
2020-06-10,0.25956362162510077,0.26427377937157426,0.26027140507803853,0.2582241005623642,0.2542833646260226,0.3543276291880693
2020-06-11,0.2389651652641337,0.24302147176432096,0.2556523917069544,0.24479985648598546,0.2560416054977155,0.44131926093837
2020-06-12,0.24249145554872176,0.2466596980609476,0.25159361451578977,0.24320563386720684,0.2503179897518338,0.43755144899502235
2020-06-15,0.24758634613087488,0.2519163219054785,0.24895417830374167,0.24113061149912984,0.23601517232904923,0.28514638784261953
2020-06-16,0.25863942363005454,0.26332029891137676,0.2583167526347724,0.2564907193910261,0.25872259650807494,0.3512893276552775
2020-06-17,0.2580437197027869,0.26270557508111136,0.26105577372491945,0.2645503317641829,0.2633239413722586,0.22451353756146236
2020-06-18,0.25821395361470195,0.26288123233903726,0.25862800762194776,0.26218432747266285,0.25866026292480476,0.18081745418259676
2020-06-19,0.25576970067809524,0.26035954758837676,0.26250000142481233,0.25703476600744224,0.2626880094369544,0.5973927456948077
2020-06-22,0.2668958448675576,0.27183879533731825,0.2661105516770478,0.26462624344962465,0.25857296546447395,0.2767888223898075
2020-06-23,0.27621004990244546,0.28144875582362394,0.2821962261320675,0.27869577546450913,0.2743596874941194,0.46739180399029273
2020-06-24,0.26834283311883544,0.273331728884738,0.2777266090756287,0.2739511020631452,0.2756066635970485,0.418859484020467
2020-06-25,0.27415515443897837,0.279328540560019,0.27300797283145195,0.2727491413021502,0.27024468157632947,0.2819500588503204
2020-06-26,0.2605242382008533,0.26526489520329344,0.2734063883338348,0.26699224774114466,0.27487095226288316,0.4502502971090168
2020-06-29,0.27043433843706716,0.2754895795198645,0.269484583094424,0.2647907316388321,0.26095469438763147,0.26486420943905964
2020-06-30,0.27410649431853884,0.2792783473025777,0.2742281060593771,0.2758236803992939,0.2694715244265734,0.28866075952071957
2020-07-01,0.2732674897890735,0.27841269547134306,0.27594620167279044,0.2807707978325862,0.2757562946406495,0.21539664519630064
2020-07-02,0.2732674897890735,0.27841269547134306,0.27981823347064855,0.28042919524809834,0.2791605531013346,0.22360711590692978
2020-07-06,0.28511098820690234,0.2906321693372721,0.2864292863586537,0.28831165461372377,0.28184154411169404,0.23507156084665942
2020-07-07,0.2837004567911425,0.289176871161374,0.2899651384535666,0.29129765581935274,0.2885876893951034,0.21958884534851386
2020-07-08,0.2942549975846869,0.3000664725656519,0.2935508019850257,0.2965230903577641,0.29022122504556525,0.2311864706629227
2020-07-09,0.2962491444072278,0.3021239749721333,0.2982445135134324,0.29947113572067213,0.3006085192389009,0.2524327159578166
2020-07-10,0.29706374236685007,0.30296451103152855,0.29656376697868037,0.29963562390987947,0.2959822485523472,0.16450981546815507
2020-07-13,0.29491164142693893,0.30074394753927847,0.31635957656403446,0.30243180728965313,0.3056089055891476,0.4164393779582007
2020-07-14,0.3025963827589007,0.3086727976205563,0.30291333832106276,0.2954476619432556,0.293513222168859,0.3651053007031476
2020-07-15,0.3058431451346431,0.3120224605446922,0.31283614883201316,0.30866946198770606,0.31421303308842025,0.3208993551436074
2020-07-16,0.2999943669789822,0.3059880134978896,0.3036603578892824,0.3057087904187251,0.30210490578429205,0.2150000857224426
2020-07-17,0.2990458389237161,0.30500945555209025,0.3023779888619197,0.3053798140403102,0.30422478038114775,0.1693043089566038
2020-07-20,0.3089194440696004,0.3151965044971399,0.3091135513437937,0.3065059017281144,0.30138167638865704,0.16466088574391052
2020-07-21,0.30231674008562004,0.3083842342480656,0.31284861118989804,0.3099473730463938,0.3151233393432472,0.19724833443778622
2020-07-22,0.30364219280023413,0.30975170379500083,0.306499001852522,0.3092388382407702,0.3027533196581265,0.16139001549712678
2020-07-23,0.2821075264333576,0.28753339612786777,0.30202938479608304,0.28599627098324865,0.3042746320258878,0.42974548882539626
2020-07-24,0.2809888792306116,0.2863791809241424,0.2815737161577168,0.27149652126785945,0.2742973539108491,0.4010083443964978
2020-07-27,0.2916650320704432,0.2973942463289051,0.29121015840226805,0.29343592505454746,0.28787690388330806,0.2414284390291051
2020-07-28,0.28408958473541207,0.28957834064842947,0.28944225135230833,0.29225921670569854,0.2911564571227621,0.1977263923498807
2020-07-29,0.29278367927318927,0.29854846153263026,0.292828707132576,0.2946125947911455,0.2880764246263396,0.16468871447891809
2020-07-30,0.29837714481578925,0.3043194609787815,0.2981449286353335,0.2948909505085155,0.2902586328064655,0.33315393738087373
2020-07-31,0.3473560043461292,0.35485327450321125,0.3485308874790805,0.3306088271621432,0.3336409420826827,0.870364807384156
2020-08-03,0.36037893686244166,0.3682896381437515,0.374539334450057,0.3663773630890664,0.3601516281537659,0.7059128856236506
2020-08-04,0.36391739217713975,0.37194042232629787,0.37031873658135567,0.36888252593314613,0.36480286271738005,0.37027945764777115
2020-08-05,0.36585082861356627,0.3739351735894182,0.3683391594223196,0.37146363907491836,0.36602491299793916,0.24282683296323598
2020-08-06,0.38452797531340493,0.3932052495332333,0.3883590634796416,0.37601853326267803,0.3711499665147263,0.4432235415196029
2020-08-07,0.37193227253378164,0.37920435531986885,0.3846862774279684,0.3785237347190085,0.3851161140894086,0.432332567297708
2020-08-10,0.3798014785675983,0.3873088243728351,0.3851842778084504,0.37704337962839257,0.3820984151762563,0.468008011694032
2020-08-11,0.36346613841872405,0.3704851241503997,0.3787475079558668,0.3725264412833538,0.37895604909656355,0.4071296722147722
2020-08-12,0.38117796320097524,0.3887264871772117,0.38269423791104745,0.3785490257434055,0.37161134158405973,0.35170974033057056
2020-08-13,0.3909231851989074,0.3987629946361747,0.3964766178619709,0.3969203872530764,0.3912262893828231,0.46223951248031797
2020-08-14,0.3904238451422271,0.39824861903455433,0.39128486795808876,0.39245406956908263,0.39322145875844783,0.35162824189233405
2020-08-17,0.38896197576921104,0.3967431276012149,0.3967007123339387,0.3970975402606079,0.39936904181276256,0.237322706732094
2020-08-18,0.3936154440795467,0.40153556910156674,0.3962649477528945,0.3973252753169331,0.39083972983529036,0.2027156869833825
2020-08-19,0.3943218956865883,0.40226319904639707,0.40205428291535744,0.4054355083511348,0.3989700003266996,0.3018664881652092
2020-08-20,0.4068323284910073,0.4151475900000329,0.4081797977807657,0.4060554666529928,0.39781032168410124,0.2555743813634937
2020-08-21,0.4365309159607778,0.44573385260702103,0.4404258068531343,0.4238574905218507,0.41533032070837905,0.7802146142104951
2020-08-24,0.4437789021079454,0.45319848205788227,0.45993528616708296,0.44758085752867066,0.46239118665542256,0.7998010742388655
2020-08-25,0.43874793531608663,0.44801712895639456,0.44198208178901105,0.44310187502635273,0.4424396070632475,0.4657518963916318
2020-08-26,0.44701923767532786,0.45653562538233594,0.45100847641709657,0.45337566832014614,0.4498341662204913,0.34531012516222037
2020-08-27,0.43964937169819146,0.4489455319309902,0.4534611672358381,0.4470494371183275,0.45463503182770637,0.3267493527955579
2020-08-28,0.4386626270860708,0.44792933861366924,0.44826941733195586,0.4508198848150217,0.44899867548746497,0.40645283762405215
2020-08-31,0.45928606383905596,0.4691690500487652,0.4709661446749808,0.4580191390116715,0.4568172400078324,0.5010523982778983
2020-09-01,0.4843311829984906,0.4949628711554013,0.4898904630932402,0.4809453947091022,0.48265454832802057,0.3177937180109312
2020-09-02,0.47078534546151135,0.48101213191324066,0.5057270803655287,0.4630801239731264,0.5067461357697367,0.4374843618659862
2020-09-03,0.4195255045307565,0.42822011952503924,0.46020915408060353,0.4301837217236693,0.45347535318510823,0.580306896283547
2020-09-04,0.4199152828068244,0.4286215890120948,0.4346115469749015,0.38154765315510736,0.4193580672205286,0.7666789162794869
2020-09-08,0.38025223501346234,0.3877730067170141,0.4111553757007654,0.3906068208695818,0.38883207852113544,0.5151255386537402
2020-09-09,0.4021789366902951,0.410355148499681,0.41190239526898503,0.40366417133707583,0.4053420680011065,0.37989254629695196
2020-09-10,0.38351690064106464,0.39113522752706964,0.4186753068295204,0.38969584203202984,0.42080456406648925,0.39314573287346344
2020-09-11,0.3762567494637871,0.3836580401902887,0.39243030302869125,0.37704337962839257,0.39192459295608817,0.38963210660790826
2020-09-14,0.39262873772223766,0.4005193757842457,0.3959163436870578,0.3912141529653667,0.39267278622878377,0.2884791273306255
2020-09-15,0.39350576753449934,0.4014226629870019,0.4103585826909932,0.395313538428225,0.4106791241994553,0.39902852867738714
2020-09-16,0.3768901726353578,0.3843103993920757,0.3962649477528945,0.38736779358323076,0.39521662813407255,0.32457920840666327
2020-09-17,0.36816811383025255,0.3753277206219553,0.37734062933463525,0.37051470439464557,0.3677332641702016,0.3825524267278103
2020-09-18,0.35111396577016835,0.35776383256877,0.3707669255252913,0.3572549098952233,0.3711250406923564,0.6536189654816843
2020-09-21,0.366901305741923,0.37402300221838114,0.36733069630347087,0.34212257567190335,0.3418959177953228,0.4265387240574693
2020-09-22,0.37533090651183915,0.3827045597300913,0.38062750023680386,0.3727921707946508,0.3824974566623194,0.3950862901985456
2020-09-23,0.35247836188305876,0.3591689757734644,0.3768924403906995,0.3606963812135026,0.377210290163401,0.31473901740215277
2020-09-24,0.35783816703600096,0.3646890472186465,0.3676294889327613,0.3517384548211178,0.34503828387501567,0.3570401854387635
2020-09-25,0.37762095430261916,0.3850631451087455,0.3785358758417839,0.3652512754012624,0.36129886291252455,0.31290704183776985
2020-09-28,0.3906795785582164,0.39851206663520555,0.39287849197262686,0.39111291164327705,0.39411928307474453,0.28232276512274335
2020-09-29,0.38644040985822675,0.39414617210751113,0.3928286805360806,0.3951110943962966,0.3918248516119177,0.18718278037388403
2020-09-30,0.39482127399808026,0.40277757464801744,0.402539858932948,0.39536415908926986,0.3880340336036999,0.29475326472059327
2020-10-01,0.39959658388357305,0.4076954801488538,0.4048306910791593,0.4065489312206149,0.40723745797787003,0.22877232790101515
2020-10-02,0.38122677634066143,0.38877664214841534,0.39312751116036465,0.3882787724207826,0.38354491202221697,0.2998141189584002
2020-10-05,0.3981834893954315,0.40624018197295564,0.399502007218517,0.3950098916864579,0.3886325958327945,0.20423185609959904
2020-10-06,0.3819090126519183,0.3894792328938813,0.3968625710064689,0.3884305957916661,0.39756091124163917,0.3415229324927067
2020-10-07,0.39126434160934737,0.39911427086578877,0.39402392704322925,0.397945233618791,0.39217400339855035,0.1808885168452054
2020-10-08,0.3907283534430909,0.39856225989264693,0.39825698726981545,0.4002732820675902,0.4003042738899595,0.14766349195463818
2020-10-09,0.40047357544102297,0.40859876735161005,0.40124502754770025,0.4019434163718107,0.395466000521844,0.18997733200451122
2020-10-12,0.436677164105778,0.44588439409310743,0.44198208178901105,0.42400931389273416,0.41930817752109817,0.5371405527532185
2020-10-13,0.4205975573728929,0.42932414147132325,0.44302789398652104,0.4258818922288828,0.44529515493957783,0.5920618036449182
2020-10-14,0.421036034024212,0.42977580421582007,0.43127490263118,0.4257300688579994,0.42399681984561255,0.3147223698553179
2020-10-15,0.41869709658412263,0.4273670255797245,0.4221613474878871,0.4182904147867004,0.4126244038756496,0.21992378405199797
2020-10-16,0.41046248058926943,0.4188861645253046,0.42390440581206373,0.4216306447828902,0.42539342699214266,0.22696693871739843
2020-10-19,0.39564972019952566,0.4036307068795698,0.4182768913271376,0.40568857304410794,0.41880939469086453,0.24000047706402866
2020-10-20,0.40310477964224284,0.41130862895987863,0.41110560225921283,0.4055367110609734,0.4000548634474974,0.2494036078464112
2020-10-21,0.39998620914039434,0.4080969496359095,0.4097609594374188,0.40968671718487654,0.40239918460975466,0.16373657418830162
2020-10-22,0.394528968982138,0.40247649167584454,0.4064243150936974,0.4002732820675902,0.406289743962143,0.19365743373841532
2020-10-23,0.39106947159871924,0.3989135361222611,0.399004006838035,0.3987043890854595,0.40100257746322454,0.14541582466107955
2020-10-26,0.3911181317191587,0.39896372937970237,0.399004006838035,0.3916190024169723,0.38913137866302805,0.21816336809192027
2020-10-27,0.3986707409316252,0.4067419996886563,0.4026394438110468,0.400020255986868,0.3965134558817415,0.16952793272005756
2020-10-28,0.3723585459001793,0.37964342189220857,0.393426303789655,0.3826104553635427,0.39431880381777584,0.2978904576510013
2020-10-29,0.3924338294567979,0.4003186410407179,0.40089642348186355,0.3881775310986931,0.3809512184721884,0.3033354478202522
2020-10-30,0.36095666102822627,0.36790072654261563,0.37629481713712515,0.36550434009423544,0.37441703781565017,0.41301892826075126
2020-11-02,0.3605181461220954,0.3674490637981188,0.36977092476432755,0.3634799383872032,0.3646906394346793,0.24553541368035764
2020-11-03,0.36865532711163457,0.3758295766238935,0.3738047772397222,0.37061594571673523,0.3674340020829996,0.20766224463097976
2020-11-04,0.39063095669258846,0.3984618733777643,0.3942230967994272,0.38893668656536146,0.38977979253686246,0.28372190446941903
2020-11-05,0.4105112172193323,0.41893635778274596,0.41429285028828905,0.4118123602139983,0.40878369616800114,0.25428208448157924
2020-11-06,0.4098523163431919,0.41723016989211625,0.4122011878982756,0.40806720354170084,0.41062923450002486,0.22464150004832756
2020-11-09,0.39828417605973726,0.4053368947701995,0.42609561508518273,0.40766235409009516,0.4215028676397543,0.3241724616280257
2020-11-10,0.39657586918996685,0.40358051362212843,0.4041832563890387,0.397945233618791,0.3968127560236341,0.283194897800213
2020-11-11,0.4137570997344064,0.4212447499039589,0.4143426237298416,0.4096361351360825,0.40499291621447386,0.21926732407083704
2020-11-12,0.41239037007800444,0.4198396449855022,0.4188247031441656,0.42041601920357125,0.41711352545713254,0.1965752269097904
2020-11-13,0.4126345122860588,0.42009057298647134,0.41454183148103324,0.4168733451754533,0.41621570114083584,0.14295422396715018
2020-11-16,0.4177106580104954,0.4253095614594805,0.421115535290377,0.4182904147867004,0.41362196953611663,0.16681015858154952
2020-11-17,0.4132689683375444,0.4207429321882583,0.419521911275839,0.4223898002495586,0.4167643736704999,0.12478876872010429
2020-11-18,0.40663072563352604,0.41391810405326446,0.4152888510492528,0.41753125932003204,0.4120757313459855,0.1298851542892156
2020-11-19,0.409608135880326,0.4169792418911472,0.4115039797666022,0.4115086748599804,0.40698804753540796,0.1243961847798188
2020-11-20,0.40326288677885985,0.41045549672832615,0.41005975206670925,0.4139379646308691,0.4122253623895865,0.12313221357460845
2020-11-23,0.38622801914385546,0.3929418019325821,0.40433269069867755,0.3960220732338486,0.4049430265150433,0.2581885431582682
2020-11-24,0.39267100928912907,0.3995658953240483,0.39551792818467485,0.3901513121446803,0.3886325958327945,0.22319117570690578
2020-11-25,0.3968687097732723,0.40388159659430134,0.40000000759899884,0.4032086626121744,0.3968127560236341,0.13032519616152294
2020-11-27,0.3996021308312648,0.40669180643121494,0.4036852560085568,0.40852271226660236,0.401900401779521,0.056261254176484365
2020-11-30,0.41160939809783686,0.4190367442976286,0.4210159504122781,0.4115086748599804,0.40389557115514574,0.36118194600877546
2020-12-01,0.42952274922794625,0.4374537262961289,0.4334661498992925,0.42770384990398674,0.4240467095450431,0.2576143270278886
2020-12-02,0.43128002225664946,0.4392603007016411,0.43296814951881063,0.43215750276965664,0.4290844656014994,0.16139647573918214
2020-12-03,0.43059660004623096,0.4385577482424128,0.43500996247728435,0.43883800137428713,0.4365663222190741,0.13645845058051487
2020-12-04,0.4272286464271297,0.4350951409174746,0.43042829818486145,0.4353459093949629,0.4319774592934207,0.13470126474146482
2020-12-07,0.4345502730867549,0.4426225215116969,0.4389442300745801,0.4390404454062155,0.43053096244746014,0.15570102695486304
2020-12-08,0.437625233103304,0.4457840075782247,0.4409860810280473,0.44329165423995714,0.4408060714127856,0.14455338234669285
2020-12-09,0.42493458188112493,0.4327365555388202,0.4458167265132144,0.43271421420439676,0.441604116330221,0.22621009651353158
2020-12-10,0.432060879472382,0.4400632013895147,0.43545818941621356,0.42841238470961035,0.4215028676397543,0.14228409808933373
2020-12-11,0.4280096184072973,0.4358980798915856,0.4299302978043797,0.43043678641664235,0.43112952467655463,0.15626704354724935
2020-12-14,0.42493458188112493,0.4327365555388202,0.4328685266457181,0.4354471507170526,0.4319774592934207,0.13699738385043841
2020-12-15,0.4547087991135595,0.4633478956314101,0.4555279049100817,0.4485550832333403,0.4406564023144939,0.3309517402525507
2020-12-16,0.4543671071357562,0.46299661940179604,0.4578685104978459,0.46085327823416594,0.45596930539096636,0.18426672649844694
2020-12-17,0.45871120878414645,0.4674628621581355,0.4638944404851551,0.46834351435425864,0.4634012342544199,0.1747035804897708
2020-12-18,0.4487540168747712,0.4572256582418822,0.4615040234608448,0.4586264711074565,0.46370057245100316,0.4186564833374206
2020-12-21,0.45641714423814156,0.4651042767794812,0.45756971786855544,0.4451136119150611,0.4440481788366487,0.24152186406805914
2020-12-22,0.4742329073436901,0.48342094883557385,0.4879482350128654,0.47649170323118123,0.4769184886982992,0.35992617434155844
2020-12-23,0.469742519295488,0.4788041645931479,0.4780876223063593,0.4822106409494659,0.47966185134661943,0.15945716076834143
2020-12-24,0.47467230211048933,0.48387257329383315,0.4832171744057973,0.48383019320489246,0.4754720299070292,0.07673227042473856
2020-12-28,0.49771057384990974,0.5075587370227841,0.5025398323364525,0.49602710827137725,0.48878972555318634,0.24955890212658743
2020-12-29,0.48882711799438444,0.4984254784803396,0.5097609328409234,0.5002277350563251,0.509040605287254,0.2410142381250191
2020-12-30,0.4832140659882112,0.49265451732042587,0.4958167702074569,0.49547039683663713,0.49672047530156394,0.1799023360483743
2020-12-31,0.47818654212940254,0.48748572210485785,0.48959167046394975,0.48696797916915385,0.4892386186839893,0.1865228418008471
2021-01-04,0.4621767886826201,0.47102585599795643,0.48396415597902337,0.4618654983938076,0.4864454043909291,0.29631043152677633
2021-01-05,0.469986470229484,0.4790550160216418,0.4746514310795325,0.47031729540024597,0.46335138260968,0.18291579049633788
2021-01-06,0.4484611762914657,0.4569245369834718,0.4712151638627186,0.45994229939661396,0.4575155435810975,0.3255954541761365
2021-01-07,0.46954707546268476,0.4786033915633825,0.4741036192625044,0.4674325741289577,0.46070779936022077,0.2125168680647127
2021-01-08,0.47506273071835553,0.4842740427808887,0.47908369905731013,0.4794270837757653,0.4810085307390284,0.20153445657065006
2021-01-11,0.4600777854213018,0.4688679670765923,0.46683266932649364,0.4706716014153088,0.4648477691550712,0.1896732036862141
2021-01-12,0.45919934018100844,0.4679647181600737,0.4644422523021832,0.4623715891675028,0.46140610293348583,0.16871866316720324
2021-01-13,0.46940067429843796,0.4784528500772961,0.4732071653846461,0.47062101936651496,0.46270293068115487,0.1604835938425942
2021-01-14,0.4597362082079333,0.4685167291332156,0.4709661446749808,0.47198742970446633,0.4728782983023099,0.1644218567878633
2021-01-15,0.4510969328152739,0.45963439859174027,0.4670816885142313,0.4630801239731264,0.46280271008001594,0.2175367246125532
2021-01-19,0.4544647716699403,0.46309700591667846,0.45956179538047,0.46277647723135934,0.45781480566829946,0.1657524181804132
2021-01-20,0.47496510443898315,0.48417365626600606,0.47838649092563684,0.47092466610828193,0.46220418590561196,0.19945053156610926
2021-01-21,0.49858936338350807,0.5084619859393027,0.5141434273771484,0.4964319963352339,0.4878420115374592,0.23878694544101958
2021-01-22,0.5093274890182391,0.5195022054021422,0.5150398812550068,0.5036692449868556,0.5002119931678892,0.22464522711105178
2021-01-25,0.5281193236434534,0.5388224363171611,0.5411354507461972,0.5113618865266256,0.5340799067446973,0.3318661129742283
2021-01-26,0.5292907624862988,0.5400268447783276,0.5372012211438948,0.5358064531573932,0.5367234899941565,0.1847189434423201
2021-01-27,0.52392162315931,0.5345067350469079,0.5372012211438948,0.5309479508401176,0.5358754792679092,0.29020276960515745
2021-01-28,0.4996630229277345,0.5095660078855866,0.5256972489762914,0.5121716626543389,0.5163728308612278,0.2946188419916727
2021-01-29,0.47462348897080314,0.4838224183226294,0.49955183005356124,0.47932591967817756,0.49796745140449306,0.3813418767549806
2021-02-01,0.48526414134540835,0.4947621746981111,0.49277891849302596,0.48296975780388335,0.48759260109499714,0.20422191726566774
2021-02-02,0.4894127991609955,0.4990277209971604,0.4974103562270015,0.5015942226187786,0.4974686305195689,0.14723661903728974
2021-02-03,0.48428772553243765,0.49375853926670976,0.49472114657340066,0.49653323765732355,0.4976182615631699,0.16357481966607007
2021-02-04,0.5011273406086971,0.5110714993189261,0.5028386249657428,0.5014929812966888,0.5003117725667503,0.14941744767266052
2021-02-05,0.49904972178710033,0.5079099749661607,0.5029382478388353,0.5079204538205973,0.5055490874209287,0.12832401194946003
2021-02-08,0.49978291350749665,0.508662758969068,0.5006474536876175,0.5031631156009093,0.4989650170649601,0.11739974263389534
2021-02-09,0.4953834571466253,0.5041462846690495,0.5052291179800403,0.5078698717718033,0.5019078624016213,0.13100849099429834
2021-02-10,0.4923529874760441,0.501034991859963,0.5007968500022628,0.5005313817980921,0.5012095588283563,0.12174649165373998
2021-02-11,0.49108193310361964,0.4997302734563889,0.49780877172938437,0.4973430137850368,0.49831656513643496,0.0999640462682536
2021-02-12,0.4922549021389318,0.5009346053450804,0.493525900066252,0.4969381257211802,0.4905853741857795,0.08969002516264281
2021-02-16,0.48159841227229666,0.48999484896959866,0.49591631709056233,0.49238319292116955,0.49627158217076095,0.14045560111682676
2021-02-17,0.47011098964145775,0.47820192207632695,0.4770418481038428,0.4755807630058802,0.47512284006570604,0.18354591256758096
2021-02-18,0.46458726262052535,0.4725313474312959,0.4659860648801751,0.4651551463412034,0.464897620799811,0.1809076491005231
2021-02-19,0.4653693439902313,0.47333420983293184,0.4695219549700815,0.47218991234864566,0.47008508400924964,0.1580783960312248
2021-02-22,0.44645142150576494,0.4539135924030303,0.4645916486168285,0.4559947373046393,0.4589620023723675,0.1984489455766847
2021-02-23,0.44576715768948977,0.45321103994380196,0.4496015977958649,0.4195050403660194,0.4377634466772633,0.3335092506939169
2021-02-24,0.4432742063776319,0.4506517198216198,0.4438744984328397,0.4389392426963768,0.44364917540527626,0.21614876645405012
2021-02-25,0.42196103537030333,0.4287721304981812,0.4483565778471635,0.4303861657555977,0.4423523096029166,0.30847953979223364
2021-02-26,0.423280902882414,0.43012708044543446,0.4403386463379267,0.43372639575178745,0.43192756959399015,0.3491316068087969
2021-03-01,0.4552015975974449,0.4628962711731508,0.4556773012247269,0.4417733819188712,0.43771355697783276,0.22923821074154382
2021-03-02,0.44214974444351257,0.44949754290413213,0.45961156882202264,0.4530087747112614,0.46095720980268284,0.1943355106833768
2021-03-03,0.42719150100500164,0.4341416604572771,0.44462151800105915,0.4369654230381385,0.44300072347675123,0.22093530887535384
2021-03-04,0.41775706109704663,0.42445642922792803,0.43411354659441953,0.4206690838965445,0.4277377481543998,0.38291022474933634
2021-03-05,0.4240630607617432,0.43092998113330794,0.42584663389243854,0.41535503424211634,0.4238970785014421,0.32231216038693866
2021-03-08,0.3993281881249224,0.4055376295137273,0.42116534672692324,0.4084720916055576,0.42364766805898,0.32382783256145864
2021-03-09,0.4224498936085869,0.4292739482138819,0.42644421915101954,0.4215294420730515,0.4141706420657806,0.2620808389966051
2021-03-10,0.4170238693766503,0.42370372179749594,0.42699203096804766,0.42486967206924137,0.4274384860671978,0.21839345209742939
2021-03-11,0.4267027575311531,0.4336398427415764,0.4321713185140447,0.4340300811058054,0.4316781972062187,0.1962378034978235
2021-03-12,0.42215655571272964,0.4289728652417091,0.4220119511732419,0.4234020204092002,0.4210040848095208,0.15916247434227904
2021-03-15,0.43662601742258017,0.4438268916866258,0.4361055861113406,0.4297788336598128,0.4260418789206678,0.16984349069737564
2021-03-16,0.4443495108787599,0.4517557417679038,0.4521414491298141,0.4515410844389693,0.44743995535880354,0.22655472558009865
2021-03-17,0.4403899848520511,0.4476909684986198,0.4453685375692787,0.43949591551886596,0.43920994352322384,0.2183668657166632
2021-03-18,0.41971241754055805,0.42646373837696827,0.43202192219939956,0.42927274288611744,0.4333740664399507,0.2414674489522854
2021-03-19,0.41707279728077146,0.4237538767686997,0.42330678255848947,0.42603371559976627,0.41851013260366254,0.40128340162554593
2021-03-22,0.43369302101212476,0.44081594710618455,0.43545818941621356,0.42896909614435047,0.42065493302288814,0.21831642613446195
2021-03-23,0.42953797464298943,0.43655043909337266,0.43730079462349564,0.4384837339714754,0.4356186462580375,0.17745489819279697
2021-03-24,0.4175615407546202,0.42425569448440037,0.430627505936053,0.4280074966457537,0.4330748043527488,0.1602194693308705
2021-03-25,0.42000571718160346,0.4267648213491412,0.42445221762909197,0.42259224428148695,0.41671448397106936,0.1858472495643685
2021-03-26,0.42303649289067796,0.4298761524444652,0.42355580174622715,0.4221873562176303,0.4207546743670587,0.1739864936216291
2021-03-29,0.4239164300686263,0.43077943964722143,0.42903388192151476,0.43134776525419444,0.4272389653241664,0.14105913680730364
2021-03-30,0.4166327904369857,0.4233022523104404,0.41817730644903855,0.42188370947586334,0.41955758796356013,0.15311668166188236
2021-03-31,0.4276315078487875,0.4345933232017739,0.4337151310920366,0.43347336967106526,0.4272389653241664,0.23424713457205987
2021-04-01,0.43178655421792295,0.4388588312145857,0.4370020019942053,0.44025507098553435,0.4372646638470298,0.126821508729899
2021-04-05,0.4459626780319162,0.45341177468732974,0.4468625767057179,0.44319045153011843,0.43831211920692736,0.16051937364474683
2021-04-06,0.4474781423960768,0.45496742109187294,0.45169322219088487,0.45624780199761245,0.451430294110053,0.13944929418128482
2021-04-07,0.455739230720603,0.46344828214629274,0.45562748978818074,0.4536666888558401,0.44808840728732857,0.14763740251556856
2021-04-08,0.4677644394938468,0.4757931817264689,0.4679282929605499,0.47077284273739844,0.463650644696882,0.16099991626532412
2021-04-09,0.48066981497390887,0.48904136850940116,0.48112547402079026,0.4755807630058802,0.4678903938905934,0.20533233348663982
2021-04-12,0.4720663078301575,0.4802092695116047,0.4801793226913664,0.4814515240950485,0.4814574999792126,0.16739903449197774
2021-04-13,0.48766004020006887,0.4962174345877717,0.4891932549615668,0.48803074276533825,0.48105845849314954,0.16701763173986495
2021-04-14,0.475927978048624,0.48417365626600606,0.4908864638542039,0.4866643324273869,0.49352821952244064,0.1569702160478873
2021-04-15,0.48800242076448225,0.4965687491036235,0.4908864638542039,0.49668506102820703,0.4879417909363203,0.16224848227794098
2021-04-16,0.4863401726879581,0.49486256121299377,0.48924302840311956,0.4948631033531032,0.49033596374331745,0.15125439265400908
2021-04-19,0.48966413327364317,0.4982749369942532,0.4932271074369616,0.49516675009487016,0.48639547663680793,0.17446604235881324
2021-04-20,0.481207448097067,0.4895933794825431,0.493525900066252,0.4874234492818043,0.4939272610085037,0.1758279110782467
2021-04-21,0.48311399140089223,0.49155049537414197,0.48466136411069666,0.48484237475228303,0.4806594170070865,0.11131195838013903
2021-04-22,0.4754881242240849,0.48372203180774676,0.4866533656326241,0.48539908618702315,0.4840511554745507,0.15037008490497356
2021-04-23,0.48712248358653404,0.49566550018710487,0.4914840491127847,0.48919482490811433,0.47966185134661943,0.1356879424799925
2021-04-26,0.4890776105011753,0.49767277104990737,0.49118525648349426,0.4962801729643504,0.4929795469927766,0.10648665450650334
2021-04-27,0.4874643285835841,0.4960167381304815,0.49292831480767113,0.499063730138051,0.49387733325438254,0.10427700325273186
2021-04-28,0.4835050320857452,0.4919519648611974,0.49098608672729643,0.4938509218057126,0.49038581538805726,0.2079994195720984
2021-04-29,0.4830160590830264,0.4914501088592592,0.5011952655046457,0.49066247656815537,0.5011597071836164,0.3156889214551347
2021-04-30,0.4731418036053439,0.4813132914578886,0.4837151367912857,0.48367836983400897,0.47776642331516517,0.21316612239127347
2021-05-03,0.4784211206345403,0.4867329381019506,0.48625502612022836,0.487524690603894,0.4790632510628342,0.12693580532010873
2021-05-04,0.45549485898367875,0.4631973541453237,0.473406411130831,0.46156181303978955,0.47482357797850405,0.28205516201914366
2021-05-05,0.4567169854519821,0.4644519558639316,0.4682270855898402,0.46798928556369784,0.464897620799811,0.1489647337870908
2021-05-06,0.464733816804019,0.4726818889173824,0.46474104493147367,0.46373803811770514,0.4583634781979635,0.13437303475088436
2021-05-07,0.4681125200251984,0.4750404742960367,0.472260938065235,0.475631345054674,0.47312770874477195,0.1364726134188669
2021-05-10,0.45165989062375517,0.4581791004158421,0.4636951947389701,0.46211852447452967,0.4659451142143993,0.15907824272471144
2021-05-11,0.4470569569196308,0.453461967944771,0.4474103505277524,0.44167214059678156,0.43646658087490364,0.25367507019922636
2021-05-12,0.43168165952433396,0.4377046160108604,0.4392928341404167,0.4390404454062155,0.4359677980446701,0.21896245033999506
2021-05-13,0.44245409972512967,0.4487447971874624,0.44681276526917163,0.4492130359901702,0.4418535267726831,0.20328145510492052
2021-05-14,0.45459774539529224,0.4611900449962836,0.45547809347353546,0.457259983545003,0.45018331800712386,0.14378933448822584
2021-05-17,0.44881985340564895,0.45526850406404584,0.45069722142992114,0.4538185122267237,0.4530264219996145,0.12472317241615787
2021-05-18,0.4418665440727469,0.4481425929568791,0.45099601405921147,0.45184473118073626,0.45172955619725497,0.09763562594900334
2021-05-19,0.4410831237846328,0.4473396922690055,0.4406872504037635,0.4421276493216831,0.43477071164117154,0.1703608070034987
2021-05-20,0.4539122574250439,0.46048749253705523,0.4546314890272169,0.45346424482391184,0.4450956722512369,0.13121447332752406
2021-05-21,0.4447065812908532,0.45105318930867533,0.4560259052905636,0.45402095625865196,0.458014326411331,0.13727293802118312
2021-05-24,0.4528839680874536,0.4594336638482125,0.45572711266127314,0.45771549226990443,0.4489862316036253,0.09701444882829845
2021-05-25,0.4519046449087963,0.45843002841681124,0.4576195673000953,0.459638652654847,0.458014326411331,0.11916960048620774
2021-05-26,0.45165989062375517,0.4581791004158421,0.45298805357613253,0.46014474342854234,0.4537247255728796,0.08082160364576306
2021-05-27,0.44397212716167195,0.4503004435920056,0.45423307352483405,0.45336304211407313,0.4511310320228509,0.1753640160045043
2021-05-28,0.44069135625835815,0.44693822278194995,0.44506974493998824,0.4506807262624621,0.446791541484969,0.11743428008180655
2021-06-01,0.43907547301357347,0.4452821898625241,0.4428286862353296,0.4475935223469945,0.4443474789785413,0.1083054611159273
2021-06-02,0.4428947951555255,0.4491964216457217,0.4422808744183014,0.44815023378173463,0.4403571402272919,0.08753777067482445
2021-06-03,0.4354520537621647,0.44156869282285427,0.4403386463379267,0.4434940982718854,0.4423523096029166,0.12965432487116163
2021-06-04,0.4469591011113884,0.45336158142988836,0.4468625767057179,0.4471380136220932,0.4393096848673944,0.12702078235022113
2021-06-07,0.4470080290155097,0.45341177468732974,0.4476593697154902,0.4520977958737094,0.4497842765210608,0.11680440648141176
2021-06-08,0.45112118636587045,0.45762708944270014,0.4583167754317686,0.45908194122010687,0.4519290769402865,0.1251187380066227
2021-06-09,0.4530309048190639,0.4595842053342989,0.4547808853418622,0.46065083420223757,0.4549717016758087,0.08157198560757457
2021-06-10,0.44803635660791147,0.45446560337617237,0.45697213260997466,0.45771549226990443,0.45402398766008156,0.11712443693399892
2021-06-11,0.45410816031558693,0.4606882272805829,0.4532370727638702,0.45852522978536675,0.45157992515365397,0.07323454629347338
2021-06-14,0.46943460631638584,0.4763953476708146,0.46867527453377583,0.46343439137593817,0.458014326411331,0.1810313875829675
2021-06-15,0.4653214107112134,0.4721800329154442,0.46897414315305336,0.47517587494202357,0.46858869746385845,0.09615324886815317
2021-06-16,0.4678184552879196,0.47473931475138875,0.4704183328579527,0.4704691959956315,0.47073345982839354,0.16838049434269148
2021-06-17,0.4758492496462147,0.4829692478048394,0.4786852835549272,0.47649170323118123,0.4678903938905934,0.18057221345534247
2021-06-18,0.46933667399852,0.4762950377284071,0.4735059580139364,0.47947774304906104,0.4724294051715069,0.21096417373379872
2021-06-21,0.4783463707325443,0.4855286062132591,0.4779880754232539,0.47426493471672265,0.47038434609645163,0.13818706227201244
2021-06-22,0.4865726854332659,0.493959235724,0.486304799561781,0.48646184978320756,0.47951222030301854,0.12606243028839764
2021-06-23,0.4852016329831456,0.4925541308055432,0.48750004606892977,0.49461003866013004,0.4876923804938582,0.08986171851880563
2021-06-24,0.48378146135484584,0.49109887091588256,0.4890936320884743,0.49309172772679316,0.4910841189613223,0.11097378955562727
2021-06-25,0.4823126296061065,0.4895933794825431,0.48535857224237006,0.4924844342432592,0.4861461423037271,0.11612384482796746
2021-06-28,0.49049013116714196,0.4979738540220803,0.49213148380290533,0.495217409368166,0.48589673186126503,0.09457545898156271
2021-06-29,0.4980798092921129,0.5057521626172717,0.49830681010485983,0.500278394329621,0.4928299159491756,0.10065007428036009
2021-06-30,0.5011646773048835,0.5089136869700371,0.5028884743972826,0.507971035869391,0.49966332063822516,0.09743312220765353
2021-07-01,0.5026825517221791,0.5104693333745803,0.5024900588948997,0.507414324434651,0.5018081591121415,0.07065889748018257
2021-07-02,0.5158544484751202,0.5239684481584818,0.5157868628282327,0.5174857123087668,0.5082923739598678,0.13617270910499063
2021-07-06,0.5259414007056675,0.5343060385896177,0.531474083785876,0.5292272344871034,0.519116193509548,0.2090472211393034
2021-07-07,0.5384280007624185,0.5471026009142906,0.5401394499852334,0.5423351670033911,0.5364241517975733,0.20092172745878673
2021-07-08,0.5319152720954772,0.5404283142653832,0.536005974636746,0.532263779129275,0.5266479017718626,0.2025713254205307
2021-07-09,0.5410722498544165,0.5498124242363216,0.5439242832728903,0.5422845077300953,0.532483740800445,0.18844650310824607
2021-07-12,0.5380851611402651,0.546751286398439,0.5472610036065988,0.5491168683178602,0.5497419235531117,0.12982949681920042
2021-07-13,0.5436671502393651,0.5524720925871489,0.552938291533078,0.5472443285939625,0.5388682523586916,0.19077293566071007
2021-07-14,0.5608542720248013,0.570086135611538,0.5634462629397177,0.5677412559082535,0.5591690598468805,0.2559311855016266
2021-07-15,0.5575737689051694,0.5667239148014824,0.5655876607762902,0.5647552933148756,0.564855267831862,0.2056642905399445
2021-07-16,0.5473397651785767,0.55623578288426,0.5643924142691414,0.5586315447572361,0.5609647084794737,0.17194952960741355
2021-07-19,0.5280470985590273,0.5364638509385067,0.536055824068286,0.5373247640907299,0.5374716452121615,0.2419765657204151
2021-07-20,0.5461645008545648,0.5550313744230934,0.5511454597673484,0.5438534779367279,0.5360251864208915,0.17964864731227842
2021-07-21,0.5424919624249764,0.5512676841259823,0.5463147762871878,0.5523053135554175,0.5463501089762662,0.12658397059894144
2021-07-22,0.5493472246755777,0.5582932852907415,0.5566235019476424,0.5582772387421733,0.5483951680513215,0.1324098665786086
2021-07-23,0.5579654216670089,0.567125384288538,0.559213164718138,0.5638949351383684,0.5564256971985602,0.11777294584801486
2021-07-26,0.5600708899914988,0.5692832732099021,0.5647410563299717,0.5678424972303431,0.5600169944637465,0.12022460770801295
2021-07-27,0.5492005557276491,0.558142743804655,0.561653431173988,0.5569614104530158,0.5642566675480768,0.20069064956988453
2021-07-28,0.5404353837497959,0.549160026748297,0.5504980250772278,0.5417277962953553,0.5427588117110799,0.23575634650452448
2021-07-29,0.5436671502393651,0.5524720925871489,0.5484064006822078,0.5520522488624444,0.542160287536676,0.08112871361423955
2021-07-30,0.5447447882840049,0.5535761145334328,0.5473107770481516,0.5496735797526004,0.5406140493465449,0.11527134134751206
2021-08-02,0.5430797093514175,0.5518699266428031,0.5503984022041353,0.5554430995196789,0.5504900787711167,0.09648545439230614
2021-08-03,0.5520894825950649,0.5611034951276551,0.5558266709428767,0.555088793504616,0.5477467161227964,0.10122279958565002
2021-08-04,0.5500820230980641,0.5590459927211736,0.5545816509941752,0.5606559078520172,0.5550290900520302,0.08030577816472971
2021-08-05,0.5506204213174555,0.5595980036943157,0.554830670181913,0.5600991964172772,0.5535825551513788,0.05553174376592854
2021-08-06,0.5471878170666382,0.5549812194518896,0.5511952332089012,0.5573662985168724,0.5504402271263767,0.07473630410048955
2021-08-09,0.5469425272142339,0.5547302914509206,0.5491533822554338,0.5568095870821324,0.5496919957989905,0.061770846766288565
2021-08-10,0.5445397424934735,0.5522713961298586,0.5541833114817794,0.5556961642126521,0.5508891202571797,0.11174926707311526
2021-08-11,0.5458147753663114,0.5535761145334328,0.5492530051285263,0.5568601691309261,0.5489438405809856,0.060739195804221865
2021-08-12,0.5606737093137364,0.5687814172079638,0.5608566001692221,0.5584290621130568,0.5496421441542506,0.11984817437286578
2021-08-13,0.56170345233417,0.5698352841830441,0.562798828249597,0.5707272957261333,0.5635085123300718,0.08777655116002343
2021-08-16,0.5716094593055356,0.5799721015844147,0.571513967890507,0.561617507350614,0.5613636738561555,0.19690743243394337
2021-08-17,0.5670487971683025,0.5753051623707849,0.5739541583563701,0.5748772632377854,0.5697932444894572,0.16941090295051675
2021-08-18,0.548266602755628,0.5560852413981736,0.5691733243077495,0.5599979550951877,0.5676484821249222,0.15474192948049464
2021-08-19,0.5499339004672921,0.5577914292888033,0.5556275011866787,0.5516473607985877,0.543856156770408,0.1563179800711471
2021-08-20,0.5572409520436725,0.5652686549118218,0.5581175410840817,0.5631864003327449,0.5558770246688961,0.09069508974394334
2021-08-23,0.5646948255872282,0.5728964220209268,0.5665338880957014,0.5688040967289398,0.5602164771520874,0.08965697853982131
2021-08-24,0.5642535180798456,0.5724447209901924,0.5698705324394227,0.5751809099795524,0.565902685137069,0.061019719391932195
2021-08-25,0.5580746008995046,0.5661217488571366,0.567181322785822,0.5683486266162894,0.5676983337696621,0.08682316851516554
2021-08-26,0.5540532550971429,0.5620067440441737,0.5612051662400652,0.5668808977317463,0.5604160359498096,0.060996860073890255
2021-08-27,0.5592514719256068,0.5673261573183033,0.559362561032783,0.563439465025718,0.556076507357237,0.0788996816343021
2021-08-30,0.5814173044301654,0.5900086090433778,0.5829681666165578,0.5724480120791475,0.5636581433736728,0.16624786905188743
2021-08-31,0.5750911827345324,0.5835350954242357,0.5795318993997438,0.5860114147080859,0.5819138917868064,0.155057735928661
2021-09-01,0.5784259311771074,0.5869474712054951,0.5903884368772265,0.5913254643625139,0.5827618264036725,0.13980311666923834
2021-09-02,0.5840163363347741,0.592668277394205,0.5890936434869725,0.5916291111042808,0.5879492135037299,0.11694827110256702
2021-09-03,0.5872040332813036,0.5959301882618531,0.5886454545430369,0.595121203083605,0.5874005409740658,0.08388475226338306
2021-09-07,0.5989244659700019,0.6079238116124149,0.6017430127301848,0.601700498978397,0.5934359388003704,0.14468457495458575
2021-09-08,0.5911761833958624,0.5999949615311371,0.6006473890961286,0.59962547661032,0.6034615992685433,0.125159487225741
2021-09-09,0.5860761284141345,0.5947760113443653,0.596015951362153,0.5994736532394365,0.5960296704050897,0.0826349438965248
2021-09-10,0.5610661271718094,0.5691828866950194,0.5928784767746293,0.572903482191798,0.5935855698439714,0.2903255142042087
2021-09-13,0.5639102959095756,0.5720934830468157,0.572659364966116,0.5731565468847712,0.5717884519197726,0.19469181787981316
2021-09-14,0.5568973473252858,0.5649173403959701,0.5709163826319263,0.5638443530895745,0.5703918447732425,0.2118164287434059
2021-09-15,0.5613600771446532,0.5694839696671923,0.562798828249597,0.5611113779646679,0.5614634532550166,0.14717673756285382
2021-09-16,0.5601832061185512,0.5682795612060256,0.5604581846668393,0.5654132460717054,0.5608649290806126,0.10929189038360669
2021-09-17,0.5467954757181888,0.5545797499648341,0.5597112030936133,0.5580241740492002,0.5627603571120668,0.26293309400621223
2021-09-20,0.5314950812441346,0.5389228228320437,0.5398904307974957,0.5353004009959488,0.5377210556546236,0.2470560552718432
2021-09-21,0.5338979424745183,0.5413817181531055,0.5386952602803341,0.5429424604869251,0.5383694314737675,0.12867236807875132
2021-09-22,0.5457657326977552,0.553525959562229,0.54780873943364,0.5475985573845235,0.5409631630784868,0.13008939732650338
2021-09-23,0.5505715316681461,0.5584438267768279,0.5510458368942559,0.5574168805656663,0.5519365375623867,0.1013510105433635
2021-09-24,0.5510127626659052,0.5588954512350872,0.5529880649746306,0.5570119925018095,0.5469985609047914,0.0731239767659879
2021-09-27,0.5434116080974343,0.5511171426398959,0.5454681718408694,0.5482059280925593,0.5460508468890642,0.1244898582896211
2021-09-28,0.5264439924213393,0.5337540276164757,0.53944224185356,0.5374260054128197,0.5349776930063033,0.2110113831949723
2021-09-29,0.530955535380393,0.5383708118589018,0.537948202717121,0.5391467217658339,0.5310871336539149,0.12561120722791758
2021-09-30,0.5244333195201585,0.5316965252099942,0.5375996366462779,0.5353509830447427,0.5370227520813585,0.16152692293453014
2021-10-01,0.5300728438560047,0.537467486369908,0.530328686710267,0.5243686549453257,0.5282439916067335,0.17539880192326374
2021-10-04,0.512860091346752,0.5198534433455189,0.5267928726103477,0.5201174461115841,0.5275456880334685,0.18454849244039867
2021-10-05,0.5225208849753367,0.5297394093183955,0.526942268924993,0.5256339011856894,0.5162231998176268,0.14116324609273379
2021-10-06,0.526885376438345,0.534205652074735,0.5264940039910702,0.5206234982730285,0.5161234204187657,0.14702715811218808
2021-10-07,0.5332113451147316,0.5406791656938772,0.536802805641512,0.5426388137451581,0.5340299789905761,0.0936347483499672
2021-10-08,0.5312987575506631,0.5387220498022783,0.5366035598953269,0.5418290376174448,0.5388682523586916,0.08628125359506257
2021-10-11,0.5308576030625272,0.538270425344019,0.5397410344828504,0.5380332988963537,0.530089567993448,0.10039191306899513
2021-10-12,0.5244822856790914,0.5317466801811981,0.5319721221613514,0.5341363188531727,0.5348779136074422,0.12171990527297379
2021-10-13,0.521540108113836,0.5287357738869942,0.5227589441449658,0.5248241250579762,0.5249520325381305,0.1359493338123851
2021-10-14,0.5355163505368727,0.5430377510725315,0.5351095967488748,0.5365149879630167,0.5292914850213218,0.11394574937192782
2021-10-15,0.540812652702449,0.5484574742890685,0.540189223426786,0.5466369578859267,0.5375714246110226,0.10905882472791821
2021-10-18,0.5491982604389491,0.5570387218583711,0.5498505903871072,0.5448656594841186,0.5359752586667703,0.15291119627035316
2021-10-19,0.5600360781128826,0.5681290197199392,0.561454185427803,0.5620223954144707,0.5537321861949798,0.13002628573103975
2021-10-20,0.5624881350310691,0.57063814658468,0.5643426408275889,0.569968101647214,0.5621617568282816,0.08540067290875132
2021-10-21,0.5635670737393055,0.5717421685309639,0.5637948290105608,0.5687028554068503,0.5627104293579457,0.09286026471587235
2021-10-22,0.5596928559426124,0.5677777817765626,0.5664840386641614,0.572599835450031,0.5670998095952582,0.08655506846986931
2021-10-25,0.5594475660902081,0.5675268537755935,0.5624501861887667,0.5674376091664866,0.5620619774294205,0.06627289006630942
2021-10-26,0.5627823910424063,0.570939306129328,0.5697709095663301,0.5744723751739287,0.565304160962665,0.09154933252033672
2021-10-27,0.560477385620265,0.5685807207506737,0.5642430179544964,0.5718407185956136,0.565453792006266,0.07962645886552681
2021-10-28,0.5787201106788211,0.587248630750143,0.581374504607026,0.5780657084753427,0.5677482615237833,0.1889113920653816
2021-10-29,0.5651362861138574,0.5733480464791861,0.5652888681469999,0.561313860608847,0.5547796796095681,0.2507192609880642
2021-11-01,0.5610168549743833,0.5691327317238156,0.5640936216398511,0.5683486266162894,0.5636082917289329,0.12557716672170294
2021-11-02,0.5662150718028469,0.57445206842547,0.5734064225293292,0.572650417498825,0.5619622741399407,0.11199500474206613
2021-11-03,0.5734238850228683,0.5818289075336059,0.5753984240512566,0.578571837861289,0.5705913274615834,0.07569217145383027
2021-11-04,0.5708249296278831,0.5791692391827787,0.5776892182024744,0.5827218053729408,0.576526945889027,0.0903099599291063
2021-11-05,0.5734766766629678,0.5807750405585258,0.5765438211268654,0.5797864248283569,0.5780731840791581,0.10290569264106374
2021-11-08,0.5693514307921204,0.5765597258031553,0.5734064225293292,0.5802925542143031,0.5756790112721609,0.07695788195497856
2021-11-09,0.5711685343462698,0.5784164551798714,0.5727091384076688,0.5797864248283569,0.5696436134458562,0.08134836184412082
2021-11-10,0.5569754636507083,0.5639137049645687,0.5662350954664108,0.5686016913092626,0.5687458271842504,0.10221792533301925
2021-11-11,0.5567297912501874,0.5636627769635997,0.5627489788180571,0.5677412559082535,0.5634586606853319,0.042120032788213135
2021-11-12,0.5671414503221581,0.5743015269393836,0.5675796622982177,0.5667290743608628,0.5608150013264914,0.09878132503043145
2021-11-15,0.5671904929907143,0.5743516819105874,0.574950235107321,0.5765979795907996,0.5704915480627223,0.08739837852893827
2021-11-16,0.5721017222220575,0.5793699356400689,0.5730080070269463,0.5761425094781492,0.5683467856981872,0.08748136779226444
2021-11-17,0.5843304083385543,0.5918654149925691,0.590488059750319,0.5844931809992508,0.5736339521971057,0.16090649122637013
2021-11-18,0.605841088938516,0.6138453142584152,0.6087649434784577,0.5949187976639279,0.587151206640985,0.2827086403501252
2021-11-19,0.6190028099115539,0.6272942740711127,0.620468161392246,0.6125310037069305,0.6068034860912674,0.23171720439485294
2021-11-22,0.6213109522282521,0.629652859449767,0.6437748983567433,0.6351536126625941,0.6269047347817343,0.23212047258161456
2021-11-23,0.6232263706483838,0.6316099753413659,0.6243526175529956,0.6253352894814512,0.624111520488674,0.1788831086287217
2021-11-24,0.6258292280341589,0.6342696436921931,0.6260458264456328,0.6282706700260354,0.6222660202113409,0.1128437811597973
2021-11-26,0.6006351446380958,0.6085259775567607,0.6176294794340131,0.6116706455304233,0.6163803295380186,0.13146965288870965
2021-11-29,0.6174803449168584,0.6257386276665694,0.6213147658385647,0.623968801918998,0.6153826877681703,0.16076039036758033
2021-11-30,0.6423306705752883,0.65113097928615,0.6428785204688721,0.6296877396372826,0.6184752402578138,0.3727057754812445
2021-12-01,0.6397276601702664,0.6484713109353228,0.6666832958088447,0.65301888339857,0.6558345955915658,0.3180531215765376
2021-12-02,0.634767388270367,0.6434028256621624,0.6363047786645346,0.6189584762308387,0.6122403597431681,0.28000403516657607
2021-12-03,0.625338112761987,0.6337677876902549,0.6400896879421787,0.628675558089892,0.6385764889482805,0.23349998273127603
2021-12-06,0.642428832422024,0.6512313658010327,0.6546315118242132,0.6517536371582062,0.6399231683406894,0.20734569277026854
2021-12-07,0.6712079272385831,0.6806382591462184,0.6730577918669971,0.6723012237457928,0.6638152730940646,0.23941930374989717
2021-12-08,0.6903613463436673,0.7002094946346815,0.694870565685042,0.6842451513438066,0.679028396771676,0.23095514430317216
2021-12-09,0.6878075316264483,0.6975999812550581,0.6988047952873444,0.7005415290976515,0.6928947649474972,0.21089062636270728
2021-12-10,0.7118228312558261,0.7221392389293239,0.7131474494131809,0.7044385091408325,0.6943911514928884,0.22698905262289554
2021-12-13,0.6936026000265298,0.7035215604735334,0.7255976489001952,0.7086897179745741,0.7238696087230028,0.3209962587744374
2021-12-14,0.6866780200571891,0.6964458043375704,0.7037351016405973,0.6918872880592848,0.6945906341812293,0.28656664721139924
2021-12-15,0.7110860435831332,0.7213865314988916,0.7125000147230602,0.6923933402207292,0.6938923306079643,0.2659010782889403
2021-12-16,0.6765118803664927,0.6860579823627555,0.7206673425469421,0.6844982160367796,0.714691882871696,0.3134149162516582
2021-12-17,0.6710115270354884,0.6804375626889282,0.6824701396395805,0.6791335843335577,0.6680549461783948,0.4258402725029487
2021-12-20,0.6641851089128834,0.6734621930678479,0.6680777120721912,0.6678476094923738,0.6598249343428152,0.20735091065808248
2021-12-21,0.6800971213158584,0.6897213627174591,0.6811254968177864,0.6762487858377675,0.6761852547244946,0.16681736423614968
2021-12-22,0.6931114847543578,0.7030197044715952,0.6943725273095667,0.6915835640930159,0.6835673319432082,0.16917634646973861
2021-12-23,0.6962547296097312,0.7062313837955644,0.6993028336628198,0.7073738896854165,0.6975834072720116,0.11009320886931602
2021-12-27,0.7161444773297683,0.7265553267144597,0.717081679015483,0.7164836780609358,0.7037683600325361,0.12640035064206107
2021-12-28,0.7110369244049537,0.7213362999552128,0.721613569866353,0.7238726728589389,0.7190812631090083,0.13689749856942907
2021-12-29,0.711478920498946,0.7217880009859472,0.7181275292079865,0.7218988918129516,0.7149412933141581,0.09516582571708064
2021-12-30,0.7056839286084879,0.715866421767472,0.7178287365786962,0.7216458271199784,0.7156395968874232,0.08876546513618562
2021-12-31,0.7025900324601642,0.7127049739871816,0.7111553719012662,0.7174452003350307,0.7087562644442524,0.09942312523154377
2022-01-03,0.7243952751099563,0.7349859562252007,0.7293327087462995,0.719722705347287,0.7074594366965835,0.19986895647461606
2022-01-04,0.7130505046718212,0.7233938023616943,0.7296315013755899,0.7268586354523168,0.7314013930946986,0.1870043783048176
2022-01-05,0.6895755160024182,0.6994065556605704,0.7158366590667815,0.7041854444478592,0.7163379004606882,0.17514536165801614
2022-01-06,0.6752350112626948,0.6847532639591813,0.6915836947828733,0.6890024895634945,0.6818714627094761,0.18102517581176047
2022-01-07,0.6760698842725001,0.6856063579044962,0.6858067839833017,0.6859152856480268,0.6828191767252032,0.15569382130026282
2022-01-10,0.6761681226288592,0.6857067444193788,0.6776394561594199,0.6714408655692858,0.6638152730940646,0.2055283769859343
2022-01-11,0.6903613463436673,0.7002094946346815,0.6909860335343054,0.6848525220518424,0.6799761107874032,0.12942846487007337
2022-01-12,0.6925713268136295,0.7024676934984532,0.7009461931239169,0.7050964618976623,0.6989300866644206,0.12611609999162654
2022-01-13,0.6761681226288592,0.6857067444193788,0.6981573605972238,0.689761606417912,0.6972342174306885,0.1502192631000664
2022-01-14,0.6804899217220481,0.6901228322045146,0.6840139522175723,0.686218932389794,0.6750879096651665,0.1401189231174047
2022-01-18,0.6644305517845344,0.673713121068817,0.6778386259156177,0.6777165147223105,0.6759358442820326,0.16624786905188743
2022-01-19,0.6468980655593748,0.6557979184997799,0.6705677519695941,0.6601548907281019,0.668404136019718,0.17583461979115028
2022-01-20,0.6384507910664687,0.6471665159592735,0.6635955946628738,0.6512475077722599,0.6533406433857076,0.16740027684621916
2022-01-21,0.6281372938412335,0.6366282290708474,0.6469123729442667,0.641732908557386,0.6405716202692145,0.2454906889276669
2022-01-24,0.6242577203709072,0.6326637657439709,0.6268426574503985,0.6032693919605276,0.6186248713014147,0.3435017543284243
2022-01-25,0.61522132177834,0.6234301972591189,0.6291334516016165,0.615010914138864,0.6134374080919761,0.22797225176954722
2022-01-26,0.614779402193971,0.6229785728008596,0.6372510059839456,0.6190597175529284,0.6359827573435611,0.20927954138244703
2022-01-27,0.612470800819533,0.6206199874222053,0.634511946898805,0.6213877273894766,0.6307454424893826,0.24326861413148132
2022-01-28,0.6670335621895562,0.6763727894196442,0.6669323149965822,0.6442634010381134,0.6470060595815822,0.38733474514469324
2022-01-31,0.6888880005271514,0.6987040032013421,0.6900896556464342,0.6782225668837549,0.6692022189918442,0.22733417863115918
2022-02-01,0.6880530510077227,0.6978509092560272,0.6892928246416685,0.6923933402207292,0.6884056053113237,0.15446339365957057
2022-02-02,0.6940937152987017,0.7040233399029965,0.6944721501826592,0.6975555665042736,0.6920966819753711,0.1512342665152982
2022-02-03,0.6796551252218661,0.6892696616867247,0.6962649819483888,0.6914317407221324,0.6907499264735809,0.1624248965802212
2022-02-04,0.6782289093333229,0.6867103798507802,0.6856076142271039,0.684143910021717,0.6767837788988986,0.1451494639117213
2022-02-07,0.6746393838450504,0.6830470760685516,0.6848605566638908,0.6855103975841703,0.6826695456816022,0.1321936969406033
2022-02-08,0.690227377993212,0.6989549312023111,0.6918327139706111,0.6879396487428082,0.6770331893413607,0.12617573299521417
2022-02-09,0.6973577688493173,0.7062313837955644,0.6983067569118688,0.7055012727370169,0.6985809729324787,0.11736942919040495
2022-02-10,0.6769011613300089,0.6853554299035272,0.6924800726707445,0.6885470194508441,0.6890540572398488,0.1660222575216474
2022-02-11,0.659789095485062,0.6678919283652244,0.6805279115592056,0.6707829128124561,0.6800259624321431,0.18541491028835788
2022-02-14,0.6609690268960975,0.669096336826391,0.6630976322773854,0.6632926766923632,0.6552859230619018,0.1543928279386585
2022-02-15,0.6801958187299575,0.6887176507135827,0.6798804768690849,0.6819677235560522,0.6732424093878334,0.09560934618126395
2022-02-16,0.6790158108092987,0.6875133188248912,0.6818227049494598,0.6809555420086617,0.6776317896251459,0.09225498972945749
2022-02-17,0.6609690268960975,0.669096336826391,0.6747012273180812,0.6729591765026226,0.6735416714750354,0.11315610901608773
2022-02-18,0.6531995511562947,0.6611674867451132,0.6678784663260062,0.6614201369684656,0.6675063497581121,0.14591301482849173
2022-02-22,0.6385456629994011,0.6462131120715512,0.6487052047099964,0.6409737144784664,0.6433648345622747,0.16675996747019656
2022-02-23,0.6176470593861003,0.6248855337212545,0.6460159190664085,0.6288273814607754,0.6461580488553349,0.16389360776441586
2022-02-24,0.630776569807715,0.6382842619902733,0.6295817165355391,0.5896047480094997,0.5815148503007433,0.29095737557138973
2022-02-25,0.6411520398278496,0.6488727804223784,0.6408864429569574,0.6344956599057643,0.6376786265772932,0.16877605993315636
2022-02-28,0.6424797113215404,0.6502276537971563,0.6423804820933967,0.6423907840897138,0.6337880672249049,0.17643492536059951
2022-03-01,0.6330385003119203,0.6405926158252487,0.6482570157660608,0.6400627742531655,0.6419682274157447,0.14765653477088625
2022-03-02,0.649560753470596,0.6574539514192057,0.6520418490537176,0.6450225178925308,0.6404219892256136,0.13833987184370589
2022-03-03,0.6479381373789583,0.6557979184997799,0.6597609879336641,0.6581811096821144,0.6607726483585423,0.1307704559216442
2022-03-04,0.6328908367388884,0.6404420743391623,0.6430279167835173,0.6407207270099953,0.6409208101105377,0.14830951616017124
2022-03-07,0.6138605981273697,0.6210214569092608,0.6403884805714692,0.6252340481593617,0.6352844537702961,0.17981959525589641
2022-03-08,0.6047143317156969,0.6116875019095261,0.6297311128501843,0.6088365063079288,0.6126394012292312,0.2661122785099799
2022-03-09,0.6318090671745886,0.6393380523928783,0.6323705490622324,0.6271066651077613,0.6259071691212672,0.16748575081802813
2022-03-10,0.6100251707097062,0.6171072251260632,0.6173306868047226,0.6097474465332298,0.6195226575630206,0.2019911459897923
2022-03-11,0.5913881915621171,0.5980880006107421,0.6118027951928888,0.602257210413137,0.613187997649514,0.18118941504247482
2022-03-14,0.5711778685203164,0.5774629747196739,0.5861055652140941,0.5799889074725362,0.5758784939605018,0.21041455621739907
2022-03-15,0.5931586242460336,0.5998945750162544,0.5933267417085522,0.5814059770837834,0.5731351313121815,0.17123616980199607
2022-03-16,0.6152867375062894,0.6224767167989214,0.6153884587243479,0.6020548049934598,0.6038107891098664,0.19443315972675163
2022-03-17,0.6203515215516611,0.6276455120144894,0.6203685385191535,0.6180981180543317,0.611591907814643,0.12812921080440698
2022-03-18,0.6368740042392069,0.6445068476084463,0.6376991949278812,0.6288779635095694,0.6210688957531517,0.24713755371007973
2022-03-21,0.6437583401466747,0.6515324487732056,0.6470119958173592,0.6453261646342978,0.636032608988301,0.17831038332343174
2022-03-22,0.6606740822981503,0.6687952538542181,0.6623008012726197,0.6549420823957635,0.6460084178117339,0.14283023701385744
2022-03-23,0.6675091460081917,0.6757706234752985,0.6783366642910931,0.6688091317664686,0.6583784755515453,0.18390420753080355
2022-03-24,0.6864902654415308,0.6951410859339963,0.6858067839833017,0.681765318136375,0.6736913025186364,0.16419723914101642
2022-03-25,0.6896864549562505,0.6984029202291692,0.6914840719097808,0.6946201859596897,0.6877572294921798,0.1403808113914939
2022-03-28,0.6940137627423191,0.702819008014305,0.693725092619446,0.6908244472385985,0.679227879460017,0.1647948115311345
2022-03-29,0.7105361689202416,0.7196803436082619,0.71005974826721,0.7127891034374323,0.701773228711602,0.19018232045434386
2022-03-30,0.7046844833988941,0.7137086094185829,0.7130478265400884,0.7146110611125362,0.7110507339617698,0.17041348282333446
2022-03-31,0.6891456084289123,0.6978509092560272,0.7051792913454966,0.7029707802562895,0.7075092883413233,0.19629445485123176
2022-04-01,0.6876703498718129,0.6963454178226877,0.6894920703878533,0.6905208004968315,0.6885053847101847,0.13592100813568098
2022-04-04,0.707979217308466,0.7170708302286385,0.7074701614867016,0.7031732629004688,0.6911988957137651,0.13024866714025207
2022-04-05,0.6913584962645611,0.7001091081197989,0.7065239341672906,0.703072021578379,0.7058134191075913,0.12262906010683748
2022-04-06,0.6754753279895824,0.6839001700138665,0.6832669706443462,0.6813604300725182,0.6801755934757441,0.16153214082234407
2022-04-07,0.676999629215238,0.6854558164184098,0.6819223278225524,0.679943360461271,0.6741901234035605,0.13304719430445183
2022-04-08,0.6669191803026739,0.6751683809584775,0.6740537926279608,0.6766536739016242,0.6772825997838228,0.13051477941876205
2022-04-11,0.6455775859702775,0.6533891781499217,0.660358573192245,0.6579280449891414,0.6619697728167315,0.11975897333833256
2022-04-12,0.6549699073305879,0.6629740611506255,0.6645418219822847,0.6636975647562198,0.6585281065951462,0.13719789982500197
2022-04-13,0.668443328509083,0.6767240273630208,0.670368506223409,0.6643555175130496,0.6553857024607629,0.1157143648699988
2022-04-14,0.6433157319756957,0.6510807477424712,0.6715139792890052,0.6555999579280911,0.6714966123999802,0.12741858417832058
2022-04-18,0.6422338859017727,0.6499768023686623,0.6482570157660608,0.6481603810812941,0.6380776680633563,0.11175125483990152
2022-04-19,0.6536912785054534,0.6616692661745762,0.6543327191949226,0.6498810974343086,0.6435643933599969,0.10852088534138775
2022-04-20,0.652855487380168,0.6608161722292614,0.6596115916190188,0.6609646668558151,0.6622191071498124,0.10903273528884859
2022-04-21,0.6488723963894727,0.6567513989599774,0.6728087726792593,0.6600030673572184,0.6629673384771986,0.1569826395903014
2022-04-22,0.626104815697403,0.6335168596892857,0.6545816623926732,0.6376841051433215,0.6507469878903696,0.15115500431469625
2022-04-25,0.6314649268888386,0.6389868144495017,0.6311753025550837,0.6222987448392794,0.624111520488674,0.17889428981689437
2022-04-26,0.60156733788878,0.6084758225855569,0.6270418272065965,0.6134926032055272,0.6297478768289156,0.17784276118696513
2022-04-27,0.6004362961270542,0.6073216456680692,0.6143426085318444,0.6067109018910581,0.5981245811248849,0.1590583650568489
2022-04-28,0.6352020394405196,0.6428006597178166,0.6378984406740662,0.6246773367246214,0.6147841635937663,0.26379777255823345
2022-04-29,0.6057471351210637,0.6127412923121311,0.6462649382541461,0.6161749190571382,0.6277028177538604,0.2676013643037337
2022-05-02,0.6072713598370958,0.6142970152891495,0.6065736962103452,0.5960322205334081,0.6021149198761343,0.24600353275852083
2022-05-03,0.6147456614500812,0.6219247058257794,0.6189243488142542,0.6114682401107461,0.6092974382971257,0.16130280222937982
2022-05-04,0.6469054104832148,0.6547441280971747,0.6476593545174927,0.6263474710288419,0.6168790743135615,0.20923282886297007
2022-05-05,0.6014197508253716,0.6083252810994705,0.6357071934059537,0.6045346382008914,0.6377285543314144,0.2645643051251833
2022-05-06,0.6050638276750802,0.610884562935415,0.6125996261976545,0.6006376581577106,0.5986233259004278,0.22878276367664302
2022-05-09,0.579357512350805,0.5846892723417234,0.5946215350988062,0.5870236734799785,0.5932363800026482,0.2671797092741992
2022-05-10,0.5914228504214867,0.5969839786644581,0.5991534259496765,0.5943114269558918,0.5961793014486907,0.226899603117514
2022-05-11,0.5519768604295194,0.556787793857402,0.5927290804599843,0.5582772387421733,0.5861037132263968,0.2947895414644424
2022-05-12,0.5325737904235008,0.5370158619116487,0.5466633423580309,0.522799761963195,0.5325835201993061,0.3939597233724352
2022-05-13,0.5549808577704274,0.5598489316952847,0.5561255395621543,0.5446125947911455,0.5416614666517517,0.2234811411868508
2022-05-16,0.547249177784551,0.5519702365852106,0.5532370841623684,0.5500278085431611,0.5464498883751273,0.1555315698363347
2022-05-17,0.5654701741100807,0.5705378366422724,0.5644422637006814,0.5626802709467986,0.5629598398004078,0.13488985411531085
2022-05-18,0.5240051716679892,0.5282841494287349,0.5524402531576025,0.5283667990860943,0.552934179332235,0.21292609955183311
2022-05-19,0.506916747296652,0.5108708028616359,0.5240538135252071,0.5116656104928945,0.5181684794938208,0.27840487678703335
2022-05-20,0.508098667957894,0.5120751347503274,0.5192729034865993,0.49147225269586864,0.5142279923873114,0.28171078142342487
2022-05-23,0.5352824606183451,0.5397759167773586,0.5320218956029041,0.5169795829228205,0.5077437014302038,0.23276252125357516
2022-05-24,0.5217397982307341,0.5259757190212843,0.5255976261031989,0.5153601078918961,0.5228071940642142,0.19898638802151852
2022-05-25,0.5225276943318133,0.5267786579953954,0.5247011722253407,0.520471674902145,0.510935957209327,0.17003953419667012
2022-05-26,0.5385818616149403,0.5431381375874141,0.5374003909000928,0.5143985083932994,0.5057485701092697,0.1653653005987899
2022-05-27,0.5674399908724019,0.572545107505075,0.5639939987667586,0.5554936815684728,0.5456518054030012,0.1663020356968129
2022-05-31,0.5635003573477595,0.5685304892069948,0.5688745316784589,0.5634900470745119,0.564007333214996,0.1979569732970864
2022-06-01,0.5628602013293356,0.5678781682914452,0.5742530269756476,0.5677412559082535,0.568147226900465,0.12482753017243627
2022-06-02,0.5751717473679017,0.5804238026151491,0.5719123833928901,0.5635912883966014,0.5578223043450903,0.12001092277849047
2022-06-03,0.5464613581930953,0.5511673741835748,0.5554781048720336,0.5514449553789105,0.5531835136653157,0.1603183607284867
2022-06-06,0.5502040559472796,0.5549812194518896,0.5584661831449118,0.5536717238933688,0.553831965593841,0.1181481368289206
2022-06-07,0.5628602013293356,0.5678781682914452,0.5606075809814846,0.5496229977038065,0.5404644183029439,0.10873059473733775
2022-06-08,0.5591666227533307,0.5641144779943341,0.5649402260861696,0.5666279102632752,0.5615632326538776,0.07429750458242361
2022-06-09,0.5329678149836639,0.5374173313987042,0.5553784819989411,0.5416772142465613,0.554081376036303,0.11286713741953582
2022-06-10,0.505833294520639,0.509766780915352,0.5195716961158896,0.5139936203294426,0.5201636108147549,0.1674435107738202
2022-06-13,0.479979315623332,0.48342094883557385,0.49188246461516766,0.48555090955790664,0.48320322085768463,0.24389600302339326
2022-06-14,0.48431282068889075,0.4878369600482345,0.48535857224237006,0.48575331497758395,0.4845001247147349,0.15091125441253167
2022-06-15,0.4974616880452088,0.5012356883172533,0.5025398323364525,0.48919482490811433,0.4902860359891962,0.16767980655053633
2022-06-16,0.4710164045239758,0.47428769029312934,0.4778884525501614,0.47340449931571355,0.47926280986055636,0.20890335651814818
2022-06-17,0.4784033704019271,0.48181507088735165,0.4813247197669753,0.4773014793588944,0.4692371493923836,0.27449071551404763
2022-06-21,0.4996282875587415,0.5034437322098212,0.5011454160731059,0.4950655859972825,0.48594658350600495,0.14150961445523885
2022-06-22,0.4970678165042926,0.5008342954026728,0.5046314567314725,0.4980515485906604,0.4927799881950544,0.12264744694961034
2022-06-23,0.5114473411519156,0.515487587104062,0.5087649320799597,0.5067564489023231,0.5029055041714696,0.12022386229546812
2022-06-24,0.5281416644534664,0.5324994641841053,0.5252988334739086,0.5277089235537664,0.5182681827833007,0.16167625391434765
2022-06-27,0.5281416644534664,0.5324994641841053,0.5331673686685001,0.533782090062612,0.532234330357983,0.11469314968355994
2022-06-28,0.5073599675446179,0.5113224273198952,0.5328187266076698,0.5153095258431022,0.5293912644201829,0.10692967802899007
2022-06-29,0.5161750237968838,0.5203050678037782,0.519123507171954,0.5120198392834554,0.5060977599505928,0.1048400381949388
2022-06-30,0.5038143585801382,0.5077092785088705,0.5076693084459034,0.4973430137850368,0.5050502665360046,0.18614491764061025
2022-07-01,0.514697546460708,0.5187995763704386,0.5110059527896249,0.5069082722732066,0.4990148687097,0.11678949823051483
2022-07-05,0.5276493250273211,0.5319976081821671,0.5238047943374695,0.5133356675726128,0.5076439981407239,0.12250979409966216
2022-07-06,0.5343467479249873,0.5388224363171611,0.5363047672660366,0.534338801497352,0.5255007050677946,0.12427517947670548
2022-07-07,0.551238160016243,0.5560350864269699,0.5484064006822078,0.5454729529676525,0.5351771756946442,0.10486811540079465
2022-07-08,0.5546360288980674,0.559497617179433,0.5533864804770137,0.5541778532793151,0.545003353474476,0.10062945119995269
2022-07-11,0.5439497002783324,0.5486080157751551,0.5488545896261434,0.54800344544838,0.5470484125495313,0.09713545413141177
2022-07-12,0.548825123005956,0.5535761145334328,0.557868521896344,0.5544309179722884,0.5474973056803343,0.13303253452440317
2022-07-13,0.5470029698166667,0.5517193851567167,0.5479083623067325,0.5396021918784843,0.5336808652586342,0.11712244916721266
2022-07-14,0.5616782806680936,0.5666737598302787,0.5603585617937468,0.545321129596769,0.5391176628011537,0.13440384513607134
2022-07-15,0.5700499636531471,0.5752047758559022,0.5698705324394227,0.5703729897110705,0.5675487027260611,0.1297306054215842
2022-07-18,0.5547840750192159,0.5596482352379946,0.5734064225293292,0.5627815122688882,0.5723371244494366,0.14255418590141622
2022-07-19,0.5741374902796914,0.5793699356400689,0.5717131376467051,0.5638443530895745,0.5582711974758933,0.146434058197339
2022-07-20,0.5841836628810024,0.5896071395563223,0.5841135636921666,0.5813553178104875,0.5742324763715096,0.10131423685781778
2022-07-21,0.5955594962262107,0.6011993699923037,0.5933267417085522,0.5893011012677327,0.5910916176381132,0.10196821213049588
2022-07-22,0.5893544892643132,0.5948763212867729,0.5968625558084715,0.5967407553390316,0.5955308495201656,0.1059159169679997
2022-07-25,0.5837402131041667,0.589155515098063,0.5906872295065169,0.5910218176207469,0.5886475170769949,0.07348674420447958
2022-07-26,0.5770922919327968,0.5823809185067479,0.5809760891046432,0.5835315815006541,0.5799186843564911,0.07725058061425473
2022-07-27,0.6026506376455465,0.608425591041878,0.6020916547910149,0.590414524137213,0.5815148503007433,0.13559650520782474
2022-07-28,0.6054086565474401,0.6112358774512668,0.6036354673690068,0.6018017403004865,0.6034615992685433,0.14244933120344122
2022-07-29,0.6308194917064047,0.6371300085003104,0.6334661726962887,0.6275621352204117,0.6247101207724592,0.1931577588625203
2022-08-01,0.6258949498006017,0.6321117547708289,0.6332669269501037,0.6345969012278541,0.62356284795901,0.1087832705571735
2022-08-02,0.6185080986870855,0.6245843741766066,0.6273904692674266,0.6282200879772415,0.6190239127874778,0.08909841607288345
2022-08-03,0.6486465399813948,0.6552961390703167,0.6482071663345208,0.6338883664222303,0.6227149133421439,0.145254070138848
2022-08-04,0.6470707477792366,0.6536902611220946,0.6511952446073992,0.6525127540126237,0.6485023700175921,0.07808395183939242
2022-08-05,0.6459365691229539,0.6513819072871191,0.6445219559199564,0.6452755825855039,0.6345362985522911,0.0811225018430325
2022-08-08,0.6435693613770432,0.6489730903647859,0.6542828697633829,0.6513487490943495,0.6502980186501853,0.09001750974067842
2022-08-09,0.6438160284026675,0.649224018365755,0.6443725596053111,0.6465408288258678,0.6385764889482805,0.09712029740966656
2022-08-10,0.6651196739618912,0.6709029112319034,0.6619023857702366,0.6650133930453774,0.6568321612520328,0.1146002215863025
2022-08-11,0.6614211222603699,0.6671392209347922,0.6701195630256584,0.6715421068913754,0.66870339810692,0.08224608701896353
2022-08-12,0.6792236874558935,0.6852551199611195,0.6759960207083355,0.6776658554490147,0.6675063497581121,0.10930505933856562
2022-08-15,0.6845987945335021,0.6907249981488605,0.6820717241371974,0.6875348379034534,0.6759857720361537,0.07464909083274258
2022-08-16,0.6838099038073198,0.6899220591747494,0.6836653861467292,0.6891037308855841,0.6822705041955391,0.08032764359937851
2022-08-17,0.6913056281148384,0.6975498262838543,0.695816717014466,0.6937092457343887,0.6822206525507993,0.13788566713304645
2022-08-18,0.6893330570060772,0.6955424788485767,0.6895916172709589,0.6964927256835873,0.6871087775636546,0.09501972485829087
2022-08-19,0.6763634516972274,0.6823445236093233,0.6838147824613743,0.6873323552592743,0.6835174802984683,0.11503703333758218
2022-08-22,0.6568841781063697,0.6625224366923662,0.6644920485407322,0.6662280572369472,0.6668578978295869,0.11175846049450171
2022-08-23,0.6552076227302823,0.6608161722292614,0.6587649871727004,0.6637481468050137,0.6538394642706318,0.0747867436826908
2022-08-24,0.6566870128070414,0.6623216636626008,0.655776908899822,0.6617237837102325,0.655036588728821,0.07402741677034112
2022-08-25,0.6690155439819874,0.6748672979863047,0.6658864648040788,0.6723518830190887,0.6623188865486734,0.06750928100736044
2022-08-26,0.6374050575347585,0.642700273202934,0.670418355654949,0.6481097218079985,0.6712472780668994,0.13644205150452826
2022-08-29,0.6263587511372439,0.6314594338552794,0.6298306597332897,0.6291816874758382,0.624261151532275,0.12241090270204592
2022-08-30,0.6141780365545766,0.619064341017662,0.6281374508406528,0.6185535881669821,0.6291493526545117,0.13382118099685014
2022-08-31,0.6058436902657094,0.6105834799632421,0.6182769141241335,0.6156182076223979,0.6200713300926847,0.1588792175752376
2022-09-01,0.6094932758082978,0.6142970152891495,0.6075199235297564,0.6031175685896442,0.6017657300348112,0.1246866472014604
2022-09-02,0.5988904956972423,0.6035077238272791,0.6171812904900773,0.6046358795229811,0.6172781157996245,0.131464683471744
2022-09-06,0.5925782987530557,0.5970843651793408,0.6008964082838661,0.5981578249502788,0.6009177954179451,0.12340677386196001
2022-09-07,0.5996302672452452,0.6042605078301865,0.5988047838888462,0.5977529368864223,0.5926877835823655,0.15753374793179076
2022-09-08,0.592233087332579,0.5967331272359642,0.5972609713108543,0.5930461807155281,0.5917899212113783,0.15125787124588502
2022-09-09,0.6065836913425824,0.6113361873936743,0.6045319212468652,0.6035224566535007,0.5959298910062286,0.10927872142864774
2022-09-12,0.6364679676681808,0.6417467927427365,0.6366035712938249,0.6265499536730212,0.6164800328274984,0.20103204851542394
2022-09-13,0.5891756862745849,0.5936217578544025,0.6180776683779488,0.5965382726948523,0.6180262710176294,0.24501287948642064
2022-09-14,0.5964247435564791,0.6009985969625383,0.6009462577154061,0.5977529368864223,0.5925380764293832,0.1588153605672291
2022-09-15,0.5819263994638206,0.5862449187462666,0.5916833062574678,0.5864669620452383,0.5918397728561181,0.16506614169745842
2022-09-16,0.5736908270986758,0.5778644442067294,0.5723107988952729,0.5712333478875777,0.5746814456116939,0.3434624959343957
2022-09-19,0.5923317082370547,0.5968334371783717,0.5882968124822066,0.5749279225110813,0.5652043815638039,0.1426866208635505
2022-09-20,0.6042658323037211,0.60897760201502,0.6058267146371192,0.5950706210348113,0.5856048923414726,0.20782474456575617
2022-09-21,0.5885839608477306,0.5930195919100567,0.609113585539288,0.5977023548376283,0.6052572479011363,0.19293388662821825
2022-09-22,0.5837510774706798,0.5881017246954579,0.5878486235382709,0.5840882929353943,0.5805172846402764,0.15555318680013525
2022-09-23,0.5723594066334419,0.5765094942594764,0.5729083841538538,0.5721949473861745,0.5745816662128328,0.17885329212692785
2022-09-26,0.5740361150287758,0.5782157587225812,0.5843625828799044,0.5776608204114859,0.5669501785516572,0.1721681839539017
2022-09-27,0.578918347112876,0.5831837809083839,0.5890936434869725,0.5792297133936166,0.5823129332728695,0.1500624779948005
2022-09-28,0.5694498986773495,0.5735487429364763,0.5687749088053664,0.5533680771516019,0.5568745903293632,0.30473235092929335
2022-09-29,0.533154421954972,0.5366143924245932,0.5492530051285263,0.532314361178069,0.5491932510234476,0.25863305750584464
2022-09-30,0.5120481712239464,0.5151362725882102,0.5312251405881254,0.5187509585491306,0.5251515152264714,0.25064993762139354
2022-10-03,0.53300675838194,0.5364638509385067,0.5310757442734801,0.5171820655669999,0.5098386882593802,0.22427823566813931
2022-10-04,0.5510064888767918,0.5547805229945995,0.5467629652311234,0.5504326966070179,0.543856156770408,0.15847917950950363
2022-10-05,0.5524857259343046,0.5562859378554638,0.552539876030695,0.5441064654051992,0.5390678111564138,0.13770925283076624
2022-10-06,0.5477022677739267,0.5514182256120687,0.5533366310454737,0.5552912761487954,0.5477467161227964,0.11020651157613258
2022-10-07,0.5213684970287009,0.5246207690740312,0.5312251405881254,0.5260893712983399,0.5314362473858568,0.15374705220397367
2022-10-10,0.5229957802073621,0.5262768019934572,0.5251992106008161,0.5216357570449208,0.52086191438802,0.12634916564731502
2022-10-11,0.5158944630081232,0.5190505043714078,0.5225100009472152,0.5198643814186108,0.5182681827833007,0.13165327284559003
2022-10-12,0.5127384410456532,0.5158388250474386,0.5175796945939621,0.5195607346768438,0.5144275511850336,0.11525419685898063
2022-10-13,0.5356695993124081,0.5391737508330128,0.5336653310539885,0.5003795584272086,0.4937776299649027,0.22157561825137645
2022-10-14,0.512935529835358,0.5160395980772039,0.538296844777951,0.5197125580477273,0.5402648595052217,0.1603871871534608
2022-10-17,0.5328093635537421,0.5362631544812165,0.5302290638371745,0.5302394160344939,0.5241040979212644,0.15207061939061528
2022-10-18,0.5394174232113558,0.5429875961013277,0.5491533822554338,0.5319601323875081,0.5461506262879253,0.1865725359705035
2022-10-19,0.5399599529504071,0.5435396070744697,0.5404382426145238,0.536464405914223,0.5271965743015267,0.0936983568871274
2022-10-20,0.5376422469307927,0.5411810216958154,0.5451195297800391,0.5422845077300953,0.5338304963022352,0.10056534572109595
2022-10-21,0.5567760795723036,0.5606518706693958,0.5548805196134527,0.5422845077300953,0.533082264974849,0.15529502558877029
2022-10-24,0.5675265232563911,0.5715916270448775,0.5667330578518992,0.55923883824077,0.5546300485659671,0.12903985646336036
2022-10-25,0.581778582871542,0.5860943772601802,0.577988086821752,0.5762437508002387,0.5690949409161922,0.12593496474322896
2022-10-26,0.5670335717532591,0.5710898476154145,0.5754980469243491,0.5695632135833573,0.5734344695087648,0.1593841103389465
2022-10-27,0.5445954414992598,0.5482567778317784,0.5608566001692221,0.54977482107469,0.5590194288032795,0.21152795408855052
2022-10-28,0.5985454372960122,0.6031564858839025,0.6029382592373334,0.5684498679383791,0.5596678046224234,0.3496335179223265
2022-10-31,0.5867099341338218,0.5911126309896617,0.5867032264626622,0.5891998599456432,0.5844078439926647,0.1836072848671066
2022-11-01,0.5734443896019215,0.5776135162057604,0.5927290804599843,0.5750797458819648,0.5939846113300344,0.1399661135457113
2022-11-02,0.5457296966651655,0.5494109547492662,0.5763944248122204,0.5541778532793151,0.5634087329312107,0.17282712864354544
2022-11-03,0.515401434995368,0.5185487249419447,0.5297311014516863,0.522546697270222,0.5290420745788597,0.18354591256758096
2022-11-04,0.5140677957510573,0.5160395980772039,0.5290836667615657,0.5004302177005044,0.5291917056224607,0.29013071305915566
2022-11-07,0.5167351507493019,0.5187494213992349,0.511553764606653,0.5069588543220005,0.5043519629627395,0.14740856086430087
2022-11-08,0.5196002831238611,0.5216600177510312,0.5229083404596111,0.5161698840196094,0.5208120627432801,0.16364339762019592
2022-11-09,0.49672956745953917,0.4984254784803396,0.5085657623237618,0.5014929812966888,0.5112851470506502,0.12639587816679204
2022-11-10,0.5560052451172277,0.5586445232341182,0.5499999867017524,0.5263424359913131,0.5249520325381305,0.2355645270096508
2022-11-11,0.569984165377081,0.5728461904772479,0.565637434217843,0.5509894080417579,0.5477966438769175,0.17375914279545107
2022-11-14,0.5629699161291946,0.5657202793700812,0.566982077039637,0.5664760096678898,0.5635085123300718,0.12256023368186338
2022-11-15,0.5716634750996084,0.5745523783678776,0.583466129002046,0.5721949473861745,0.5797192016681503,0.16354351233918657
2022-11-16,0.5654889954774205,0.5682795612060256,0.5649402260861696,0.5657674748622661,0.564306595302198,0.09981073975486364
2022-11-17,0.575022553602403,0.5779648307216121,0.5729581575954064,0.5599979550951877,0.5508391925030586,0.1399912091013878
2022-11-18,0.5778381842506661,0.5808251955297296,0.5790338610242685,0.5793309547157064,0.5801680947989531,0.12617672687860731
2022-11-21,0.5616361238656373,0.5643653294228281,0.5674302659835726,0.5679437385524329,0.5694441307575153,0.08615925440855614
2022-11-22,0.5723551986041584,0.575254930827106,0.5676792851713102,0.5639455171871623,0.5593186908904815,0.06896507170744447
2022-11-23,0.5767514415608499,0.5797212501559207,0.5747012159195832,0.5761425094781492,0.565902685137069,0.08510896813286829
2022-11-25,0.562130146503496,0.5648671854247663,0.5600099957229037,0.5649071166857591,0.5602164771520874,0.02769853628307986
2022-11-28,0.5429149841323824,0.545346181479982,0.5488545896261434,0.5459790823535988,0.5444048293000721,0.11230310859393576
2022-11-29,0.5278491681634658,0.5300404922905684,0.5397410344828504,0.5306443040983506,0.5401650801063606,0.14837560940581423
2022-11-30,0.5617348212797364,0.5644657159377108,0.559213164718138,0.5316564856457411,0.5257500394008754,0.21699605204669165
2022-12-01,0.5631180387599666,0.5658708208561676,0.5612550156716052,0.5623260421562377,0.5597177323765445,0.11728345827689939
2022-12-02,0.5606483846284134,0.5633616939914268,0.5556275011866787,0.55746746261446,0.5484949474501826,0.1028646949510972
2022-12-05,0.554819498974819,0.5574401913454267,0.5701693250687132,0.5580748333224961,0.5575230422578883,0.11126052491454465
2022-12-06,0.5364441827390274,0.5387722813459572,0.5521414605283121,0.5385900103310937,0.5540315243915631,0.10107520790177053
2022-12-07,0.5267132297858468,0.5288863153730806,0.5325697074199323,0.5288729284720406,0.5296905265073849,0.11348359359412337
2022-12-08,0.5351599687113895,0.537467486369908,0.5333167649831454,0.5344400428194418,0.5305384611242508,0.09461769902577065
2022-12-09,0.532739433758016,0.5350085910488461,0.5435259437604947,0.5334277840475492,0.5304386817253898,0.12932584640973288
2022-12-12,0.5442487763959396,0.5467011314272351,0.5381972219048585,0.5342375601752625,0.532234330357983,0.11532625340498238
2022-12-13,0.5490896167738168,0.5516189986418341,0.5654382644616451,0.5503315325094302,0.5661520955795311,0.17352682255230745
2022-12-14,0.5379260211237331,0.5402777727792968,0.5489542124992359,0.5347436895612088,0.5454523227146603,0.1447166276940141
2022-12-15,0.5047812106901923,0.5066052565625866,0.5247510216568805,0.5087808119971042,0.5243035806096054,0.18606391614407036
2022-12-16,0.4949512542844194,0.4966189040748272,0.5040836449144444,0.4971405311408575,0.5022570522429445,0.33819019300470077
2022-12-19,0.48438053170554013,0.48587984415663577,0.49188246461516766,0.4849436160743727,0.4943761541393067,0.13801139338227714
2022-12-20,0.4840348612273235,0.4855286062132591,0.48217132421329384,0.477706367422751,0.4758211436389711,0.1326449200010833
2022-12-21,0.49959447030522847,0.5013360748321359,0.49990039612440434,0.49218078750149225,0.4837518933873487,0.15375301550433246
2022-12-22,0.4836890377298601,0.4851772916974073,0.48869521658609144,0.479781389790828,0.4905853741857795,0.13368675826792958
2022-12-23,0.4818612993380675,0.4833205623206912,0.47803784886480655,0.4764411211823873,0.47347682247671385,0.09880840835289419
2022-12-27,0.4728219933798136,0.47413714880704294,0.47300799562844814,0.471785024284789,0.4757712919942312,0.11171125103332814
2022-12-28,0.4531128848804648,0.4541143271465581,0.4711155409896261,0.4573612248670928,0.46724194196206825,0.15253650223114396
2022-12-29,0.47074732017871507,0.4720294914293577,0.4683764819044855,0.4667746599843789,0.45886226102819694,0.12834861056343994
2022-12-30,0.4723280089967667,0.47363529280510475,0.4657370456924374,0.465256349051042,0.46095720980268284,0.13165451519983146
2023-01-03,0.44832143146444875,0.449246614903163,0.4704681062995055,0.4487575272652688,0.47028456669759056,0.21882628831513656
2023-01-04,0.454693497188893,0.45572016680854266,0.4593127761927323,0.45336304211407313,0.45337557378624704,0.16166830284720257
2023-01-05,0.4480744201455195,0.44899568690219394,0.4548804702199611,0.45174352847089766,0.4545726601897456,0.14141569247458824
2023-01-06,0.4707965923761412,0.47207964640056144,0.4674302545850744,0.4524014426154764,0.4489862316036253,0.15829183248989903
2023-01-09,0.4734147134317713,0.47473931475138875,0.48296815521805964,0.477706367422751,0.4712322807133177,0.1161414862581955
2023-01-10,0.47627953976783727,0.477649911103185,0.472260938065235,0.4687484024181153,0.4701847872987295,0.09901041515254742
2023-01-11,0.489913248607214,0.4915003404029381,0.4834661176035479,0.4805911659185413,0.47512284006570604,0.11283210302992806
2023-01-12,0.4895179233834545,0.49109887091588256,0.48720117744965225,0.48555090955790664,0.4882410530235223,0.11760448261287969
2023-01-13,0.49618627262425424,0.49787346750719763,0.49048804835182097,0.4866643324273869,0.4790133994180943,0.08388723697186588
2023-01-17,0.5020150817682254,0.5037950467256729,0.5022908131487147,0.49916497146014066,0.4929795469927766,0.09839023191523565
2023-01-18,0.49840918322055977,0.5001317429434444,0.5088645549530522,0.5037198270356493,0.5029055041714696,0.11336358217440316
2023-01-19,0.4987053519724803,0.5004328259156173,0.4971115635977111,0.4973430137850368,0.4892386186839893,0.08505678925472908
2023-01-20,0.511548410364338,0.5134802396687842,0.5059263261117137,0.4996204415727911,0.49522408875617274,0.1395792444349363
2023-01-23,0.527552922901922,0.5297394093183955,0.5323207642221817,0.5182448291631845,0.5093897190191959,0.14339749596048518
2023-01-24,0.5345670956401851,0.5368653204255622,0.5315239332174158,0.5303912394053774,0.5203132418583559,0.10531884151957814
2023-01-25,0.5312575188636868,0.5335030996155067,0.527888420254417,0.5228503440119889,0.5232062355502772,0.10373906386620142
2023-01-26,0.5416307701047445,0.5440414630764079,0.5369522019561572,0.5384887690090041,0.5345786515202402,0.07468238592641237
2023-01-27,0.5513618760771719,0.5539273524768095,0.5517928184674818,0.5444607714202621,0.5345287998755003,0.1155575797647329
2023-01-30,0.5368887036505898,0.5392239058042166,0.5434263208874022,0.5432967665019879,0.5435070430384662,0.09930634393285125
2023-01-31,0.543260884139469,0.5456974194233587,0.5374003909000928,0.5404119680061976,0.532234330357983,0.10392591394410945
2023-02-01,0.5488919159071255,0.5514182256120687,0.5487051933114981,0.535553465688922,0.5385689902714896,0.1332183907189181
2023-02-02,0.575516423221015,0.5784666867235503,0.5714641184589673,0.570221166340187,0.5631593224887487,0.23428490214099873
2023-02-03,0.5936942681189852,0.5969338236932543,0.6023406739787527,0.5685004499871729,0.5588198700055573,0.3237798776877402
2023-02-06,0.5800115166110522,0.5830332394222975,0.5810259385361829,0.5834303401785645,0.5814649986560035,0.11382449559796622
2023-02-07,0.5944352638209613,0.5976865311236865,0.591633456825928,0.5827218053729408,0.5718383035645125,0.14727935602319425
2023-02-08,0.5809500601604733,0.583986719882495,0.5883964353552991,0.585404121224552,0.587999141257851,0.09956674138185075
2023-02-09,0.575763472794756,0.5787175381520443,0.5871514154065978,0.5816083825034606,0.5875003203729269,0.07940830146073526
2023-02-10,0.5775939655329885,0.5794200906112728,0.5722609494637332,0.5755352159946152,0.5659526128911901,0.08299522662653365
2023-02-13,0.5916438867232947,0.5936719893980814,0.5868027733457675,0.5841388749841883,0.5733845417546436,0.09479336791550598
2023-02-14,0.5884282637642486,0.5904100785304333,0.5843625828799044,0.5838352282424213,0.579220380783226,0.09357238216704843
2023-02-15,0.5989658576762249,0.6010989834774211,0.5929780996477219,0.5940584394874207,0.5841584335502026,0.10317876210332559
2023-02-16,0.5909512451032646,0.592969436938853,0.5971115749962093,0.5964371085972646,0.5861535648711367,0.10962434437860795
2023-02-17,0.5852126408052025,0.5871482442352604,0.5805279001607075,0.5837846461936274,0.5803676535966754,0.08720283197134036
2023-02-21,0.5650775267231378,0.5667239148014824,0.5720617797075351,0.5714358305317571,0.5696436134458562,0.08651481619244762
2023-02-22,0.5672049533095243,0.5688818037228466,0.5653386415885526,0.5651095993299384,0.5630096914451477,0.06699519482226508
2023-02-23,0.569629007705571,0.5713406990439084,0.5672808696689273,0.565514487393795,0.5690949409161922,0.060492464251877875
2023-02-24,0.5563211533519679,0.5578416608324822,0.551593648711284,0.5578217686295228,0.554231007079904,0.07807277065121972
2023-02-27,0.5623073427911343,0.5639137049645687,0.561454185427803,0.5665772509899794,0.5572237801706863,0.052055139656767335
2023-02-28,0.5597842084328717,0.5613544231286243,0.5610059964838674,0.563439465025718,0.553931744992702,0.06584154467369192
2023-03-01,0.5493951962094072,0.550816059667723,0.5517928184674818,0.5542284353281091,0.5528343999333739,0.07809612691095823
2023-03-02,0.5523634635562189,0.553827042534402,0.5492032316869737,0.5486107389319139,0.5406140493465449,0.07004343518898816
2023-03-03,0.5776928924759577,0.5795204771261554,0.5711155523881242,0.5659699575064454,0.5588697216502972,0.11599613081195055
2023-03-06,0.5915449597803255,0.5935716028831988,0.596962178681564,0.5969938200320049,0.5875501720176668,0.1578030903313284
2023-03-07,0.5805128841727507,0.5823809185067479,0.5856573762701585,0.5852017158048746,0.5871012788868638,0.0798428769743804
2023-03-08,0.5867956249119541,0.5887540456110074,0.5828685437434653,0.5887443898329927,0.5826620470048114,0.057537151982412243
2023-03-09,0.5755161936921451,0.5773124332335875,0.588197189609114,0.5806467830048638,0.5864029753135988,0.07400778757332686
2023-03-10,0.5651766831949769,0.5668243013163651,0.5702689479418057,0.5673870271176926,0.5696935411999774,0.11062940895990848
2023-03-13,0.5749225555247073,0.5767102672892417,0.5812251082923809,0.5678424972303431,0.5577225249462292,0.15009825779695307
2023-03-14,0.5854103416718941,0.5873489406925506,0.582519901682635,0.5799889074725362,0.5750305593436358,0.12335981287163474
2023-03-15,0.587389263079392,0.5893562881278283,0.5817729201094091,0.5790778900227331,0.5745816662128328,0.13198672072398443
2023-03-16,0.6015382642319138,0.6037084968570445,0.5977590096863299,0.587782790334396,0.5794199395809483,0.12948511622348163
2023-03-17,0.5973330658046838,0.5994429505579951,0.5991534259496765,0.6011437875436567,0.5989725157417509,0.18609547194180215
2023-03-20,0.6092062882111773,0.6114867288797607,0.6045319212468652,0.6004858347868269,0.5939347596852946,0.12322439625932106
2023-03-21,0.6185068745331119,0.6209210703943782,0.6124003804514695,0.6125815857557242,0.6051575446116566,0.1239621062078702
2023-03-22,0.6113335617783171,0.6136446178011249,0.6260458264456328,0.6190090582796326,0.6150335740362284,0.12834388961732257
2023-03-23,0.6167753852474718,0.6191646509600696,0.6231075976042941,0.6183511055228028,0.6126892528739711,0.10826819048868501
2023-03-24,0.6233057876374029,0.6257887826377733,0.617081667616985,0.6192115409238119,0.6128388839175721,0.08733303069584013
2023-03-27,0.6135598387980492,0.6159028166648965,0.6192231414435447,0.6193127050213996,0.6182258298153517,0.0704216078200733
2023-03-28,0.6104431427819721,0.6127412923121311,0.6078685655905864,0.6097474465332298,0.6083996520355197,0.05452419447614518
2023-03-29,0.6258782707027151,0.6283982960173966,0.6206175577068913,0.6268030183659943,0.6153826877681703,0.06772669299960717
2023-03-30,0.6337442250775402,0.6363773010698783,0.6276892618967171,0.6365201002250476,0.6261565795637293,0.06324427889660059
2023-03-31,0.646309936084817,0.6491236318508724,0.6402888576983767,0.6397591275113985,0.6306955908446428,0.11107019624476068
2023-04-03,0.6525928298432673,0.655496835527607,0.6467131271980817,0.6514499904164393,0.6398234650512096,0.08181623245143575
2023-04-04,0.6499214198349861,0.652787012205576,0.6494521862832223,0.6559542639431539,0.6514452914636346,0.05523506957307987
2023-04-05,0.6406701057104776,0.6434028256621624,0.6405378768861143,0.6392024160766585,0.6421677862134668,0.068238542947068
2023-04-06,0.6451225832403185,0.6479192999621809,0.6400896879421787,0.640214597624049,0.6306456630905215,0.0530281514986395
2023-04-10,0.6321115862252458,0.6347212681504524,0.6254980146286047,0.6304975157649959,0.6256079070340652,0.058809571196464155
2023-04-11,0.626026622862357,0.6285488375034831,0.627141450079689,0.6326737022306606,0.6302466977138398,0.058628932889763175
2023-04-12,0.6225635677814534,0.6250360752073411,0.6256474109432497,0.6289792048316589,0.6246103413735982,0.06481312383265289
2023-04-13,0.6495751372797827,0.6524356976897242,0.6442729367322186,0.637279217079465,0.6266554004486534,0.11031434792428695
2023-04-14,0.6478437245037658,0.6506793548278907,0.646862599502714,0.6494256273216581,0.6414195548860806,0.06295804047937978
2023-04-17,0.6479424984274882,0.6507796647702982,0.6422310857787514,0.6504883909178425,0.6439135070919387,0.04340263930704462
2023-04-18,0.654076963516673,0.6570023269609464,0.6522908682414554,0.6586871618435588,0.6489513392577764,0.0642910865804125
2023-04-19,0.6598157208339817,0.662823519664539,0.6560259280875598,0.6581304504088186,0.6474549527123852,0.05881777073445746
2023-04-20,0.6549675355322646,0.657905575877465,0.6545816623926732,0.6582316917309083,0.6489014115036552,0.0705858470507877
2023-04-21,0.6469036507618782,0.6497258743676932,0.6475099582028476,0.6528164779788925,0.6437140244035979,0.08519816916740151
2023-04-24,0.6484372861615801,0.6512815207722364,0.6432769359712549,0.6497798561122188,0.6434646139611359,0.04447951196349864
2023-04-25,0.6407195309271503,0.6434530572058413,0.6468127500711742,0.6489700799845055,0.644412327976863,0.06128732249553187
2023-04-26,0.6406701057104776,0.6434028256621624,0.6416832739617233,0.6442634010381134,0.6337880672249049,0.05329823931072199
2023-04-27,0.6636745601963849,0.6667377514477366,0.6580179296094872,0.6563591520070107,0.644412327976863,0.10151028035711225
2023-04-28,0.6699572244259651,0.6731108785519961,0.6644422750991794,0.6699732139092447,0.6608724277574034,0.07759148261809758
2023-05-01,0.669512091437416,0.6726592540937368,0.6674302773820706,0.6738195346791298,0.6648128387545317,0.07062684474075422
2023-05-02,0.6643176235804955,0.6673900723632862,0.6669323149965822,0.6682524203317286,0.6688530291505209,0.0605707325690867
2023-05-03,0.6589252253280136,0.6619201941755453,0.6697709209648284,0.666329298559037,0.6659101838138598,0.10209095672954717
2023-05-04,0.6507129883979852,0.653589874607212,0.650448187044186,0.6519054605290897,0.6429159414314718,0.14209327247785314
2023-05-05,0.6892017664924384,0.6926319590692555,0.6866036149880677,0.6845487980855736,0.6732922610325733,0.2221451134356387
