Price,Adj Close,Close,High,Low,Open,Volume
Ticker,NVDA,NVDA,NVDA,NVDA,NVDA,NVDA
Date,,,,,,
2020-01-02,0.0061940699207343256,0.00623852908025083,0.004290217028668716,0.008168001255501003,0.005586632008391108,0.09657634331862407
2020-01-03,0.005645917275847158,0.005687945716658007,0.0039924666710370905,0.007786126742817465,0.005059046102792404,0.07434162709271681
2020-01-06,0.00578723858463441,0.005829892007270857,0.0039123000677925325,0.007373647002344011,0.004657213474501848,0.1139342488072491
2020-01-07,0.006196919427366866,0.00624139786991738,0.004556477946730173,0.008119901368933556,0.0055071322713762735,0.15004699082382278
2020-01-08,0.006261150916603973,0.006305919656955549,0.004595129165541865,0.008376427610582562,0.005732621381887668,0.12394236068897745
2020-01-09,0.006637994066780263,0.006684446744970058,0.00515198412274771,0.008771418252316227,0.006323807628490503,0.10873102646077841
2020-01-10,0.006823567502561509,0.0068708414993107585,0.005527036918002704,0.009192643932169009,0.006826820737723095,0.15104282285185544
2020-01-13,0.007916990469887968,0.007969144906400227,0.006162625030453939,0.009629901980871311,0.006874521682716531,0.15349367612084697
2020-01-14,0.007246093002350615,0.007295252813278998,0.0059178385286084954,0.009629901980871311,0.007250334109940852,0.18063563128489302
2020-01-15,0.007001998029202455,0.007050068381662857,0.005547077886219557,0.009306330024024811,0.00689331037420482,0.11425789421635972
2020-01-16,0.007481620313042205,0.007531830875895474,0.005615790557356528,0.009634274950560982,0.006883192326110614,0.12884130102688263
2020-01-17,0.007531582391906384,0.007582014184171242,0.005734605649035631,0.009720269274407403,0.007169389725187228,0.10781818043508178
2020-01-21,0.007340301738906228,0.007389884585282624,0.005632970090329339,0.009603666942752193,0.006896202426643731,0.08300813193667893
2020-01-22,0.007650063893212877,0.0077010210965924135,0.0062485145041865815,0.009957846907407482,0.007178063125542637,0.09775474455179607
2020-01-23,0.00804261214568347,0.00809531969081,0.006192686482779226,0.00983395814628208,0.007461371229141672,0.10140336245450467
2020-01-24,0.007702878213360874,0.007754073194534746,0.007094535513291925,0.009855820214711535,0.008296835277744184,0.19061054876568695
2020-01-27,0.006235458867839383,0.00628011148909732,0.004625190617867144,0.007513568132318939,0.005512913619292771,0.25770749785446606
2020-01-28,0.007344589672111428,0.007394186402389865,0.005630105924708157,0.008749553403867898,0.006179262902732741,0.14736377674829032
2020-01-29,0.006997710095997256,0.007045769299340813,0.0055685523024355706,0.00922033570017839,0.006835494138078511,0.11131465733350761
2020-01-30,0.007036255005772332,0.007084480183735562,0.005212107027398268,0.008558618927545003,0.00600002733251466,0.13320636474975917
2020-01-31,0.005697317781284003,0.005739562052374466,0.00494012050847158,0.007880867006043214,0.006341151672239996,0.1884722761054946
2020-02-03,0.006254021680720069,0.006298751784966947,0.004461998706511133,0.007982893698739162,0.005145771835462533,0.10904360706957754
2020-02-04,0.007224680682837395,0.007273743727742813,0.005433991125782824,0.00923199787935712,0.006638914524110938,0.12009457638066233
2020-02-05,0.007742839672498385,0.007794219841155362,0.006078166274343325,0.00972609897398733,0.007500396016818359,0.07630286294792558
2020-02-06,0.008241019299916254,0.00829461989647241,0.006342993744405629,0.009940357808667692,0.007522079517706892,0.08326262234384281
2020-02-07,0.007861315704502311,0.007913226753576533,0.006239927468077316,0.010186678601028225,0.007594350502105107,0.06353131718840659
2020-02-10,0.009485758726454088,0.00954490899061507,0.007595559718713268,0.010438831872987567,0.007574114405916696,0.29855874060442855
2020-02-11,0.01018806366392877,0.010250344096142446,0.008955489582969569,0.01226511801230163,0.009716259577294252,0.3739017321253338
2020-02-12,0.01085182642627966,0.01091706831727508,0.008998435685024456,0.012792743354540025,0.010105082105051691,0.19139338338772377
2020-02-13,0.010600596747945043,0.010664716013670337,0.009095776360487539,0.012888940347656037,0.010133991601595511,0.2974577929734369
2020-02-14,0.013314169334715513,0.013390399840691108,0.012172078633660297,0.015350711001503245,0.012598469664248789,0.6528508803777523
2020-02-18,0.01428198703415414,0.014362525728585613,0.012507052222858733,0.01518455205339033,0.012364307153381979,0.3611827441672943
2020-02-19,0.016869951618385497,0.016962032036411414,0.015098073645206659,0.017608425489939683,0.014655333750695006,0.4124736260111326
2020-02-20,0.016013480715066898,0.016101745188949485,0.015228339938616203,0.016859254883550737,0.016285792412484554,0.4924997942638692
2020-02-21,0.013925125980872241,0.014004071963881409,0.013636508222244072,0.016029919652895297,0.015045603683152567,0.4635432118487414
2020-02-24,0.010957452331924383,0.011023169778374541,0.010296809196631031,0.012727154369232788,0.010131099549156593,0.5249085943761769
2020-02-25,0.009354432568090945,0.00941299662687219,0.009855905165483108,0.011263794133953342,0.011014264542752547,0.6622365972419602
2020-02-26,0.01015380121805634,0.010215932294069748,0.009377783363522654,0.011852638271828177,0.008955955808567534,0.44940239705067747
2020-02-27,0.008027060183860776,0.008058041833855934,0.008168163491269902,0.009941814538557955,0.00792102009355853,0.5591403203398
2020-02-28,0.010522309151134765,0.01056291636967811,0.008949763982104345,0.008906969192620358,0.006122891314345229,0.7160087605556466
2020-03-02,0.011430705612935743,0.011474822287641687,0.00968412621801783,0.011706884662254453,0.011100993032384002,0.548302348434711
2020-03-03,0.009925282818592382,0.009963582725250202,0.010182288988195131,0.011919683987025677,0.011356836287178006,0.3837466382024679
2020-03-04,0.012584772207021484,0.012633345664662083,0.01072912346129255,0.012610552037577584,0.010132546953856722,0.3454458319243002
2020-03-05,0.010982225537859283,0.011024605540600415,0.01048719839469114,0.013237290612731392,0.011043174039296368,0.30597215681311624
2020-03-06,0.009946703342059444,0.00998508907600119,0.008367142455816424,0.01126962383353327,0.009537024007076171,0.2887414965280731
2020-03-09,0.007004393583722707,0.007031430820578426,0.007080220145940296,0.008380800580272227,0.005752857478076072,0.3570306778504136
2020-03-10,0.009238259112463787,0.009273916391140707,0.0073207117645425375,0.00951913212881491,0.008158071899902919,0.33385545359803104
2020-03-11,0.007151512353221076,0.007179111955739188,0.0066793980512260785,0.00902065528447616,0.008001964478312161,0.27805843182734485
2020-03-12,0.002843752926247785,0.0028547274010970944,0.0037476774388145,0.005118845973688099,0.0036656392473472382,0.496986570790172
2020-03-13,0.006347379940727968,0.006371874471434395,0.0044491140567815245,0.00567416586395475,0.004394141467091224,0.37132916605291605
2020-03-16,0.0,0.0,0.0023133120329331507,0.0019414289610601328,0.0017793373307636896,0.43504581864653985
2020-03-17,0.002980868341368202,0.0029923718746027034,0.001563203712046015,0.0015041709123578273,0.00011707987695273522,0.5088065437229042
2020-03-18,0.0009169723282113802,0.0009205095521780497,0.0,0.0,0.0,0.5369083703139707
2020-03-19,0.0023666984799588543,0.0023758336965310385,0.0009719924192716882,0.001852521177433182,0.0002688505983657885,0.46169815639680317
2020-03-20,0.0013354669520154946,0.0013406190490390518,0.002917405245059946,0.0035636617149823017,0.0027318840132802696,0.4887543593584352
2020-03-23,0.0023267124089598364,0.002335684315125229,0.0009362053660811852,0.002600232273912994,0.000810891252236403,0.37758077822889896
2020-03-24,0.007538583099180186,0.007567675705408856,0.006115386775532989,0.006904321435923788,0.004177325756935246,0.6941502475403295
2020-03-25,0.007030104775046245,0.007057238988436649,0.0074266422064920325,0.009179525023100009,0.00776202061952886,0.48100623294032546
2020-03-26,0.008689791982679551,0.008723333027547884,0.007483903675898549,0.010103600516981205,0.0077822567157172645,0.4137018188457062
2020-03-27,0.008045633935346574,0.008076682129725562,0.0076127392516860785,0.009911206530749173,0.007212753970002955,0.3740898337306289
2020-03-30,0.009882422629099316,0.009920567288963029,0.00801928694726552,0.010626852889529935,0.007987509730040247,0.348795700218599
2020-03-31,0.009598193913783082,0.009635238945511462,0.009370627045035409,0.01123318612614456,0.009698912776583427,0.5892531743874768
2020-04-01,0.006665887509824303,0.00669161461695866,0.007385129552436306,0.008832634267933792,0.008029429327117185,0.3865958242826725
2020-04-02,0.008436987145208324,0.008469547696502464,0.006593508577493436,0.008982760847197187,0.006380179216878022,0.39963292524966687
2020-04-03,0.006785867600031588,0.006812057291605705,0.006540541991330123,0.00841140858808101,0.007785148768156183,0.3909525894053154
2020-04-06,0.010283773724036459,0.010323469517395083,0.008580436787714567,0.010530655896413915,0.007970165686290755,0.4356765122642939
2020-04-07,0.008945454530737147,0.008979984413474671,0.009778605458236871,0.011167597140837322,0.01115880926851031,0.47484313916683435
2020-04-08,0.010076670378737003,0.010115565677518198,0.008304155385544677,0.011648582106417407,0.009151090774796318,0.3074354766543087
2020-04-09,0.009505360706820724,0.009542040200948513,0.009015612487620128,0.011622347068298296,0.010392726908828427,0.2957621123257035
2020-04-13,0.010490879803987198,0.010531373357271969,0.008626244325013497,0.011123873003978421,0.008737695450672767,0.20782737805034074
2020-04-14,0.012504794595720889,0.012553052371420851,0.010790677083565129,0.013585640877806754,0.01082635832914039,0.2994854176305145
2020-04-15,0.012060586045941957,0.012107134706701616,0.010626054454587096,0.013802813172267642,0.011144354520238403,0.18551797442233098
2020-04-16,0.014040211045290428,0.0140944019187778,0.012748974559082995,0.015430875625769738,0.01257245222014388,0.44794184340956295
2020-04-17,0.013700277483424471,0.013753155422502546,0.012728933590866142,0.01548771867169764,0.014150873236762292,0.30513676438959997
2020-04-20,0.012947567453578432,0.012997534273914205,0.011961648467383335,0.015244311339117633,0.012595580368771203,0.24308259804277516
2020-04-21,0.010442312397275215,0.010482623076436878,0.010711943928319732,0.012597435908527459,0.01188297754503792,0.4407082302059367
2020-04-22,0.012819011496960742,0.012868490699837875,0.011155712125088844,0.013805729412067043,0.011148691220416104,0.2665731691040347
2020-04-23,0.0125133567888749,0.01256165327085013,0.011910112598842042,0.014913450172782068,0.012682306101441332,0.22563617415165832
2020-04-24,0.013310351761530267,0.01336172288316632,0.011413380546286756,0.014563643177816443,0.012069439110911288,0.17596075315329518
2020-04-27,0.01438015554576149,0.01443565114983825,0.013393152438020643,0.01651673431805531,0.01371579716871154,0.26382909862678916
2020-04-28,0.013563156599001494,0.01361550821421174,0.013493357279104914,0.01609988160789219,0.01487359410858978,0.2385985877165503
2020-04-29,0.014577261005985553,0.014633518328059977,0.012975153540710754,0.0164802966106666,0.013973085071244333,0.19451642327563734
2020-04-30,0.013694559327600442,0.013747420577954628,0.012671674851836765,0.016184419201848356,0.013903703382323704,0.19227303501248594
2020-05-01,0.012337677321420451,0.012385295178164581,0.011303155221094065,0.014598624155314897,0.01217784558750861,0.1688848133541075
2020-05-04,0.013553169652531213,0.013605471552556588,0.011724018284025129,0.014604453854894825,0.011676277126014808,0.15191417587638406
2020-05-05,0.013903098364821287,0.01395675744527219,0.012930776721033845,0.016121743676321645,0.013785178857632176,0.18741835387582667
2020-05-06,0.01448156461913426,0.014537450793830477,0.013178427388500471,0.016722247213356342,0.013996213219871656,0.15599985339139588
2020-05-07,0.015492797642275555,0.01555259211801215,0.01395286883047053,0.017583647181710828,0.014928521049238502,0.19076268976996974
2020-05-08,0.016582591727355003,0.016646593707994383,0.014717292518709294,0.018322615118830182,0.015560179488218154,0.16689314929804216
2020-05-11,0.018028035415199838,0.018097616035240138,0.01639931132243441,0.01901639940918149,0.016217855371302714,0.2566867700257326
2020-05-12,0.01652545392353518,0.016589239792944823,0.01674286921736497,0.019098020763338247,0.018044893647059836,0.2732839704929438
2020-05-13,0.016396914374825163,0.016460198953653683,0.016204624510753957,0.017943656845946045,0.016853850510460074,0.3651162806780233
2020-05-14,0.01782806677508684,0.017896882802137044,0.015961271456907674,0.018484401097253432,0.01641588238997041,0.34883719321976703
2020-05-15,0.020457570712243592,0.020536535756583468,0.018621002820015418,0.01957171929944814,0.016693406388691615,0.6153246101213877
2020-05-18,0.021940156433757456,0.02202483320599809,0.021003027524085543,0.02427371256297313,0.0217278796951179,0.46788614597099504
2020-05-19,0.02225580629226742,0.02234170729664099,0.021982173531467333,0.024753238018644076,0.02189988651271936,0.42837097785864303
2020-05-20,0.023195634835867243,0.023285158961795904,0.021727369275890602,0.025487835766092634,0.023060578261997845,0.3386188501321207
2020-05-21,0.022082992739353186,0.022168217993622005,0.021781763849298797,0.024606030459198958,0.023410376002078598,0.45862490811029116
2020-05-22,0.023516994646247395,0.023607765162201536,0.02201367116216892,0.0244646498193149,0.02210224747460343,0.6506655823162362
2020-05-26,0.021754473611925056,0.0218384357168722,0.022521854416454646,0.02422415594651542,0.024018903535469593,0.46534124189935594
2020-05-27,0.020654695315026603,0.020734402934805194,0.019378267459389805,0.020287365658228904,0.020944450534725198,0.7454964533857251
2020-05-28,0.020436158392730372,0.020515029405832472,0.02010976826005925,0.022517385598637085,0.019714377096526077,0.44052566100079743
2020-05-29,0.022655721695283182,0.022743173762847176,0.02076825877597138,0.02313392150452131,0.020536833801556804,0.44769011920247687
2020-06-01,0.02226008875617006,0.02234600637896304,0.020569279811424864,0.024326182639211366,0.022148503771858077,0.20192707328424714
2020-06-02,0.022368654411939526,0.02245497662972905,0.02054923884320801,0.024142534592358662,0.02193458011414101,0.20292567151235769
2020-06-03,0.022050138638889348,0.022135236484204793,0.020715294920185204,0.024387398654828932,0.02208490618781527,0.18502835700854825
2020-06-04,0.02205584859075954,0.02211803468534623,0.021156196220955988,0.024256220684214465,0.02153997072454441,0.2257191601539944
2020-06-05,0.022933217699150937,0.02299839485611847,0.02146396979307318,0.024434041811506116,0.021924462066046806,0.26546115667273157
2020-06-08,0.02227591144846936,0.022338841241759628,0.020849853366460818,0.024304320570781912,0.022402899621951952,0.20044715624258747
2020-06-09,0.023653415459942997,0.0237210344952896,0.02210957838963284,0.02468619508346545,0.021956260858068212,0.2562912034145974
2020-06-10,0.02548677490099209,0.025560620572205015,0.024344157267320605,0.027031357845619705,0.024082506633435065,0.36949240920121135
2020-06-11,0.0222258946765796,0.022288657933483853,0.02297706835419992,0.024888791738967082,0.023979875990831574,0.33593286985651033
2020-06-12,0.02300467960636926,0.023070084515145233,0.022553346586401953,0.02440634726347786,0.024052152489152455,0.32711975640842117
2020-06-15,0.024383616575113003,0.02445371626568626,0.022524715851698688,0.0246424653865688,0.022044433995438456,0.20893109188141024
2020-06-16,0.023782015170981143,0.023850078069365923,0.023008565984901506,0.02519632854694518,0.024413512925066196,0.30278272812333384
2020-06-17,0.024739416583698715,0.024810737002949782,0.02319322685171925,0.02654599991034995,0.02377029179025355,0.21467095704298744
2020-06-18,0.02463653900258922,0.024707504331516878,0.023098750341877344,0.026803985661908093,0.02442507562089919,0.10824417524707354
2020-06-19,0.024883751478195236,0.024955549348443993,0.024029224646339022,0.02746133224487069,0.02451469340600823,0.29479117609837163
2020-06-22,0.026401296981657642,0.02647826133471651,0.024523095263650267,0.027729515105660678,0.024847144345378158,0.20786887105150875
2020-06-23,0.0259626042235081,0.02603808124933039,0.025160114093723523,0.028512212739676683,0.026298364679988293,0.1917142625967565
2020-06-24,0.02473656160776362,0.02480787094806842,0.024667679654788586,0.026978887769381468,0.025866177907415126,0.24307153324246367
2020-06-25,0.026191237478325767,0.026267491439958265,0.024372788002023863,0.027198976303641757,0.025169477236653873,0.19238091681552283
2020-06-26,0.02427644559149575,0.024346179042360926,0.024344157267320605,0.02686520167752566,0.026003496637517602,0.34176401962065717
2020-06-29,0.024533645013572046,0.02460426619051358,0.022652120709864196,0.025553421971380996,0.02409406932926806,0.1689899289570665
2020-06-30,0.026235544298345334,0.026311942638471312,0.024494464528947008,0.02769016671851031,0.024928088730131782,0.1867240376562817
2020-07-01,0.026419892610353664,0.02649690163058614,0.024777904979981284,0.028544277477375736,0.026123468566909253,0.15820174865337921
2020-07-02,0.026890001042394376,0.026968630197948786,0.0257040871315769,0.02950770413842617,0.026807161894098715,0.18407125178160577
2020-07-06,0.028187494626752067,0.02827053015823752,0.02668466385658071,0.03029039621240443,0.027401237436179136,0.15076343664399072
2020-07-07,0.02837324308021516,0.02845692764736341,0.02760798457293229,0.031096412644740154,0.028583609929384822,0.17974491485981936
2020-07-08,0.03034092312277771,0.030431289408117883,0.0284955209664705,0.03176541862686261,0.0288582418756671,0.18505601900932694
2020-07-09,0.032015656381747123,0.0321117219259915,0.030470992514206898,0.0333278893150386,0.031092896884592616,0.2743129969219109
2020-07-10,0.031845621234532176,0.031941098677853885,0.03095913480027578,0.0341747164244527,0.032298394769464285,0.27647616538280406
2020-07-13,0.02940496137608615,0.0294921422948554,0.0317435994567314,0.032112309382028824,0.032334533018624725,0.24839923459243846
2020-07-14,0.031261177032523686,0.031354667749962484,0.029513318192663982,0.03071599486194688,0.029328011545139504,0.30759591625882504
2020-07-15,0.030405220243645503,0.030495813929941235,0.02968652785775128,0.03229158723921074,0.03128947925552152,0.21168346095888946
2020-07-16,0.02987653011190975,0.029965303889658724,0.028391018511765887,0.031357311856078825,0.028981108614459003,0.17086817880993926
2020-07-17,0.03025805225042412,0.030348130059995284,0.028630079412746114,0.03247815430588172,0.030198169195163667,0.1164570232782652
2020-07-20,0.032025659736125076,0.03212175858764667,0.03024911114619949,0.0328804285970667,0.030480029894062573,0.12929772403973094
2020-07-21,0.030983954493783807,0.031076507278499522,0.03041373650555466,0.03363834514283498,0.03186042389201329,0.12389256908757583
2020-07-22,0.03161413300377942,0.031708822432344644,0.03065708955940095,0.033666039690863236,0.031019181252455605,0.1863091076446014
2020-07-23,0.02984793659813833,0.029936626932133944,0.030339295503175333,0.032148749869436416,0.03149617416062196,0.21699179890831916
2020-07-24,0.03021803336360975,0.03030798341337466,0.02929572897752263,0.030666443805526918,0.02817165925300006,0.2596134097081175
2020-07-27,0.03151553788657256,0.03160988884323378,0.029736630278293413,0.03323606529161225,0.030237196739801693,0.13433220818145164
2020-07-28,0.030338068146842617,0.030428423353236516,0.02939450310098488,0.03318651423519229,0.03105820879709363,0.1201581989824533
2020-07-29,0.03176702188747611,0.03186223841205332,0.030163218942089707,0.033989611647709736,0.031153605173157836,0.12905983083303424
2020-07-30,0.03261581935930632,0.03271392709487117,0.030774473933458033,0.03368790175929269,0.031062542740310006,0.14591428790748723
2020-07-31,0.032620101823208965,0.03271822617719321,0.03159615909110332,0.03449099917181014,0.032150957991267604,0.1993019494103499
2020-08-03,0.03488070677215442,0.03498652265039891,0.03349862581483669,0.0361365535040709,0.03312952487485043,0.2177248419289543
2020-08-04,0.036123895651417146,0.03623394022008983,0.03423728020361623,0.03724865001449446,0.034965236550962966,0.14692118473583138
2020-08-05,0.03646112737781962,0.03657232066148372,0.03506182679650556,0.03876593983592128,0.03608690075560342,0.10514326495978292
2020-08-06,0.03673977740452705,0.036851914160387356,0.03498309364126016,0.038838815250698704,0.03669831758447201,0.10126505245061122
2020-08-07,0.035962430901310044,0.036071920606166666,0.03582338904950029,0.038015312499642066,0.03648294927901616,0.1691752643622837
2020-08-10,0.0357652461361989,0.035874053427944946,0.03527082624516051,0.03696005625512754,0.03660870531328564,0.22815065002244084
2020-08-11,0.033964757203521316,0.03406744886044674,0.03371621502997803,0.036605876290472246,0.03510254976714278,0.17747109839581143
2020-08-12,0.03733851836342125,0.03745268630182634,0.03560723055198095,0.037553273362692034,0.03462266756349884,0.2534724455352494
2020-08-13,0.03735423166966939,0.037468455073244214,0.0370659345396995,0.03987074713685578,0.03783298913268425,0.1912661381841418
2020-08-14,0.03804584685529515,0.03816242322446095,0.036968591133859266,0.04036485101150487,0.03774048205209764,0.18571714082793755
2020-08-17,0.04246416823347145,0.042595778029869066,0.04100543189419613,0.04256134948432374,0.03959787447213736,0.36196834498940894
2020-08-18,0.04202833592055956,0.04215846399936431,0.04149930251150738,0.044129652652098526,0.04305970810986175,0.28046779209516837
2020-08-19,0.041329583295096076,0.041457330710944165,0.04046288957396478,0.044198152317167415,0.042172209173049424,0.3628839572151834
2020-08-20,0.04134386364407411,0.04147166645492137,0.040806452929649614,0.042919899638649804,0.04031337210527089,0.5694942072312619
2020-08-21,0.04444470660634704,0.04458304797673043,0.043290113192426025,0.04476513160659392,0.04162438441430097,0.6237670527590425
2020-08-24,0.04465476064037635,0.044793817871488686,0.04388418865082154,0.04658558804632806,0.04556755041733075,0.2715578616443538
2020-08-25,0.04482481219549897,0.0449644411196263,0.0430181239431222,0.04697183274868239,0.04410476187296496,0.1322188313219601
2020-08-26,0.04495626141316966,0.045096350748583994,0.043632240369734565,0.04757816598529701,0.045078989299408734,0.15446461234817882
2020-08-27,0.04412889813806291,0.04426617388608753,0.0435263126581622,0.046929565341713754,0.04497636417072791,0.15194737027731847
2020-08-28,0.04709826453615236,0.04724564030936852,0.0452326618525931,0.04737265587001486,0.04436060788472028,0.30378132635144434
2020-08-31,0.0483943196939374,0.048546112711786965,0.04767767089655783,0.04967701351512848,0.04729629750762342,0.2786642296443981
2020-09-01,0.05097007679486007,0.05110690540043282,0.050075438955224455,0.05200177093874354,0.04901492654982188,0.28590890764833576
2020-09-02,0.05397462174700035,0.054120786360571715,0.054272612922050434,0.05470403268537135,0.0560903645466837,0.536731333508987
2020-09-03,0.04636460682176591,0.04648715310589882,0.04944987132688165,0.048750021781447876,0.05103131844389129,0.5859116046934116
2020-09-04,0.04411762590549158,0.044233197846240704,0.04538726672783985,0.0419054596312514,0.044989371514299686,0.9445190165882102
2020-09-08,0.04006102779057093,0.04016402891529952,0.04180850680124659,0.04190254617147087,0.03892285454530331,0.4825940317850221
2020-09-09,0.04464649652421174,0.044763707886523216,0.04329297462767007,0.044977930931365144,0.04277061865834622,0.4414274422261825
2020-09-10,0.04234090109242701,0.042450965684374856,0.044758837664252996,0.04460043216839015,0.04617752811238321,0.41548325169585354
2020-09-11,0.04149900588042456,0.04160644760833081,0.042395423210777716,0.043019012871565225,0.04326496388114606,0.3727758886936413
2020-09-14,0.04554557329445447,0.045665574408046444,0.046188905456513996,0.047307069664726496,0.04670800607042083,0.7633744044889895
2020-09-15,0.04622452704465925,0.04634663984272666,0.04609585966429412,0.04845268764273938,0.047858574257682446,0.43544968385790866
2020-09-16,0.04350011976952206,0.0436137854089321,0.04491629851398951,0.04662202853373564,0.04599250843728729,0.31707568392568053
2020-09-17,0.04320852390366066,0.043321289193491944,0.042036116500496365,0.04382939949357175,0.04122255178601042,0.48037000692241577
2020-09-18,0.04164049673759111,0.04174839389894365,0.04228090027196467,0.04356121663278175,0.04389083821524789,0.4153283444914929
2020-09-21,0.04351585495298044,0.043629559649920366,0.0416510404907558,0.043070026217913206,0.040024282653755364,0.43094631013113865
2020-09-22,0.044204817526865725,0.044320656276685355,0.042369653911318486,0.04453338923321152,0.04378242898168923,0.3793622110790463
2020-09-23,0.041265997183560776,0.0413727328658105,0.042822011874574004,0.044088841975020145,0.04378531827716681,0.3797494790899479
2020-09-24,0.04254816578215191,0.04265886405468135,0.041920162844061304,0.043708424192226876,0.04087564885532992,0.43799735412962554
2020-09-25,0.04555415463016743,0.04567417804226091,0.04371813257384434,0.04505955784555966,0.04304525611855117,0.3389507941414649
2020-09-28,0.046476087615798606,0.04659898941154621,0.044681535226629626,0.047999394445168674,0.04647239615485389,0.32912525146487587
2020-09-29,0.0475667157695181,0.047692991001528434,0.04692040625718344,0.04906776681873332,0.04587832061277347,0.36207899299252366
2020-09-30,0.04930914258624361,0.04944081409610679,0.04794966014586166,0.05033290336820081,0.04715031089108819,0.4089135265109158
2020-10-01,0.04978940751313389,0.04992257385555421,0.04875272959215783,0.052143151578627596,0.050622262576906774,0.2953748443148019
2020-10-02,0.04663190257636364,0.046755276915706634,0.0473598768403322,0.0497542591195767,0.04754058082354576,0.3143869374499923
2020-10-05,0.04994949946829902,0.05008316044203667,0.048074198108028834,0.05075558299792498,0.04760417840758856,0.26412784823519897
2020-10-06,0.05048694595342958,0.050622274116533666,0.05092432412995099,0.05333395598342739,0.05103854719650791,0.47477398416488764
2020-10-07,0.05178768283420396,0.05192704560127413,0.05079405783654144,0.054491233360600126,0.05202000337556832,0.221434316233376
2020-10-08,0.051071559703817354,0.051208705044425054,0.05059507887199492,0.05387615974464393,0.05245507944361906,0.19433662027057585
2020-10-09,0.0506370290849142,0.05077282404136098,0.04910488271432907,0.05330918045521741,0.05067429746511659,0.17220148724747186
2020-10-12,0.05328567011172018,0.053429684264236346,0.052098156949013236,0.05477691366018652,0.051960739734741884,0.2329555395576985
2020-10-13,0.05341289155851381,0.053557294810871986,0.05210674671549964,0.055396363025851277,0.053735743122289195,0.17061922080293107
2020-10-14,0.052538114899534735,0.05267980069498111,0.052073818367176034,0.05505384246035585,0.053701049520867544,0.1232452782693546
2020-10-15,0.05182198629984558,0.051961460138132035,0.05014415162636142,0.05393300001055295,0.05092724866747167,0.11710708029656432
2020-10-16,0.050915755681857425,0.05105241754026463,0.0508069397558939,0.054077294110217534,0.052233927033285374,0.09993451021315645
2020-10-19,0.049121879135972046,0.04925298357954021,0.05001674676819591,0.051828325561160425,0.05146061592098687,0.13843724909700855
2020-10-20,0.04996664026251471,0.050100367710465624,0.0489645959368111,0.0524127967293456,0.049613341549041345,0.09081988095657965
2020-10-21,0.04927625020066187,0.04940783258668957,0.048917354951513004,0.05224080808165276,0.049853285407824646,0.0841699359693837
2020-10-22,0.04834002045814499,0.04846868547342709,0.047888101062834795,0.050808053074163216,0.04926065451348302,0.13318976754929196
2020-10-23,0.049650760693297324,0.04978349361982272,0.04778217335126243,0.05115494938936719,0.04884147508448164,0.09377418263974323
2020-10-26,0.04708357945878505,0.04720835971762927,0.048351910227820746,0.04968138370479926,0.048708495811518204,0.1652887532528784
2020-10-27,0.04854441376402713,0.048673723258422605,0.04691611410431738,0.05057339168096254,0.0480089003313567,0.10555542877138531
2020-10-28,0.04414334256611767,0.044259003279313744,0.0458739782962867,0.04717734842400229,0.04738447064499367,0.19269073122424413
2020-10-29,0.046413207044293234,0.04653590338673391,0.045488902286546146,0.047999394445168674,0.04530592581462024,0.15365964812551908
2020-10-30,0.04361162244076498,0.043725627184149865,0.04402160853234119,0.045375840592917084,0.0453724182080633,0.22056019700876955
2020-11-02,0.043878918195362715,0.04399375099395768,0.04345044093816086,0.04592970375329348,0.04426087205151705,0.1395326643278445
2020-11-03,0.04638748491436459,0.04651009248409049,0.04498644190274849,0.04714090793659471,0.04455429544624895,0.12103231820705977
2020-11-04,0.050817133218137786,0.05095348395115376,0.04912349296492391,0.051421675520266906,0.0484902326966621,0.2160014992804422
2020-11-05,0.05290831558175475,0.05305115717622183,0.05205234668133715,0.05523457704742802,0.05296098736225191,0.1529321375050397
2020-11-06,0.055206779043004306,0.055356734241166786,0.053482419934352446,0.05467488696749059,0.05265599575776435,0.1974126347571657
2020-11-09,0.04988232002498334,0.05001576986533196,0.054070767061505584,0.05301767323606996,0.05521587295344316,0.3354653820433505
2020-11-10,0.04496095407476414,0.04507914894972544,0.04785803961050951,0.04728957778596784,0.04974632082200478,0.3777135558326366
2020-11-11,0.048665925258950554,0.048795596225725144,0.04687603216788368,0.04915521509245114,0.046550451244129945,0.21220903897368448
2020-11-12,0.048887475766956054,0.04901783580957922,0.048771339842752656,0.051299243489031775,0.049009147958866725,0.18528561361579005
2020-11-13,0.04797408583191995,0.04810162807450841,0.04821448488554682,0.04980235900614414,0.04986629275139644,0.17180038823618093
2020-11-16,0.04922194549556691,0.04935335019609176,0.04810425956035412,0.05036642483579012,0.04723703386679699,0.21845511874951162
2020-11-17,0.04869021990091166,0.0488199686313575,0.047799347423480965,0.05122782480414461,0.049434105978823265,0.14809128736876975
2020-11-18,0.04872737834248837,0.048857249223096755,0.04785374745764345,0.05053550002370245,0.04892964822185189,0.28563782004070465
2020-11-19,0.04879313576713906,0.04892320677236078,0.047176646691136484,0.05003993941916309,0.04746975448688634,0.3236813697116306
2020-11-20,0.046777714182550736,0.04690152775821191,0.04721672862757019,0.04983588047373345,0.048864605990070295,0.16818773093448464
2020-11-23,0.04707643108034221,0.04720119458042586,0.04657541218387659,0.04954729227440428,0.04722981062810304,0.1822040667290445
2020-11-24,0.04603443596496537,0.04615594327127873,0.04531282572546051,0.048786462268855475,0.047063582401456736,0.17193039963984075
2020-11-25,0.047618170967980517,0.04774460733724489,0.04592837286969491,0.04957353009254226,0.04642759001926071,0.1120532327542985
2020-11-27,0.047769708933945484,0.04789659028951289,0.04671856585739288,0.05045095964972741,0.04840784366416967,0.0479880389508633
2020-11-30,0.04857158525913356,0.04870096171893633,0.04674719659209614,0.04929513900244494,0.04777185128197364,0.13074997908061192
2020-12-01,0.04850582783448287,0.048635009639242666,0.04741284615687266,0.05078764773562403,0.04908575840040398,0.1376627130752054
2020-12-02,0.049389180359872345,0.04952110738934802,0.04824168490262806,0.05082263149314135,0.04826619099085083,0.12826593141068598
2020-12-03,0.0485627578048055,0.048669418706530174,0.04816438246500468,0.05137503792362747,0.049636466940707336,0.07028637777856155
2020-12-04,0.049490696084644986,0.04959996765514857,0.047591784153202324,0.05172338540868395,0.04883280168412622,0.07217016003159
2020-12-07,0.04976807723315903,0.049878122657041155,0.04857236087820614,0.05237198605226722,0.04971596667772217,0.08669271044039979
2020-12-08,0.04829966794387461,0.04840559944861479,0.04781366552120975,0.051098103563420406,0.04962201494939676,0.12035459918798196
2020-12-09,0.04590189288678316,0.04600108879455897,0.04675578089782827,0.04868880576583031,0.04797710153933529,0.20982734070663966
2020-12-10,0.04613922780197005,0.046239102619401326,0.04477887863246985,0.048579489863645305,0.045482272089360745,0.07598751613904857
2020-12-11,0.046373729618432086,0.0464742503893623,0.04449973579505592,0.04842499309471112,0.04605032743037493,0.07702484116824927
2020-12-14,0.04806376051665526,0.04816901865121313,0.04661120196744423,0.04990876144854863,0.04674847826279764,0.11913470495364194
2020-12-15,0.048359726355260216,0.04846581941854572,0.047042082784106584,0.05054570269297203,0.0487822114436552,0.06578853645194731
2020-12-16,0.04768485817406601,0.04778905853575793,0.04688891408723614,0.050695823712197684,0.048682475610451956,0.08660419203790799
2020-12-17,0.048249634764077176,0.04835541614033903,0.04655823811165806,0.05049760280640459,0.04836014271917624,0.09232192759886225
2020-12-18,0.047853575219364564,0.04795824875645488,0.046704247759664114,0.04986795077147025,0.04843096905583566,0.16886268375348457
2020-12-21,0.04819815768840452,0.04830379433505219,0.046503838077495585,0.049267444454416685,0.046671867821260385,0.1413860183800164
2020-12-22,0.0478893225808814,0.04799409085118307,0.046316310314679504,0.049771750998335355,0.048085510772893955,0.06064617050718969
2020-12-23,0.0463508405872283,0.04645130554160025,0.04595986503964221,0.04948607625878671,0.047719810879841174,0.056195354581899226
2020-12-24,0.04626221053928149,0.046362408614144535,0.045143908213239284,0.049099831556432376,0.046455049354143074,0.0
2020-12-28,0.045726021993739194,0.04582472796708824,0.04474308884890221,0.04807664560965464,0.046601041484600966,0.07930695623249083
2020-12-29,0.045973382140514274,0.04607277845358573,0.04480035031830873,0.04853722245667665,0.045806049628375256,0.05012907781113354
2020-12-30,0.047131523365005465,0.047234170620272686,0.04560914809584726,0.0488549674939621,0.04618330670333837,0.08818092608229307
2020-12-31,0.0466125084294942,0.04671369724164534,0.04524984138556591,0.04896136437632884,0.04702889431395775,0.06537913884042275
2021-01-04,0.04694706566694598,0.04704920615858749,0.04812143909332693,0.04923829317649816,0.04684242999112305,0.32001892080853267
2021-01-05,0.04861278551530038,0.04871960201480595,0.04692469841004951,0.049964144984567395,0.046816409790056815,0.15551300217769104
2021-01-06,0.04409318359236142,0.04418731362028698,0.045788086092176924,0.047043256993607306,0.04752612331831252,0.3337005463936704
2021-01-07,0.04826536994753555,0.048371184911756904,0.046548217627549626,0.048795208208234804,0.04605177207811373,0.2514448208781717
2021-01-08,0.04788073577586588,0.0479854872169686,0.04679586283426197,0.04970178904333846,0.048335572679771455,0.13460606198916064
2021-01-11,0.049852435755808305,0.04996272050217482,0.04988791665316267,0.05157034536964004,0.04866079486652476,0.2907691211851508
2021-01-12,0.04907034736727382,0.0491784223960617,0.048705494067614014,0.05146831867694409,0.050590458270962715,0.1338785513686812
2021-01-13,0.049339136241469794,0.049447979233310194,0.04796397278283615,0.05170152334025451,0.049072745542909524,0.07755318538312216
2021-01-14,0.0474432243870688,0.04754674015902316,0.04781938839169782,0.05050926220556445,0.04956419595630912,0.12809995940601387
2021-01-15,0.04549438062251482,0.045592451721579,0.04624759764354254,0.04857366294408425,0.04755792211033391,0.12440708230205937
2021-01-19,0.046442363896228106,0.04654307399350771,0.04492345756285389,0.04854742512594625,0.046333632777012634,0.08872863369771104
2021-01-20,0.04838976376490686,0.04849592940351119,0.04685026286842446,0.04978778614720376,0.04688579147897745,0.11112378952813469
2021-01-21,0.05125935367643701,0.05137359618279995,0.050106936585926035,0.05093194739532637,0.048659350218785966,0.16590008347008733
2021-01-22,0.050372894587194794,0.05048462690824286,0.049205087555413335,0.05311386744916711,0.0505181872865645,0.10299669369935692
2021-01-25,0.05003402753932758,0.050144813439408284,0.04912921583541198,0.05083574762219147,0.050759575793086584,0.10596482638290987
2021-01-26,0.04878724532828446,0.04889452981483601,0.048077059543272876,0.05171609619919489,0.04959599474833053,0.04570869008669963
2021-01-27,0.04582753224920927,0.04592653308065085,0.04571794270341793,0.048254461176908535,0.047569484806166906,0.18906147672208057
2021-01-28,0.046589624867592966,0.046690752393883275,0.04633062841240829,0.049226633777338304,0.04621800030476002,0.09020025213913709
2021-01-29,0.046239310569472586,0.04633946923595286,0.046301997677705015,0.048940959037789646,0.04667331246899918,0.12010010878081807
2021-02-01,0.04765339327645182,0.04775751552335179,0.045935531918559286,0.04888994569144168,0.046547561948652366,0.08251574832281831
2021-02-02,0.049482120218234574,0.0495913640209341,0.04766049136358501,0.05112142236174013,0.048545162394272146,0.08475360418581397
2021-02-03,0.049331987863026935,0.04944081409610679,0.04972042985856345,0.052468185825402115,0.049916882991867445,0.10202022507186935
2021-02-04,0.05009692998804317,0.05020790493379096,0.04824168490262806,0.05142605126997545,0.049309800106215246,0.07154499881399172
2021-02-05,0.049677997820034445,0.04978779270214477,0.04860671994415176,0.05263871218316695,0.05043146431085571,0.04928538678738363
2021-02-08,0.05452647437506779,0.05464986337341354,0.052823929418440316,0.053696881887462015,0.05044447165442749,0.2328725535553624
2021-02-09,0.05352274796968687,0.05364332568344633,0.053450927764405146,0.056584248410832795,0.053991583620121866,0.13117044149244794
2021-02-10,0.05638806635591949,0.056516687910842675,0.05529327158348796,0.05727803548120298,0.054699852500638774,0.2679535029428911
2021-02-11,0.05917047558468061,0.05930689079011642,0.057396153450144136,0.06067991121776203,0.05768902717341318,0.24407843007080782
2021-02-12,0.05751476456000672,0.05764653706512349,0.05750494805771482,0.05980538956031966,0.05809230444944252,0.19147083698990408
2021-02-16,0.059625144175601066,0.0597628451164908,0.0579701879403228,0.06082566204731688,0.05817469348193495,0.15495976216211732
2021-02-17,0.05719877560473818,0.05732966297448058,0.05711701061273021,0.059834540838238186,0.05879189441568136,0.12231583504319075
2021-02-18,0.05675839830140089,0.056888049861653786,0.05511147215191424,0.058639366243767595,0.05623635667714158,0.09403973784721863
2021-02-19,0.05731601557436408,0.05744723685946107,0.056850749694668745,0.0602237045604108,0.05794486767124585,0.1202190553841664
2021-02-22,0.0540517771981812,0.054173835723728844,0.05660023759195808,0.057181835708068084,0.05650087057532967,0.15767340443850636
2021-02-23,0.05282928415979664,0.052947924504788926,0.05147831765191278,0.05172775559835475,0.052456524091357856,0.20324378452131253
2021-02-24,0.054871045905502625,0.05499540895201084,0.0530128878988784,0.05386449478544631,0.05273116155156281,0.24234402262198423
2021-02-25,0.04805659573030473,0.048161848044439334,0.052257053977126044,0.050717691340664874,0.052284517273756395,0.5024470497438844
2021-02-26,0.050384336368145405,0.05049610206690908,0.04927809237941637,0.05156159943026071,0.050590458270962715,0.27872785224618907
2021-03-01,0.051112098174374704,0.051225912312854005,0.04968177863975176,0.052682441880063595,0.05129872715147962,0.17655271996995908
2021-03-02,0.04862136685101334,0.04872820564902043,0.049656009340292545,0.0517656528156526,0.05144326912027605,0.11495774283606046
2021-03-03,0.04518126305108905,0.04527844915538784,0.04697050867772558,0.04828361245482706,0.04870416186830183,0.19343207284511288
2021-03-04,0.042696269026110664,0.042786474601317,0.04424206464348086,0.044115074233120395,0.04508766269976415,0.3288043722558431
2021-03-05,0.04321814987616214,0.04330981950439611,0.04180850680124659,0.041756789781878266,0.0436378870128928,0.3077093304620177
2021-03-08,0.03825244429010802,0.03833018041771721,0.04135757955561309,0.04109944319891568,0.04305970810986175,0.30789743206731274
2021-03-09,0.04357887225704973,0.04364676691834932,0.042190715914988824,0.043972236863346066,0.041210989090177425,0.29317571525289643
2021-03-10,0.04328137501372864,0.04334853312357603,0.04427068991742984,0.04629408638721836,0.04531748851045324,0.19812354817717792
2021-03-11,0.04628641767240167,0.046360975586703865,0.044650043056682326,0.04790902715163258,0.045950591597171686,0.13971523353298382
2021-03-12,0.045499756946928996,0.04557237839826869,0.043748194026169626,0.047066575791927016,0.044205942353906985,0.1010216268437588
2021-03-15,0.047417781191570585,0.047495123823306715,0.04556906615941356,0.04809996440797435,0.04545769653603331,0.08582412361594909
2021-03-16,0.04798990305491668,0.04806865203466158,0.047319794903898496,0.05013759036215051,0.048300879078349804,0.12049844159203114
2021-03-17,0.048275969455892284,0.04835541614033903,0.04698052916183401,0.04939570896525062,0.046469506859376314,0.1009524718418121
2021-03-18,0.04473597978335754,0.04480672058802519,0.04543879986600401,0.047807000458936634,0.04702889431395775,0.1355521024157917
2021-03-19,0.045441109615603256,0.04551359145577845,0.04393572178898569,0.04719775376254149,0.04479423930503225,0.1392256161192011
2021-03-22,0.04738918220849661,0.04746644686578193,0.046644124855013555,0.04891326448976139,0.04573522329171584,0.13825467989186924
2021-03-23,0.04672837560417813,0.046804027196541725,0.04635782296873524,0.049580813741993586,0.047709692831746975,0.0858656166171171
2021-03-24,0.04428113617475524,0.04435076626165081,0.04529708237086401,0.04733913440242555,0.04711417264192776,0.10231897468027913
2021-03-25,0.04366469108348191,0.04373279232135327,0.04275186848581501,0.04521259788460357,0.043345908265899694,0.13641515684008665
2021-03-26,0.04540392382751375,0.04547631086403919,0.04356209698097557,0.04580435270224006,0.04366390170003637,0.18401039537989267
2021-03-29,0.04602753917444018,0.04610145541111052,0.04474308884890221,0.04770788722602121,0.045200405876539174,0.1214610792191294
2021-03-30,0.04558986917586892,0.04566270835316508,0.04424349536110288,0.04773703850393974,0.045326161910808654,0.07075939799187704
2021-03-31,0.048316015689219435,0.04839556278695964,0.04707930328529626,0.04935489828817224,0.04632929883379626,0.14999166682226545
2021-04-01,0.050967790626390966,0.05105385603727569,0.049366846018770186,0.05243757225755558,0.04954829931725975,0.14549659169572904
2021-04-05,0.05197328908580055,0.05206182675468357,0.050191392611659516,0.053730403355051325,0.05125536566362522,0.10911829447167999
2021-04-06,0.05125241313149134,0.05133918164594206,0.05042186374615333,0.05396652703818001,0.05202000337556832,0.06490888482718511
2021-04-07,0.05286579175436898,0.052956528139003395,0.05150551220823975,0.05360505786403565,0.05133197059123981,0.10608377298625822
2021-04-08,0.053858420944860416,0.05395159613987477,0.05281104749908784,0.05673874517976698,0.05348279191993412,0.10133420745255793
2021-04-09,0.05433328220082373,0.054427618319989074,0.052447443175186154,0.056307319610663466,0.053258744700200186,0.06727951829391844
2021-04-12,0.05896170683675235,0.05906744393783339,0.05785566500150975,0.05609889047556304,0.05369671557765118,0.5334893470177251
2021-04-13,0.06165353894585614,0.06176588383477005,0.059845454646974924,0.061850304723984874,0.05914169215576211,0.39994273965838817
2021-04-14,0.05935077114349373,0.05945744618451412,0.05996283902103201,0.06244352183154938,0.06141681935706443,0.19890085039905897
2021-04-15,0.06427242696674848,0.06439120651480966,0.06279006263949326,0.06479889282301096,0.06163363782418174,0.346187173545169
2021-04-16,0.06298657752753604,0.06310220380148707,0.06251235051970135,0.06616168031546588,0.06389141271085058,0.1641214168200179
2021-04-19,0.059835630284532426,0.05994350502628358,0.06046100179120931,0.06247558656924843,0.06090513284747642,0.2119849767673771
2021-04-20,0.05874574595596077,0.05885094193331242,0.058683073029643124,0.06090145648191258,0.05967217011379973,0.16337730899907127
2021-04-21,0.059828476436787015,0.059936339889080176,0.05791292647091628,0.06171329983380936,0.058489797620594045,0.08221976491448639
2021-04-22,0.05690924713524359,0.05700992282895631,0.058348104901198974,0.05985494617677737,0.059971377613409454,0.12441261470221511
2021-04-23,0.059283531537849904,0.0593900556078094,0.05775546016042549,0.06053561711809744,0.05742306311356364,0.0896359473232519
2021-04-26,0.06050070841414844,0.060610229247416214,0.05858000675331482,0.06184593453431409,0.05887284431435766,0.0690941455450002
2021-04-27,0.05995005356334114,0.060058212856382714,0.059676537134753696,0.06318394649855899,0.0611479660017373,0.04611808769822416
2021-04-28,0.059349332716921055,0.05945600768750306,0.05888491889018796,0.062373559876552485,0.059910669324844235,0.07712995677120828
2021-04-29,0.059623940929038374,0.05973130210408466,0.05833664823871425,0.06153402197662745,0.060115919582205884,0.052082015066108725
2021-04-30,0.05782034543250804,0.05792325903957539,0.05792723910789077,0.06109967738770567,0.058812136025792425,0.0719405654251269
2021-05-03,0.056832015113826934,0.056932495590596446,0.0572501383413838,0.059878270535134843,0.05852593586975448,0.07332366546406117
2021-05-04,0.05405437511689609,0.054148024821085425,0.05376156277176637,0.055346806409393566,0.05570587871910396,0.2126101379849754
2021-05-05,0.05466797070153688,0.0547631327065016,0.05476934497460571,0.057546218341992965,0.05612071869096631,0.13425752077934922
2021-05-06,0.055036990014404444,0.05513305616030165,0.05338221509326818,0.056558016152732545,0.054884866661812026,0.06604026065903333
2021-05-07,0.05669183688927423,0.05679198232742427,0.055669757826742106,0.059203432073413574,0.05669456365078099,0.09090010075883782
2021-05-10,0.05356521163474451,0.053657661427423536,0.054726396142173686,0.05674457765936578,0.05657314155972788,0.11826888432926909
2021-05-11,0.053796907698994464,0.05388993767293278,0.052142531038313,0.053829516587966746,0.0510096376999641,0.12980393865398088
2021-05-12,0.050663123127416776,0.05074845163572862,0.05160142489645794,0.05359194173498554,0.0520763722069945,0.14213012620096305
2021-05-13,0.05012963641733796,0.05021363704355368,0.05057360718615604,0.05213294890935801,0.052216580232574555,0.12967945965047678
2021-05-14,0.053435058641779984,0.05352718482590653,0.05198936234144255,0.0538207706485874,0.05138545564111108,0.11115421772899124
2021-05-17,0.052991656814128305,0.053082700188627985,0.051080354262065475,0.05443293636480084,0.05292918305630784,0.08236084111845766
2021-05-18,0.05213490150707671,0.05222384636860673,0.05242597148934727,0.05531036592198598,0.05356518095242653,0.06111365832034947
2021-05-19,0.05242095696944721,0.05251061047428417,0.05056644813729165,0.052624139324226556,0.049515050363576896,0.17020152459117294
2021-05-20,0.05554903705845726,0.05564636440172559,0.05402639297220582,0.056864096230820387,0.05377043120978818,0.1547052717549534
2021-05-21,0.0577187914226175,0.057821459395583155,0.057108420846243804,0.06035633926091553,0.05874997757556576,0.39771594859570397
2021-05-24,0.06126735696156266,0.06137875858211146,0.06010312579854998,0.06214326867302259,0.05903183827446466,0.31599133349515607
2021-05-25,0.06147189793861385,0.061583790897536586,0.06052398613110391,0.06393020364516741,0.06223204730947854,0.23341472877062464
2021-05-26,0.061770817200599945,0.06188345771975054,0.06038226863596391,0.06453508015189177,0.06204847779604408,0.18848610710588393
2021-05-27,0.06055792278820407,0.060667583162465774,0.06013175653325324,0.06379902567455295,0.061849006129637604,0.33442805701414985
2021-05-28,0.06488600614348161,0.06500630346108507,0.06315223078501864,0.06403806281746216,0.06069988259011477,0.3780372012417472
2021-06-01,0.06500044583019798,0.0651210112911842,0.06378638817984786,0.06638322557961643,0.06514606170237713,0.25927593329861753
2021-06-02,0.06793968184049731,0.06806750167461836,0.06682404196458608,0.06832028713102464,0.06504343657369631,0.3432052098612267
2021-06-03,0.06903530346745196,0.06916580234692264,0.06877231895599552,0.07034625368604092,0.06763655720913532,0.3334128615855721
2021-06-04,0.07251663487005586,0.0726557164263166,0.07107416886568965,0.07333419573225514,0.07001719332067338,0.3590776659080363
2021-06-07,0.07274978029948359,0.07288942022969615,0.07194166429101101,0.07390117502168164,0.07266958862478415,0.33047239090279784
2021-06-08,0.07182296322666842,0.0719603152476592,0.07084799534481619,0.07424077100732104,0.07241518726076761,0.15626540859887128
2021-06-09,0.07128072563249736,0.07139395217350772,0.070581739887509,0.07426847111538706,0.07234870038124723,0.19624253212422732
2021-06-10,0.07166271266172912,0.07177677834384429,0.07010647952079259,0.07380351851865649,0.07139036959385281,0.13131705009657496
2021-06-11,0.07395313624821892,0.07407232421670447,0.07266744222119238,0.07536453247694222,0.07213910515282386,0.2202061233988024
2021-06-14,0.0750604403054367,0.07518208910853419,0.07324146578986247,0.07664132842556956,0.07460503062017726,0.1545558969507485
2021-06-15,0.0737428634420873,0.07386154885237584,0.07310834352196316,0.07702174620836283,0.07465707102230974,0.10037710222561542
2021-06-16,0.0738673228910893,0.07398628787455974,0.07275619039979192,0.07618511620818058,0.07393868409369862,0.1446999260733029
2021-06-17,0.07871426257210394,0.07884405399393608,0.07779651028859348,0.07718644564656663,0.07384472685145055,0.49222594045616025
2021-06-18,0.07860840969040307,0.07873795526762181,0.08088856410749418,0.08201232489119811,0.07968142352368049,0.6023207035553277
2021-06-21,0.07739810772741952,0.07752494676521841,0.07608730511967284,0.07757414707881122,0.07766502611568842,0.39729548618386795
2021-06-22,0.08002758431806349,0.0801602951677724,0.07853374488125958,0.0808579609738059,0.07787462134411177,0.3335069123882196
2021-06-23,0.08100326413992874,0.08113815590021482,0.07961595716496968,0.08389982426611087,0.08097508903199975,0.16214911616449762
2021-06-24,0.08185162953685689,0.08198841155559199,0.08114623525906924,0.08495216149080714,0.08224708482423713,0.15424331634194938
2021-06-25,0.0808530661530904,0.08098761144495789,0.08071965205602723,0.08382258422170041,0.08255207091480203,0.12481094751342818
2021-06-28,0.0863123270712499,0.08645905242230974,0.08491825127972093,0.08629746822457887,0.08301894577487419,0.2749270933391977
2021-06-29,0.08655122620696828,0.08669849927459276,0.0850327632970254,0.08826804568353863,0.08603269048705336,0.18654423465122022
2021-06-30,0.08641247000108057,0.08655941903886127,0.08539780379930341,0.08947342850731657,0.08670771592781008,0.15814642465182188
2021-07-01,0.08761134112171863,0.08776095238259846,0.08707838369427508,0.09037854705249221,0.08743477074285394,0.2643463780413506
2021-07-02,0.08918501260802768,0.0893381467594688,0.08736039888844162,0.09194539905041449,0.0892574750753947,0.16934676876711152
2021-07-06,0.09039531457101123,0.0905511552618722,0.08928862399012563,0.09230978168433937,0.0909760986036705,0.24122924399060325
2021-07-07,0.08852548035120514,0.08867716011766928,0.089477587931318,0.09220338480197263,0.09164679010121084,0.2216722094400727
2021-07-08,0.08584163889313808,0.08598732385494708,0.08522888082632789,0.08852311797531626,0.08588236992730176,0.28036544269228725
2021-07-09,0.08668570541825592,0.08683326948886143,0.08492683558545305,0.08883502497296514,0.08649523140390913,0.137438650868898
2021-07-12,0.08933093360026592,0.08948440307154445,0.08751785427742384,0.0913623846121196,0.08809967262159378,0.15497635936258453
2021-07-13,0.08782877871420076,0.0879788928841305,0.08710845060735464,0.09093241577290634,0.08902764375078293,0.13334744095373047
2021-07-14,0.08549112223082307,0.08563603522744628,0.08685936376151171,0.08882628459362357,0.08878047665330567,0.19516648029393646
2021-07-15,0.08048250996620414,0.08061624949414678,0.08359124430303395,0.08361269279667197,0.08562363462006885,0.3130508628123818
2021-07-16,0.07587444754369767,0.07599793022705346,0.0796402902860526,0.07903313434440098,0.08110662917114705,0.40824963849222734
2021-07-19,0.07941527401952374,0.07954663124893767,0.07898179977014046,0.07782338133095226,0.07465851567004853,0.4503207754765299
2021-07-20,0.0784553239118143,0.07858453381834275,0.07781368982156629,0.0795636731464199,0.07936920316657631,0.23291612120658883
2021-07-21,0.08302188526651329,0.08316127341137478,0.08175892096805958,0.08293348970531766,0.0802480342169559,0.1888851314671165
2021-07-22,0.08407482445630798,0.08421656138217706,0.08382027925915148,0.08604676612247203,0.08464217844100845,0.15625019449844296
2021-07-23,0.08386880676756622,0.08401009603931124,0.0827495236379261,0.08589518837335613,0.08472312282576207,0.06762529330365201
2021-07-26,0.08235805413788043,0.0824959876872532,0.08127220393885844,0.08393626475351845,0.08272841718954253,0.07334510351466465
2021-07-27,0.08186593723234771,0.08200275276913957,0.08230288854515867,0.08292765166568111,0.08246244761577033,0.10440953038912827
2021-07-28,0.08355407028258338,0.08369465497610903,0.0824403138874326,0.08440851211977585,0.08277466797287451,0.07213350788055824
2021-07-29,0.08446396533328517,0.0846065636288578,0.08362560336897959,0.08634993274077934,0.08393101475109128,0.06424292215843826
2021-07-30,0.08353119765928727,0.08367171559791735,0.08234869335208046,0.08597098280795185,0.08334705725710506,0.059205671816639674
2021-08-02,0.0849675240197685,0.08511126276649689,0.08424401194845801,0.08654233228704913,0.08497752418977862,0.08268172032749042
2021-08-03,0.08533950222531975,0.08548405774474867,0.08573850025898992,0.085720280705845,0.08520878913428384,0.14102572081987402
2021-08-04,0.08796611290142349,0.0881165400924213,0.08628820162808566,0.0892649938121784,0.08665423087793882,0.09227006134740222
2021-08-05,0.09004339776724146,0.09019843360693072,0.08866449254015914,0.09226167623773418,0.0896029333583364,0.07852619626051242
2021-08-06,0.08849259890422852,0.08864417860825206,0.08773115133969912,0.09149210029280605,0.08974169673617767,0.055747921719304
2021-08-09,0.0880862844172203,0.08823698003228315,0.08737613678228384,0.09110148540078092,0.08929071300123222,0.03358097739530451
2021-08-10,0.08603194874493426,0.0861780258959654,0.08692951261102498,0.08930580448925676,0.08857378174820522,0.05626036028372915
2021-08-11,0.08467567109668689,0.08481876108148634,0.08474789758912339,0.08694461213827187,0.0869606616162425,0.06088475526390587
2021-08-12,0.0858545136313588,0.08600023204105399,0.08463337465031036,0.08805233845902463,0.08596042501657782,0.037183261446708804
2021-08-13,0.08747396318007544,0.08762330517430766,0.08569269545206813,0.08939909080261113,0.08616278597846189,0.05890553910819092
2021-08-16,0.08611203027298345,0.08625831918920664,0.08611069434937801,0.08707869800862911,0.08749258973594158,0.07813961979963029
2021-08-17,0.08329657551816898,0.08343656782795637,0.08315034300226318,0.08599430160627156,0.08489079018622449,0.07378907862716257
2021-08-18,0.08090456510597328,0.08103923325024473,0.08237160667704992,0.08443765783765661,0.0838211663837165,0.13003145861038556
2021-08-19,0.08524219239421393,0.08538655718307848,0.08730170670141307,0.08305008369691624,0.08378647278229485,0.4624194430671073
2021-08-20,0.09106771062744938,0.09122505008977862,0.08942032646191149,0.08987716508842955,0.08666000946889398,0.39961701959921914
2021-08-23,0.09760281617451504,0.09777471841612444,0.09590217626621307,0.09580640046414304,0.09232614948518392,0.33050765995379067
2021-08-24,0.0966585957809614,0.09682839522651777,0.09568458705107173,0.0992170165800437,0.09684748887732209,0.13790544713203834
2021-08-25,0.09906205891271282,0.09923720496289563,0.09861057933224095,0.1003072510220378,0.0967549762828128,0.17276095121322077
2021-08-26,0.09823228914448069,0.09840560054252888,0.09786620207297332,0.10070370395369949,0.09943194162632835,0.09685572952648878
2021-08-27,0.10148268471589016,0.10166322196770246,0.10005353996536297,0.10290165359637085,0.09933942903181905,0.14303882292654285
2021-08-30,0.10178022571363173,0.10196145576247571,0.10189158617082543,0.10514042503619614,0.10307444996808693,0.11389552200615895
2021-08-31,0.1000688918819465,0.10022367479912293,0.09989893509011623,0.10262764381601983,0.10229391010317179,0.11200759045301369
2021-09-01,0.10038944770485066,0.10054484797208786,0.09991039175260095,0.10400937991712364,0.1010797443318674,0.07184029067230417
2021-09-02,0.10013185449299021,0.10028676082393521,0.09931488557658343,0.1036479107429793,0.1012705370839958,0.06220492425106862
2021-09-03,0.1026902739048051,0.10285042503703283,0.1015652078088677,0.10309405314264064,0.10015466249815583,0.1263102279556329
2021-09-07,0.1016543223687545,0.10181234433465948,0.10106704503869039,0.10497134428824606,0.10309179676879776,0.06930921760105448
2021-09-08,0.09980561059542607,0.09995985554120755,0.09941222898242365,0.10179392727561809,0.10124163310137466,0.10826215554757969
2021-09-09,0.09887839973282676,0.09903073962002983,0.09899995295560184,0.10269177329141793,0.10007949670435737,0.0684440885267011
2021-09-10,0.10060119722267284,0.10075705636385716,0.09950383859626723,0.10350215991342443,0.10028763625719661,0.10407274552964778
2021-09-13,0.09873532277791851,0.0988873603019763,0.1014392391290785,0.10110014576528567,0.10223031251912901,0.13804444868595123
2021-09-14,0.09925046544721892,0.09940353459828162,0.09826702143731038,0.10242941735018898,0.09986556753271764,0.0704488920331363
2021-09-15,0.09981707425358692,0.099971319760733,0.09802080694822006,0.10172979780021998,0.10006214990364654,0.04747767503649655
2021-09-16,0.09925046544721892,0.09940353459828162,0.09750546464506994,0.10150242561650838,0.0993336504408639,0.040212942081994316
2021-09-17,0.09729299112322896,0.09744207008449328,0.09775740200464834,0.10093690305697214,0.10001010950151407,0.13597187327760824
2021-09-20,0.09278862667721564,0.09292842745541431,0.09267270802654701,0.094127324664293,0.09333795429460427,0.17396355669707414
2021-09-21,0.0935498442071901,0.09369121374120605,0.09262689229811666,0.09580640046414304,0.09490481261538969,0.07386030827916769
2021-09-22,0.09752770077318819,0.09767721785445425,0.09569030992155982,0.09724060108144736,0.09460993905899633,0.11814578842580394
2021-09-23,0.1006240917231792,0.10077999574204884,0.09898277342262903,0.10128670727191888,0.0990850276678025,0.1041965329831324
2021-09-24,0.09832896453648983,0.09848015078686663,0.09677253312677848,0.10111763764404433,0.09868030574403439,0.082827637381598
2021-09-27,0.09591936484726872,0.09606560894072602,0.09476842538358453,0.09799269626769233,0.09659886610426072,0.10188675591811218
2021-09-28,0.09041907322132169,0.09055402131675357,0.0925925441536796,0.09406318406881939,0.09373111903646208,0.169557691523049
2021-09-29,0.08937738985619065,0.0895102085046175,0.09029068332247689,0.09299044150558394,0.09214691391496584,0.0833386928459842
2021-09-30,0.09051637211382238,0.09065152187842375,0.09057125687751284,0.09427890241340889,0.09115244487841098,0.08514709614689077
2021-10-01,0.0906652027750213,0.09080064424538077,0.08938596739596587,0.09145128961572765,0.09104837510199137,0.09895665848562994
2021-10-04,0.0848844453139177,0.08500803009506398,0.0875708235939643,0.08767337740612163,0.08962605875000239,0.1713322088730017
2021-10-05,0.08899965794434875,0.08913168141660298,0.08817778643246656,0.08941658268136979,0.08642296593343358,0.125445790431299
2021-10-06,0.09042480505040211,0.09055976436565706,0.0885900515377798,0.09073418930707552,0.08740586676023279,0.13783836678015005
2021-10-07,0.09257113439170792,0.09271048695388227,0.09203711991409577,0.09593465941493926,0.09302573393750009,0.10998065734595551
2021-10-08,0.09117456986082086,0.09131107549278258,0.091372895606187,0.0947861224171081,0.09307777433963256,0.03691079073903876
2021-10-11,0.09039617872081535,0.0905310819385619,0.09055407734454003,0.09324697052725181,0.09003657029257102,0.045299292475175085
2021-10-12,0.09025881171777728,0.09039343473027109,0.09051971827859441,0.09334608376016723,0.09149934780909148,0.04443208875076329
2021-10-13,0.09179272137449218,0.09193048246052081,0.09013607844723015,0.09442465324296373,0.09201970771903491,0.057238212011255674
2021-10-14,0.09641159113885259,0.09655884385883967,0.09451647710249755,0.09680917551234386,0.0941589663518962,0.10076229558645862
2021-10-15,0.09707552071493149,0.09722412958296124,0.09552425930533688,0.09995744680709107,0.09717704500729177,0.08928602301340154
2021-10-18,0.0991359820060821,0.09928882676818247,0.09758562851793735,0.09985249553453909,0.0968243634856561,0.06335289728338407
2021-10-19,0.09952517757608485,0.0996788290148632,0.09808951415860274,0.10214374261064033,0.0998713461236728,0.04397497418789552
2021-10-20,0.09845488975857729,0.09860633377563198,0.09839872390909622,0.10182308411357435,0.10003902451198055,0.0334654885420535
2021-10-21,0.1018260147146444,0.10198439514066739,0.09999055562546837,0.10241192547143033,0.09883641592258646,0.06203618604631862
2021-10-22,0.1020206124996458,0.10217939626400775,0.10238974894100274,0.10519872759203316,0.1030339777757101,0.10476982794927066
2021-10-25,0.10453898567813354,0.10470291383048476,0.10367810469887802,0.10641722098482348,0.10390124061633405,0.09152733662649452
2021-10-26,0.11341613408922814,0.11359829492925537,0.1145804460163893,0.11314517802334587,0.10977552018546322,0.26833108925352017
2021-10-27,0.11189366621346385,0.11207272235767189,0.11361274574998366,0.11523236059397973,0.11257968069706437,0.10242270718319922
2021-10-28,0.11469818236316302,0.11488299856025593,0.11281110702130952,0.11663742661347876,0.11491551067300923,0.09427209865375959
2021-10-29,0.1182811115300779,0.11847326831706066,0.1171571466106313,0.11941839069444504,0.11562666333508106,0.13458877323867396
2021-11-01,0.11976923218578013,0.11996443729092705,0.11821645649088051,0.12074182423971183,0.11937325248110461,0.11608082006767508
2021-11-02,0.12305453284611255,0.1232564732529585,0.1227056552144729,0.1240824839606533,0.12037350010861461,0.1357014772199966
2021-11-03,0.12418205144558343,0.1243863224072393,0.12331261805297515,0.12661859509922482,0.12527643603285493,0.09821808306483905
2021-11-04,0.1425144644867219,0.14275636680417972,0.14954349322867835,0.13176658957081258,0.12850844385989021,0.7301018584023673
2021-11-05,0.14223402052877554,0.14247534027783537,0.14974390291084688,0.1451292284545785,0.145610911629489,0.5209971874660708
2021-11-08,0.14825514289868297,0.14850883430787587,0.14802610251468554,0.14802679764721888,0.1453912038668941,0.2802278242384133
2021-11-09,0.14741377820902862,0.14766574378970213,0.15495458741175455,0.14835912110348246,0.1577237204991387,0.3795655267847696
2021-11-10,0.14055699016273193,0.14079490229039138,0.14659459854404824,0.14144459143825133,0.14080626689071316,0.37227658957958604
2021-11-11,0.14588560038139414,0.14613442816921512,0.1451058331040044,0.14726888666148835,0.14723558894336206,0.1620218709609157
2021-11-12,0.14588560038139414,0.14613442816921512,0.14562117540715452,0.1464118513227669,0.144587538610313,0.21795581963545635
2021-11-15,0.14379652369926188,0.1440410594960395,0.14541503193298935,0.1441789179225782,0.14772125525188382,0.1984921443375539
2021-11-16,0.14481530162528145,0.1450619329299839,0.14396062555889114,0.146854941851068,0.14313631827570286,0.11521223324322437
2021-11-17,0.13942373973418065,0.13965932102634784,0.14464202939977275,0.14157285038904752,0.14694649397792386,0.2286430336363014
2021-11-18,0.1532403027939347,0.15350423669640226,0.157531277084488,0.15627058777727784,0.15821516539861563,0.47290057516215117
2021-11-19,0.16073808216138347,0.16101743548078368,0.1594094270694013,0.15967538809369292,0.1574982231177433,0.3015040521373391
2021-11-22,0.15484860590403882,0.15511584561013048,0.16833627499615905,0.15964623125573665,0.1648641841860141,0.45396870182921895
2021-11-23,0.15364669385117874,0.15391144621151193,0.1552408838372786,0.15369950400126448,0.15340473104103927,0.3003256509041671
2021-11-24,0.1589581304598099,0.15923376482190676,0.15807525558309565,0.15397935182125208,0.15297688372560514,0.2332446074658357
2021-11-26,0.1522558720879772,0.15251777779931575,0.15724498065896397,0.1564396685252279,0.1595623049289608,0.12806469035502105
2021-11-29,0.1629760113819249,0.16325991558177558,0.16126464188632803,0.1604391259989845,0.15820938680766045,0.24693868095132387
2021-11-30,0.15896957224076053,0.1592452290414322,0.1609268177833941,0.1594363509507837,0.16285213174908372,0.36249807230432074
2021-12-01,0.15188869593007154,0.15212777555263501,0.16056035748500266,0.15661456507266353,0.16314123774236725,0.26727301772373546
2021-12-02,0.15584415023279347,0.15609084028769155,0.15591655388616354,0.15454487438078832,0.15154878878266098,0.2593354066002917
2021-12-03,0.14764135588845267,0.14787222007170872,0.15391817993496623,0.14932691239416593,0.15609325356646514,0.30873628224092636
2021-12-06,0.143886274954233,0.1441098885697553,0.14310744823129856,0.1371303023869898,0.14383590272801902,0.3879969046221129
2021-12-07,0.15756708992450608,0.15781714609237812,0.15575050326994064,0.1523644054968001,0.1500628748466292,0.34243413158952085
2021-12-08,0.15412685486132038,0.15437026659276767,0.15484006447294152,0.15685360221557273,0.15608747497550998,0.26117562120209376
2021-12-09,0.14647932598984298,0.14670795638057002,0.15435335836524894,0.15106429074985306,0.15455529922830089,0.27013534325430993
2021-12-10,0.14480784149659282,0.1450332614420295,0.14919993533374779,0.14775861478642888,0.15117874943246917,0.2703552561605005
2021-12-13,0.13314763847903532,0.13335053257972573,0.14341093511130396,0.13758504675441305,0.14596938276992516,0.3460931227425214
2021-12-14,0.13415509494876054,0.13435994179414468,0.13415768697957134,0.1325361655157407,0.13122587036793726,0.39359638512973827
2021-12-15,0.14630186899905728,0.1465301625256586,0.1445904908008543,0.1359642735104,0.13527889025226447,0.4152156218383198
2021-12-16,0.13444129261299753,0.13464670043025173,0.1483696604096161,0.13745096088405578,0.15119031764222482,0.4214872889648672
2021-12-17,0.13108690372275683,0.13128584633364526,0.1355548428057716,0.1355095291429768,0.1328794626922768,0.42590767668930113
2021-12-20,0.13061753911586393,0.13081555079372328,0.13109999222661628,0.13192400535956503,0.12894785938508,0.25169861973531615
2021-12-21,0.13837956236708332,0.13859256883602009,0.13668859368840014,0.13341650853270637,0.13512856969251288,0.2949467748527517
2021-12-22,0.14023993469346463,0.14045652184899748,0.13917940753928665,0.13952647849549205,0.13811774436528726,0.20559782078757866
2021-12-23,0.14161375786431696,0.14183298299276473,0.14206531788402216,0.14525166048581364,0.14311318185619154,0.16952518867213406
2021-12-27,0.1490838406836138,0.14931749935005098,0.1479516615123062,0.14647015387860393,0.14256391796362697,0.21147737905308822
2021-12-28,0.14551765852113047,0.14574443686167518,0.1493430835465098,0.14863895780339456,0.15211539947593639,0.22316803213218012
2021-12-29,0.14368018069525545,0.1439034122877487,0.14486534148540217,0.14487269943291062,0.14610814614776643,0.16960610002441173
2021-12-30,0.14130463288375833,0.141523284978466,0.14434427631176397,0.14588715056038454,0.14352947198971533,0.14590322310717574
2021-12-31,0.1403028973045084,0.14051960787380977,0.14189926726779925,0.14466864604751872,0.14264486234838059,0.11662714458305413
2022-01-03,0.14436710321928675,0.14459164832920268,0.14579868268586216,0.14731552425812777,0.14346009581471736,0.20308265336677672
2022-01-04,0.1396102648286069,0.1398256506617338,0.14440726065165857,0.13894347517727262,0.14613127153943242,0.2968616768566562
2022-01-05,0.12995925386002455,0.13015599717936444,0.1383834916811006,0.13418609559771,0.1384530790862121,0.27674448679035735
2022-01-06,0.1332449483101411,0.13344803314139592,0.13278344447834056,0.1314575960329442,0.1308847460282119,0.24640065503617847
2022-01-07,0.12791571459098733,0.12810850726257214,0.13269183486449698,0.13141094731622927,0.13378141913432234,0.21580164132481622
2022-01-10,0.12879152494814977,0.12898600137846303,0.127234935874499,0.12317298410573138,0.1247618547138667,0.3435599750212133
2022-01-11,0.13117851454059754,0.13137760384641195,0.13064764518486935,0.13013998940723848,0.12905192916149963,0.21175607371093352
2022-01-12,0.13222030729177975,0.1324214275976888,0.13368242661285495,0.13462334808637458,0.13335356079104288,0.19745758550843107
2022-01-13,0.12406902283892692,0.12425441824785201,0.13302393609694282,0.12815190894944456,0.13515747367513403,0.3058635834600599
2022-01-14,0.12616981476713768,0.12635925114055313,0.12567746322407247,0.12647283314959448,0.12313717739999364,0.20604594520019337
2022-01-18,0.12022236390268189,0.12040031829399113,0.12247662025835539,0.1239075874132177,0.1229059124554884,0.2257122446537997
2022-01-19,0.11543693199823064,0.11560563819942705,0.12193264175974773,0.11972155731275236,0.1218594140446464,0.27000256565057223
2022-01-20,0.11018782356154648,0.11034640561384453,0.11641276935136367,0.11404301291907021,0.11737854684488505,0.2332577469162056
2022-01-21,0.10574585291911089,0.10589584900957787,0.11208389837350614,0.10929147137914413,0.10698870647457287,0.4295037367905302
2022-01-24,0.10573440019955517,0.10588437385091164,0.10382125291164006,0.0954449312899987,0.10018356648077698,0.5643725877870883
2022-01-25,0.09973541756640113,0.09987381919906281,0.10131899331977738,0.10192802426605083,0.10143242585350304,0.39192352563264726
2022-01-26,0.10229987508823966,0.10244321552192313,0.10769776592624207,0.10367705646086006,0.10544497354545346,0.4550917790608336
2022-01-27,0.09756022124619602,0.09769442512288319,0.10734276229033536,0.10003323012161125,0.10734139902405387,0.3288105962060183
2022-01-28,0.10268910347405778,0.10283321776860387,0.10083227629057624,0.09782361551974225,0.09834495999526419,0.3083552381802
2022-01-31,0.1121111694375767,0.11227345559077496,0.11028593410447739,0.10806131302715621,0.10510962779668329,0.32281278288717985
2022-02-01,0.11298125890426385,0.11314521759690312,0.11392767837096525,0.11294695155751502,0.11622218903882295,0.2911709117464612
2022-02-02,0.11643868945469078,0.11660931530408329,0.11777555519010972,0.11681232316091439,0.12021161133910738,0.30810973792328916
2022-02-03,0.10903153643062234,0.10918788497160932,0.11353830474760433,0.11230564568345858,0.11248716810255507,0.21596692177946886
2022-02-04,0.11115523379794458,0.11131566818164286,0.11100740896028412,0.11144278342517608,0.10967722899999877,0.17769031975198252
2022-02-07,0.11349643438937963,0.11366139189320844,0.11413953379410995,0.11476595126735889,0.11198993358427764,0.19293139063101866
2022-02-08,0.11567161977097963,0.11584078596938803,0.11441438447865783,0.11347166343997289,0.11191476779047918,0.21609209233299242
2022-02-09,0.12481319802213174,0.12499999726521481,0.12297478302853267,0.12147642754719815,0.11921714230255251,0.2948755452007466
2022-02-10,0.11977015102860981,0.11994723002249809,0.12411997965213738,0.12291646620413899,0.12137374773612464,0.28721178788501184
2022-02-11,0.10903726825970277,0.10919361708137205,0.11969377618994818,0.11226483500638021,0.12091698541022403,0.35102249128128316
2022-02-14,0.11085757247554674,0.11101743438686958,0.1123816514615149,0.11215988373382824,0.10945752123740388,0.2368835436682718
2022-02-15,0.12361110001298468,0.12379559786659626,0.12194409842223246,0.11815908662457636,0.11532601118773256,0.41630273846892213
2022-02-16,0.12370267801501005,0.12388735537936295,0.12215596476688571,0.12263661838415141,0.12290013386453325,0.4389904199575803
2022-02-17,0.11223137376918883,0.11239389553063682,0.117592325040914,0.11455024404284489,0.11926339308588449,0.4928753059244399
2022-02-18,0.10727993759350764,0.10743289673982757,0.11301723957396613,0.10834116084714382,0.1137013338738595,0.45875422796393156
2022-02-22,0.10583741998253117,0.10598760652234455,0.10773784786267578,0.1077581464088489,0.10425971175677021,0.37035131432538954
2022-02-23,0.10009601962263247,0.10023513901864838,0.10825892395782254,0.10368289450049661,0.10869432817319957,0.3240790109728242
2022-02-24,0.10788670201925392,0.10804082854889956,0.10622618001917107,0.09545658512912081,0.09258053982135514,0.44115151376841516
2022-02-25,0.11022789167208387,0.11038655226046513,0.10861392759372927,0.1099794259699155,0.10822600866538862,0.29804561048998396
2022-02-28,0.11153300946420695,0.11169419526965736,0.11117919336850367,0.11188004703391613,0.10979286698617405,0.26239828163651163
2022-03-01,0.10633545467343127,0.10648657355022091,0.10953010018272503,0.10852772235377706,0.11152161407646671,0.21726565271602816
2022-03-02,0.11061211017675916,0.1107478720800507,0.10971333033192075,0.11017765243574634,0.1084283696272727,0.2017652505796918
2022-03-03,0.10771520656825607,0.10784583836469998,0.10923806996520434,0.11049247289317576,0.11135393568815896,0.18478977225183213
2022-03-04,0.10326101750390669,0.10338380660176709,0.10553906422930996,0.1047381451849734,0.10627755381250106,0.2306533695428924
2022-03-07,0.09419231224003277,0.09429914555027806,0.10183433562292747,0.0980218419855731,0.10299928417428847,0.24407358922067157
2022-03-08,0.09511979656775997,0.09522826147145577,0.09805515509265712,0.09405735714925834,0.09428038292902666,0.3178246325967634
2022-03-09,0.10370758605773923,0.10383115182435661,0.10290509124415285,0.1033680629229917,0.10051312261074666,0.27306405758675323
2022-03-10,0.1016694067052085,0.10178940495646781,0.10043145692623916,0.10124006967527946,0.10134570287779426,0.22833736852769693
2022-03-11,0.09847475426546669,0.09858912650720301,0.10247564660586679,0.10219620712684083,0.10418454596297172,0.18625170899298565
2022-03-14,0.09406635420212997,0.09417297350065347,0.09741956698020589,0.09702489385693336,0.0975181693470171,0.19879988409621674
2022-03-15,0.10347282171475446,0.10359600405439563,0.10186296089687645,0.09797520438893367,0.0954887701093759,0.27254816127223075
2022-03-16,0.11219229013311184,0.11233080950582454,0.11078981974514278,0.10876093257712521,0.10694823428219608,0.39663021506514057
2022-03-17,0.11373811193079732,0.11387933239474048,0.11219268752032253,0.11304023787086939,0.11053293465871236,0.2586791256318174
2022-03-18,0.12339646270341205,0.12355470704773179,0.12208152376450639,0.11722626797133473,0.11445874834710862,0.4376370565694832
2022-03-21,0.12500527992795663,0.12516631596146002,0.12541979207249743,0.12505611329097333,0.12433400739843256,0.3415171362637074
2022-03-22,0.12380297408531234,0.12396191656284146,0.12591223197218665,0.1256682845672245,0.12560599216282461,0.3105910193931372
2022-03-23,0.11870756398910341,0.11885753845397869,0.1223277382535967,0.12277071537458414,0.12213115118152845,0.279549413669316
2022-03-24,0.13311212082822588,0.13328744655491345,0.13210777442945562,0.12470630907602659,0.12236242715387899,0.5390597824245329
2022-03-25,0.13048998404161433,0.13066069631700353,0.13232536364459696,0.13265859754697584,0.1323070623802009,0.3327268439662607
2022-03-28,0.13350715761336024,0.1336831809113569,0.13170695506511854,0.13227963649407282,0.13155543752575224,0.2265587018776275
2022-03-29,0.13600906819114944,0.13618949120940496,0.13569225722653697,0.13679215201116518,0.13698451195089115,0.27046521261359574
2022-03-30,0.13047853132205856,0.13064923209747809,0.13311555663229496,0.1340111879301989,0.13472384776874474,0.2528327617672423
2022-03-31,0.1281655632704261,0.12833217987386691,0.1316954984026338,0.1326527706274148,0.13170575808550386,0.2942932600843553
2022-04-01,0.12487928907423844,0.12504014391183543,0.12738954074974573,0.12680515660585806,0.12935258130884814,0.2900021922135617
2022-04-04,0.12858924826235746,0.12875659665740555,0.12774455530716103,0.12882238278153277,0.1256117817816251,0.20693666162526703
2022-04-05,0.12040792639985802,0.1205609048804736,0.1263760356764183,0.12419908907232738,0.12865298582868664,0.2342494296441215
2022-04-06,0.11168275896823555,0.11182036731928195,0.11481520384299489,0.11360576043040563,0.11523928821202375,0.41904404274608986
2022-04-07,0.11054343761384523,0.11067905394547568,0.11150557173046143,0.11054494852945176,0.11238887691709062,0.3181876963569837
2022-04-08,0.10430872804045625,0.10443335152366588,0.10693048626351355,0.10811961558299327,0.1093592300519394,0.2952206286604607
2022-04-11,0.0974270437289171,0.09753957064616346,0.09775167913416026,0.09994578184789346,0.09951288601108196,0.33009272994211036
2022-04-12,0.0950625220313762,0.0951709075564062,0.10007071949833578,0.09774199416558552,0.1013803964792159,0.3902928506867438
2022-04-13,0.09906444352862796,0.09917985104784609,0.0987823637404605,0.09875060725342286,0.09670294690852566,0.2898002596078773
2022-04-14,0.09365413286835948,0.09376003187578107,0.10036847258634456,0.09704821265525307,0.10119537129019734,0.3258673593231662
2022-04-18,0.09665986465915478,0.09677105225060897,0.09642324143985127,0.09655848453031252,0.09365017465170845,0.2958568546783705
2022-04-19,0.09903579532183097,0.09915117955989168,0.09805515509265712,0.09792855567221873,0.09665668509734834,0.2869220284268551
2022-04-20,0.09493657493207851,0.09504473550678162,0.09975578687735422,0.09726393099984257,0.10126475849304062,0.25662729672405843
2022-04-21,0.08749955951604527,0.08759463368635326,0.09816395516098207,0.09026777998045468,0.09659308751330553,0.3861096646189871
2022-04-22,0.08367514970260476,0.08376347311068405,0.08725016810249464,0.08735271890905566,0.08846392235298511,0.36432860520585025
2022-04-25,0.0858908079231314,0.08598302477262504,0.08415239141310586,0.08499735347763179,0.082098197884379,0.37598329768392985
2022-04-26,0.07951294482459835,0.0795939430327617,0.08325340927859148,0.08251371797533627,0.08508159396619823,0.38398937225930085
2022-04-27,0.07737745564096181,0.07745469560320271,0.07969755175545912,0.08029827645390622,0.078606010102372,0.27770989061753343
2022-04-28,0.08520375413583874,0.08529478873117104,0.0846791903787407,0.08146429421042053,0.08073947911643282,0.32671796584711077
2022-04-29,0.07813318199116841,0.07821174977923173,0.08520025555237891,0.08162170999917301,0.08325455569044111,0.2783841518865139
2022-05-02,0.08377822417860634,0.08386671672125771,0.0820280378606108,0.0808871178117622,0.07827645397240234,0.3279088149806332
2022-05-03,0.08417323908653043,0.08426244013856041,0.08346527562324475,0.0852130607021458,0.08324298748068545,0.26131393120598717
2022-05-04,0.08836408123272874,0.08846065264357791,0.08675772820280542,0.08298595422151814,0.0862668557548815,0.3810240057758258
2022-05-05,0.0798335553405281,0.07991511620572665,0.08403786847429283,0.08152259676625759,0.08594307821586698,0.36544753313734807
2022-05-06,0.07886599196365841,0.07894585363792832,0.08167302330319551,0.07854923313902151,0.07940389676799796,0.37026487057295615
2022-05-09,0.06899005045808991,0.06905253848340497,0.07447542151357528,0.07176880046422313,0.07534509829271557,0.3779811856901704
2022-05-10,0.07268278134315231,0.07275177302140534,0.07414904315161754,0.07292316438161534,0.0733503816286507,0.4589056774181948
2022-05-11,0.06715797630314187,0.0672172460192412,0.0716009678313245,0.0702588054123231,0.07137302279314198,0.3957623197907093
2022-05-12,0.06455302406516643,0.06460770304976025,0.06607536163094381,0.06442285078992624,0.06485118814598378,0.4224291800913815
2022-05-13,0.07331829242314163,0.0733883872575725,0.0726030162421672,0.07040455624187797,0.06814101496610671,0.39594903829596545
2022-05-16,0.07078776645437077,0.07085340547157006,0.07180137751349304,0.0733954117478727,0.0723096728366092,0.29291430934553786
2022-05-17,0.0760148664175629,0.07608969867896093,0.07513964582148405,0.07647371552758525,0.07557636323722079,0.33743906579890975
2022-05-18,0.06892134507936065,0.06898370940968918,0.07369096231787393,0.07198451880881263,0.07344289422315999,0.3093144180572009
2022-05-19,0.06998622922594126,0.0700504725391577,0.07122305087044832,0.0712265967030066,0.06900249921577545,0.3619752604896036
2022-05-20,0.06752441957450478,0.06758430888773026,0.06963694202456427,0.0655189121514814,0.07128629981743319,0.4434363950327345
2022-05-23,0.06869232350406139,0.0687543046886317,0.0668025702787472,0.06799088825461708,0.06516918709404312,0.3748235683012835
2022-05-24,0.06443280879494917,0.0644872631098984,0.06498169268474899,0.06566466298103626,0.06653368445294447,0.33932008185186036
2022-05-25,0.06913318210602376,0.06919591780145849,0.06792486449889101,0.0669472914092624,0.06370061995872217,0.4725001677008797
2022-05-26,0.07414844504255279,0.07422000261708003,0.07354208031311528,0.06707555036005858,0.06379312152538612,0.6214897785449373
2022-05-27,0.07964461281437134,0.07972585813128978,0.07805991523216518,0.07919055013315346,0.07622392934309516,0.4429343297186014
2022-05-31,0.0788488402308376,0.07892865730864014,0.07988651569665149,0.08064808066885296,0.08081464491023128,0.39156668582260223
2022-06-01,0.07683353350160299,0.07690983887980223,0.07904478411003507,0.07931880908394964,0.07933452059299999,0.30886698519460565
2022-06-02,0.08411598642735689,0.08420508622351085,0.08228570901218586,0.07976189961225075,0.07683679081970253,0.38088638732195185
2022-06-03,0.07912363986854444,0.07920394078608096,0.08064234961840384,0.08165085571705377,0.081404392023018,0.34639394700098963
2022-06-06,0.0795014811664375,0.07958246787409548,0.08067097489235282,0.08189571977952403,0.08173394815298768,0.224423195417513
2022-06-07,0.08030302933347212,0.08038541174564862,0.07874130815153822,0.07970359705641372,0.07787751063958936,0.20126180216551975
2022-06-08,0.07873399581573196,0.07879101010034933,0.07977199275783844,0.08172665015164948,0.07976814649938929,0.18351524556595417
2022-06-09,0.0752981361945924,0.07534985177136085,0.07835766832017396,0.07884657283776775,0.07792955104172183,0.20586752529517088
2022-06-10,0.06914799297734989,0.06919018569169576,0.07128031233985484,0.07201366452669339,0.07283581133750779,0.25405058135152386
2022-06-13,0.06154906432839981,0.06157949181521455,0.06334977903194314,0.06465022297363784,0.06358498197254689,0.350110336805606
2022-06-14,0.06263135179571888,0.06266345674354162,0.061941177464766725,0.06351917785456535,0.06202968634759447,0.2571155310378022
2022-06-15,0.0665883046873416,0.06662652147859816,0.06653344246468741,0.06651586028012116,0.06413424586511146,0.3222982696726963
2022-06-16,0.06128566271722313,0.06131566708772879,0.06123115381069044,0.06345504837916727,0.06277553261108794,0.3097210494686476
2022-06-17,0.06288331709524751,0.06291580631236117,0.06153462976918729,0.06302944972962482,0.061549798630027866,0.368215807865275
2022-06-21,0.06681162724937578,0.06685019408989291,0.06733508119336157,0.06932014871944492,0.0663313234910604,0.266388525248837
2022-06-22,0.06563199713513557,0.06566873406946604,0.06535388677513708,0.06799671517417813,0.0648916603383606,0.2346090356542444
2022-06-23,0.06485893309582122,0.06489447262500807,0.06491297455285773,0.06609026163057871,0.06658571382723162,0.2529662309209994
2022-06-24,0.07001839966358539,0.07006193675868315,0.06809091511511392,0.06875462615990866,0.06647586545985683,0.25882573423594446
2022-06-27,0.06854671973137148,0.06858797505324572,0.06917886119082067,0.07059694466807226,0.07117066183125792,0.22826959662578916
2022-06-28,0.06346741673119487,0.06350080421281189,0.0684459296725292,0.06662663291219642,0.06878857004413573,0.2512159178217281
2022-06-29,0.06094780202102652,0.060977286646334894,0.06053257589759031,0.062108290475543025,0.06250957406516107,0.26587885288448976
2022-06-30,0.058754589818196507,0.05878068530172634,0.05908389785473449,0.06031261512405662,0.05989043322865582,0.4067600397502952
2022-07-01,0.055112597652961476,0.05513305616030165,0.0561979820492447,0.05757245616013095,0.057219257503940774,0.3317545246388899
2022-07-05,0.057637944192210244,0.05766230583654136,0.055671188544364134,0.05560770562073223,0.053033258346650125,0.38278192592531124
2022-07-06,0.0585885144460333,0.058614361135910745,0.05766384508582763,0.05988701091447642,0.05786103399101464,0.2981839204938774
2022-07-07,0.06275733718013447,0.0627896287931662,0.06124832788290897,0.06338508642417037,0.06043970263514306,0.2731753971398875
2022-07-08,0.06264280998457716,0.06267492643263746,0.06177512684854382,0.06338508642417037,0.06028937656146881,0.25593436360455235
2022-07-11,0.05871449436114633,0.058740538655105715,0.05885485743786269,0.06133871453061488,0.0608444245589112,0.23473766395786527
2022-07-12,0.05831364370739321,0.05833906671932915,0.05830515606876695,0.060400063397774435,0.05935272651800158,0.24937224546982872
2022-07-13,0.058783210678480705,0.05880935678968073,0.05798450057729729,0.0579980548096734,0.05543269142056047,0.2932407209547263
2022-07-14,0.059974298981579216,0.060002291968773824,0.058545647687369196,0.05953137421993087,0.05842764468429003,0.24781764102606663
2022-07-15,0.06220760664145941,0.062239045429573384,0.06031498668244897,0.0637115718407974,0.06161340172799333,0.19920167465752714
2022-07-18,0.06414885354476083,0.0641832972053624,0.06669949308091032,0.06695895636846,0.06533107586355039,0.39600436229752284
2022-07-19,0.06925105651474635,0.06929341836312868,0.06791914162840293,0.06795007757753871,0.06639492107510321,0.4180295388675315
2022-07-20,0.07391808895742946,0.07396764757869011,0.07263165243762473,0.0716172227151072,0.06906031820886309,0.4582583865999736
2022-07-21,0.07530959985275325,0.0753613159908863,0.07383983340112404,0.07595483056468844,0.07448361404304682,0.31753556468862615
2022-07-22,0.07112360350862104,0.07116884653477228,0.07282632832779662,0.07357613521486939,0.0745298648263788,0.3034431583919249
2022-07-25,0.06943430002763802,0.06947694432780281,0.06799930550127034,0.070731041658505,0.06947659731454156,0.26476960665326443
2022-07-26,0.06662264096879857,0.06666093601545604,0.06682547268220809,0.06973409352986526,0.06872497246009292,0.20745186638977003
2022-07-27,0.0738207353719032,0.0738701579561607,0.07264883197059754,0.07227019354836126,0.06955176310834002,0.32633692178638435
2022-07-28,0.07493167104601926,0.07498278890287179,0.07381693099766315,0.07534267040851275,0.07500397395299024,0.260549768434476
2022-07-29,0.07595667303834945,0.07600940538571968,0.07441243717368068,0.07681185478333438,0.07406732390952302,0.23345068937163693
2022-08-01,0.07754861199520108,0.07760380703101896,0.07785950554999665,0.07854923313902151,0.07620079292358384,0.2618104641199646
2022-08-02,0.07803535804562217,0.0780912989002291,0.07838629359412293,0.07914390141643851,0.07585388999290334,0.2708407242741664
2022-08-03,0.08013693755340125,0.08019614273207097,0.07855807800234249,0.07940625735766746,0.0762123611333395,0.22147719233458296
2022-08-04,0.08198084727908406,0.08204289941576018,0.08031023746444946,0.08303842985779414,0.08005724146482748,0.21560316646922917
2022-08-05,0.08068667903068141,0.08074673156523418,0.0800525663128744,0.08249039917701656,0.07983174408343209,0.1992936508101163
2022-08-08,0.07383790898193424,0.07388735428544888,0.0743838118997317,0.07418830649112057,0.07226920064423238,0.611312928458459
2022-08-09,0.06978934527247078,0.06983253203762566,0.06984880836921753,0.07116830526724505,0.07082375890057742,0.3944456085536439
2022-08-10,0.07557873329301035,0.07563087829770518,0.07369096231787393,0.07462555897978512,0.07340242203078318,0.3454555136245727
2022-08-11,0.0746911420581387,0.07474190902314808,0.07706358969181058,0.07788459734656983,0.0759059303950358,0.2845334146596156
2022-08-12,0.07908327641566894,0.07914085476126868,0.07712657403170518,0.07833351479443201,0.07607359775549823,0.2629342329015987
2022-08-15,0.08093291797043217,0.08099334355472061,0.0796803722224863,0.08218140563914819,0.07920153580611389,0.2488072491039241
2022-08-16,0.08005677945511624,0.08011584943882974,0.0795544035426971,0.08152842368581864,0.08046774197955078,0.2443633486788283
2022-08-17,0.07694161785874737,0.07699586428280619,0.07695478962348563,0.07945290607438238,0.07817238419598271,0.24129217504237477
2022-08-18,0.07944978531866254,0.07950791762975774,0.07796829469681305,0.07967445133853293,0.076888831221835,0.2196106988320412
2022-08-19,0.0741585960680998,0.07420853839755459,0.07599282314907664,0.07726661027083312,0.07749591410748721,0.23768850789093154
2022-08-22,0.06949157456402179,0.06953429824285239,0.07048439648166878,0.07257918708622962,0.07219981344138908,0.21556236501808057
2022-08-23,0.07033335492067053,0.07037737782188537,0.06995187464554585,0.07260250588454936,0.06930315136312398,0.18817214339704585
2022-08-24,0.07056815207947068,0.07061252559184635,0.06961403962110338,0.07216525339588478,0.06943612512216475,0.2937545426191904
2022-08-25,0.07452505027806781,0.07457559032690288,0.07271181631049214,0.07180378422174044,0.06846479250512122,0.4652796939476234
2022-08-26,0.06505933928013882,0.06509520585811117,0.0725801138387063,0.06832902751036621,0.07432172527353957,0.46419810971717684
2022-08-29,0.06243093467279616,0.06246271804086814,0.06349865011519323,0.06558887410647829,0.06370061995872217,0.2754084121527468
2022-08-30,0.06052403498955683,0.060552880801937034,0.061786572589519986,0.06217825243053992,0.063353711514119,0.29895499876558324
2022-08-31,0.058382365494030156,0.05840789032347454,0.058929292979487735,0.06087813212355512,0.06002341250161927,0.3290574795629681
2022-09-01,0.051756928945922265,0.05177219659412477,0.05228711542945132,0.05103106062824179,0.05322983520365636,0.747552431593601
2022-09-02,0.050096284610341366,0.05010897134468009,0.051090374746173894,0.05290252485428614,0.05259962692633817,0.44623855571161536
2022-09-06,0.04905407072286225,0.04906515306297364,0.048845780845132,0.05150329687442367,0.05046615239835468,0.3028069323740152
2022-09-07,0.05050327729086673,0.05049323054245733,0.04918361586957447,0.05147414559650514,0.049494814267388484,0.2868362762244412
2022-09-08,0.05208423388818259,0.052076162498660775,0.050157039006468174,0.05160824258693789,0.04889350997269144,0.36443925320896503
2022-09-09,0.05435827691351221,0.05435306260608096,0.05282536013606233,0.05602164487111482,0.05292918305630784,0.26882485596741973
2022-09-12,0.0550342061394026,0.05502982348886873,0.053243359033372226,0.056441411041058466,0.05415492255129058,0.26712848376966686
2022-09-13,0.04716379771939819,0.04714957277513902,0.04966459910677895,0.05003410693956429,0.05087665842700066,0.42673615361262274
2022-09-14,0.047146618640064586,0.047132370976280466,0.046045757243751984,0.04894970497716899,0.04770824818400818,0.33929034520102325
2022-09-15,0.04600672300890574,0.04599105213290382,0.04571937342103996,0.04823259910847908,0.04632640953831868,0.2944211968379567
2022-09-16,0.047547584149171415,0.04753383744248664,0.04559912761173883,0.04722398602064173,0.0447479830077776,0.3961661850020781
2022-09-19,0.04860155156784696,0.04858912541328894,0.0470363599136185,0.049515227536705224,0.04630906273760785,0.3262739907346129
2022-09-20,0.04742156594894048,0.047407659923291684,0.04715087739167727,0.04978924287709401,0.04748276183045812,0.295246216011181
2022-09-21,0.047908448731925526,0.047895157262072205,0.05028873601749975,0.05009823641496238,0.04747119913462512,0.4908587460676737
2022-09-22,0.04389877723294956,0.04388047619129923,0.045238390183835464,0.046122097739525504,0.046644402972455354,0.4573068137731869
2022-09-23,0.043641009003407255,0.04362238904314657,0.04215779302741951,0.04512514405084802,0.04288625664452149,0.39101966975720376
2022-09-26,0.04199133061945447,0.041970633482797726,0.04243264371196738,0.04487444750877894,0.04329676267316747,0.3108233801996782
2022-09-27,0.04305101345930275,0.04303165903293314,0.04287354501273816,0.04513097653044682,0.04338926975375408,0.3153260623764287
2022-09-28,0.044901196475019195,0.04488414782638507,0.043371707782915464,0.045690666610384255,0.04282843765143385,0.30741473015372467
2022-09-29,0.04194550880262643,0.04192475472641438,0.041522204914968275,0.04331197682060294,0.04304814541402875,0.3007405809158474
2022-09-30,0.04148153692805541,0.04146019676582553,0.04228376716796299,0.04406406088677243,0.04096092718329991,0.3234752878058294
2022-10-03,0.043618103564295796,0.043599449664954895,0.04254143831953805,0.0442389629942458,0.04246418792004253,0.31091673945230625
2022-10-04,0.047370017772334586,0.047356043587575225,0.04564493787941491,0.048751478511338146,0.04554008556852572,0.3362993913668279
2022-10-05,0.047610590514635606,0.047596923467298935,0.04622326452245963,0.0472473103789992,0.045725105243621625,0.2830147708168658
2022-10-06,0.047158071359620315,0.0471438406653763,0.048141480061543784,0.05005742573788401,0.047511671327001945,0.3777751037843692
2022-10-07,0.04112065593739364,0.04109887694623997,0.04249562805186198,0.04375506734890406,0.043377707057921086,0.3973604918856979
2022-10-10,0.038795048327550444,0.03877036050310334,0.039369220627769944,0.040175370485053354,0.040671837731784385,0.41549362494614556
2022-10-11,0.03831388643504072,0.03828860074365592,0.03777738891139781,0.03944660521720359,0.03791971762231572,0.3939055079884401
2022-10-12,0.03782126088437014,0.03779536582554227,0.037141800798946564,0.039808074391347946,0.03802379291265799,0.2729589419837942
2022-10-13,0.0404562013082692,0.04043358575254802,0.0391058266057068,0.03670644625327794,0.034508474225062355,0.5201970640935474
2022-10-14,0.03625749977429556,0.036229641137767776,0.039294785086144896,0.03898602837018158,0.04078747571795967,0.42568223138295486
2022-10-17,0.040043761202396416,0.040020644127675614,0.038361443885684895,0.0408108549995865,0.037671100363177,0.3339425889004839
2022-10-18,0.04049628582671426,0.04047373239916863,0.04147639464729219,0.04139969635744246,0.04244684111933171,0.388290121830367
2022-10-19,0.04097745318852655,0.04095549215861605,0.0406633047168876,0.04265900042731114,0.03975831859390583,0.29407957112833993
2022-10-20,0.04179657422467892,0.041775637829027754,0.04306250349317625,0.0442389629942458,0.04111125325697418,0.38347416749479785
2022-10-21,0.0433546144442782,0.04333562493746913,0.04151075371323783,0.04296799952521726,0.041024524767342724,0.35380390545957996
2022-10-24,0.044116444536139124,0.044098416692831266,0.04272466846873378,0.04399993141137432,0.04339505385863192,0.29015571631788345
2022-10-25,0.047908448731925526,0.047895157262072205,0.0461030187131585,0.047498001361030516,0.04447046176601774,0.2818744048347645
2022-10-26,0.045817703912513164,0.045801788588896566,0.04660690435382389,0.0477545303826984,0.045482272089360745,0.30087197541954613
2022-10-27,0.04742156594894048,0.047407659923291684,0.04918361586957447,0.05016819836995929,0.049882194904368474,0.3355601243960175
2022-10-28,0.051190642828405186,0.05118146111434095,0.04925232854071143,0.04981256167541374,0.04684098534338427,0.2926335400376342
2022-10-31,0.04926027983719353,0.049248679027647776,0.04918361586957447,0.0511884708569565,0.05073789504915939,0.2686374459121441
2022-11-01,0.049523768957211126,0.04951250375513355,0.04968177863975176,0.0524827586843425,0.050928693315210466,0.2316229226701853
2022-11-02,0.04766786505101937,0.047654277382348495,0.05131369229255761,0.05068708333285609,0.05115418518268319,0.39746422438861795
2022-11-03,0.048824939761511824,0.0488127980245837,0.048857232046862445,0.04920040151923805,0.04648829830782593,0.27812827837931103
2022-11-04,0.05303509948434376,0.05302821779803016,0.05142248690012828,0.05352051749006063,0.05194050363855347,0.3559352626195777
2022-11-07,0.053865667770749304,0.05385982768796731,0.05247034557864705,0.05501886426287627,0.053339689084953804,0.2158860104271912
2022-11-08,0.0555898325862348,0.05558614443179466,0.05521310771062053,0.05654635119353494,0.05665264129674272,0.34398251208310776
2022-11-09,0.050858420983145525,0.05084881825228017,0.051319420623799974,0.05388198666420498,0.05295809255285165,0.24655832844061698
2022-11-10,0.062165684437354984,0.06217022182542799,0.06026345354428482,0.05847612353545408,0.05664686270578756,0.4169597109874159
2022-11-11,0.06547078397294612,0.0654794650558884,0.06379068033271393,0.0639272901853869,0.06246910187278426,0.38561036550493183
2022-11-14,0.06528748576702885,0.06529593909121426,0.06465531432279124,0.06649254148180142,0.06484540955502861,0.2973443787702443
2022-11-15,0.06741262703022631,0.0674237223012478,0.06727781972395504,0.06917439788989005,0.06775941843400456,0.3098088763211199
2022-11-16,0.0630821754669413,0.06308786258793948,0.06363607545746718,0.06620686674225279,0.0645216320160141,0.38150255838929703
2022-11-17,0.061747534379612,0.06175154809079286,0.06308638500988,0.06423628372325527,0.06193717926700784,0.42392707743354724
2022-11-18,0.06021240506842675,0.06021450036054314,0.061574717166375276,0.061816783256395565,0.06338839960161799,0.27260071907371025
2022-11-21,0.05968542135908898,0.059686856375142,0.05856855555158437,0.06158357859308516,0.058653136551762755,0.21220558122358713
2022-11-22,0.06381537922921546,0.06382197738577683,0.061895372657844935,0.06182844265555542,0.05969963496260476,0.2593188093998245
2022-11-23,0.06657059508565992,0.06658063178307404,0.0645808733204119,0.06722713922925,0.06415159266582228,0.22776683976163659
2022-11-25,0.06514431036467455,0.06515255977316073,0.06435182744278582,0.06795007757753871,0.06542358845805968,0.04844307886367266
2022-11-28,0.06260673993420943,0.06261183493825478,0.0636074501835182,0.06534401004400803,0.06373530253229848,0.14236041235744562
2022-11-29,0.06152986160711989,0.061533607589260825,0.061173892341283925,0.06414883544953745,0.06258473434503686,0.13865577890316017
2022-11-30,0.06890953138583611,0.06889768400668522,0.0668884570221027,0.06459775289739961,0.06183310397666557,0.32324016079921053
2022-12-01,0.07012419785226068,0.07011355856396999,0.06880666710043258,0.07064942030434823,0.06936097035621161,0.2580124714130511
2022-12-02,0.06864026668231762,0.06862812169986635,0.0669056365550755,0.06954169398359547,0.06739516870261322,0.18914238807435824
2022-12-05,0.0671162017702065,0.06710254912828284,0.0672606511124908,0.06969910977234792,0.0675108066887885,0.1759102700018741
2022-12-06,0.06354667786386041,0.06352948117033666,0.06484426734247505,0.0658920407247856,0.06664932243911975,0.1762138604604202
2022-12-07,0.06430869938131085,0.06429227292569879,0.0626283041761364,0.0650058596681834,0.06226674091090019,0.1898332465438059
2022-12-08,0.07031901440936436,0.07030855968731035,0.06831423812225192,0.06670825426635318,0.06516340850308797,0.2887719247289297
2022-12-09,0.06935643903642724,0.06934502922927474,0.07062754469443079,0.07263166272250562,0.07029183078087833,0.2541128208532759
2022-12-12,0.07241604345741545,0.07240766047024873,0.07036987354285573,0.0715939039167875,0.06958067811880651,0.24857350519734417
2022-12-13,0.07549281054982959,0.07548749897965165,0.077538850058527,0.07692263297544741,0.0782186349793147,0.3863724536263846
2022-12-14,0.073212461418651,0.07320486129289835,0.07445825290211103,0.07522606529683867,0.0750733501279882,0.275931223967464
2022-12-15,0.06907569973614279,0.06906400270293042,0.06912159972141416,0.07102838135725126,0.0702108863961247,0.26324404731032
2022-12-16,0.06689273700630581,0.06687886557784731,0.06752404513455393,0.06933764059820358,0.06858043049129649,0.26302966680428513
2022-12-19,0.06507645819714428,0.06506079132125327,0.06505039989513167,0.06779266178878623,0.06689215559338063,0.17714399523660346
2022-12-20,0.06410817287233699,0.06409152875345493,0.06333832236945841,0.06608443471101766,0.06395501029489338,0.21118277874479524
2022-12-21,0.06649166211114783,0.06647739911164113,0.06515347709296854,0.06754195968667942,0.06424410526033157,0.1570793629717841
2022-12-22,0.05983391839283188,0.05981302842476657,0.06235345349158854,0.06042921467569295,0.06412846727415629,0.32306519864428535
2022-12-23,0.059071885936776314,0.05905024213897482,0.05777836256388638,0.06043504715529175,0.05893644189840046,0.17388471999485489
2022-12-27,0.05285529616276084,0.05282748456492707,0.056409848393897954,0.05561353254029328,0.058231067827283794,0.25381130504478827
2022-12-28,0.052368293055119544,0.05233998722614654,0.051611445380566376,0.05461075193205473,0.051599379298828144,0.17508801702872767
2022-12-29,0.05561696579622334,0.055591876541557395,0.05402209535858547,0.05661048622897078,0.05434572081734165,0.1777553254538124
2022-12-30,0.05567999403889776,0.05565496803594007,0.05371289106884626,0.05664546442645036,0.05395255607548384,0.14702768343882927
2023-01-03,0.05396684439876337,0.05394012098120855,0.055814342217880425,0.055846737203603704,0.05694173074825824,0.20981143505619193
2023-01-04,0.05645347921450905,0.056429224010827644,0.05499551849547918,0.056692107583127545,0.05529971214759703,0.23059043849112087
2023-01-05,0.05368037326939849,0.0536533623451015,0.05334070243921245,0.056149903821911006,0.05486029662240724,0.2014374558704644
2023-01-06,0.057083734294740465,0.057060106137232086,0.05589450609074785,0.0554852735894971,0.05476200543694279,0.2124165039795246
2023-01-09,0.06148975521146459,0.06147052156444853,0.06188391599536021,0.06193921528763071,0.05944523911251087,0.2810092757604111
2023-01-10,0.06309975927466416,0.06308213047817675,0.061345671288749196,0.06386898762954984,0.06073457067761376,0.19793337192182442
2023-01-11,0.06362687424726331,0.06360976899400751,0.061723588249625386,0.06439952643156877,0.06265990013883534,0.17662256652192526
2023-01-12,0.06654895852474184,0.0665347530266907,0.0652107276408665,0.06398558718118619,0.06416316087557794,0.31363522257883153
2023-01-13,0.06877202218093154,0.06876003679839442,0.0668426522151809,0.06790926690046031,0.06519231248570911,0.2416296514518747
2023-01-17,0.07337289793987727,0.07336544787938083,0.07145781961856248,0.07218857219420452,0.06878279145318056,0.2857609159441698
2023-01-18,0.07151077543667746,0.07150149486640345,0.0722880836211856,0.07442150559439323,0.0732231864605651,0.23633030365269808
2023-01-19,0.06800427430370323,0.06799150746369917,0.06841730439858024,0.07120911594432341,0.06957488850000601,0.24553345131176668
2023-01-20,0.07415783036574172,0.07415118448250502,0.07219075113685396,0.07175714662510102,0.06943034653120958,0.32301125774276696
2023-01-23,0.08191566413120192,0.0819167273661356,0.08014418684822655,0.0775464580908207,0.07551854424413317,0.38538630329862444
2023-01-24,0.08232819174591563,0.08232965805186723,0.08157569081886386,0.08338823407274087,0.07993003526889654,0.2754582037541485
2023-01-25,0.08266050656931877,0.0826623063834984,0.0808599388335452,0.0819890060928784,0.08042726978717397,0.24318563899567575
2023-01-26,0.08540495883832977,0.08540949656127016,0.08541784476752026,0.08605843108166963,0.08498330278073378,0.27084625667432216
2023-01-27,0.08863069879380932,0.08863844649848934,0.08806326349365352,0.086798861308717,0.08360145862112162,0.30722662854842964
2023-01-30,0.08173805399994462,0.08173893351122419,0.0852689627627616,0.08531217393506121,0.08642296593343358,0.27020726445633453
2023-01-31,0.08388661481669395,0.08388965609944939,0.08267508263554676,0.0841461561785469,0.08191318372320576,0.27671198393944235
2023-02-01,0.09194239430828498,0.09195343277785324,0.09129273173331957,0.08799986282274866,0.08492548378764614,0.3890612001020728
2023-02-02,0.09633123614567551,0.09634663546707035,0.09562732558166522,0.09434886992844355,0.09249381684564634,0.32253339667931513
2023-02-03,0.09284193049994255,0.0928538662719358,0.09445922655459961,0.09486774377126486,0.09249381684564634,0.22923638355300424
2023-02-06,0.09277891319587324,0.0927907802471235,0.09345716722224835,0.09485025189250618,0.09137215264100589,0.24502516204745833
2023-02-07,0.09898975473290063,0.09900780024183815,0.09740239836874164,0.09697241822065736,0.09470245165350562,0.3916012633235756
2023-02-08,0.09917309669323836,0.09919132620651229,0.10094679922938928,0.10197466186269027,0.10051312261074666,0.31933497783927967
2023-02-09,0.09992939185091092,0.09994838038254132,0.10175989462054814,0.10262764381601983,0.10177933981202889,0.29459477589284294
2023-02-10,0.0937873103856384,0.09380017852240169,0.09636597997044476,0.09499601384213655,0.09648323914593077,0.3131705009657496
2023-02-13,0.09678385374813683,0.09679972373856338,0.09619420648373377,0.0958763568591022,0.09560440809555118,0.26073856158979053
2023-02-14,0.10356192759202378,0.10358453983487016,0.10192594523677105,0.09823172229052604,0.0958356730400564,0.3994323757440214
2023-02-15,0.10237592027100133,0.10239733676553979,0.1008150967576034,0.10254602246186306,0.10144977265421387,0.22315696733186863
2023-02-16,0.09800999481132737,0.09802707345451438,0.09906866016598452,0.10150242561650838,0.0990445554754257,0.21724490621544412
2023-02-17,0.09449205189740251,0.09450562183228464,0.09443059035914206,0.09595215129369791,0.09614211480620544,0.25449317336398286
2023-02-21,0.090292272910825,0.0903016772175044,0.09302198879196565,0.0938707956426251,0.09249381684564634,0.21585419912629572
2023-02-22,0.09085951615628968,0.09086946237995579,0.0907888460926542,0.09272225864479394,0.09079976335677532,0.2872007230847004
2023-02-23,0.10753250998562015,0.10755906878945216,0.10673007658134502,0.10790389723840377,0.10660133135151556,0.7054577819086365
2023-02-24,0.10536674274302445,0.10539113893279799,0.10435950853975963,0.10744915287098053,0.10535825056974465,0.340126429174559
2023-02-27,0.10659859375808516,0.1066242207585117,0.10668426085291464,0.11040502461945795,0.10793113510899527,0.24557632741297364
2023-02-28,0.10496568972507671,0.10498967246659181,0.10636933915344164,0.10895914792288056,0.10620816660965776,0.24762953942077154
2023-03-01,0.10199777269216502,0.10201880967752529,0.10311123471831805,0.1048897229340893,0.10516744678977091,0.2504393071498665
2023-03-02,0.10552717926425072,0.10555172551928048,0.10382125291164006,0.10444663240578819,0.1010970911325782,0.20160826872527277
2023-03-03,0.10882738924335529,0.10885523663997816,0.1067987837917277,0.10851605739457942,0.10590751446230923,0.21749870507258856
2023-03-06,0.10690227131329642,0.10692819760218848,0.1087914348724369,0.11059741304565224,0.10920890949218781,0.2348123513599677
2023-03-07,0.10540087119098422,0.10540261409146422,0.10808713954960299,0.10916320130827245,0.10752641318522713,0.28856307662305064
2023-03-08,0.11051823506765958,0.11052419946875595,0.10851659510939761,0.11023011695194684,0.10687306848839762,0.2874697360422731
2023-03-09,0.10624900687720494,0.1062514367194007,0.1099710014834958,0.1099910798090376,0.11085092257892637,0.27895260600251587
2023-03-10,0.10354989512639691,0.10355012529801229,0.1052355882708131,0.10616069196315558,0.1064220957812975,0.26070190943875876
2023-03-13,0.10355562695547733,0.103555857407775,0.10335172633692029,0.1036595757021769,0.1026234772609868,0.2240663556074679
2023-03-14,0.1098420433152464,0.10984743858596817,0.108625384256214,0.11043999725689979,0.10692510889053009,0.26073233763961534
2023-03-15,0.11078758728001899,0.11079376177557483,0.10900902408757825,0.10985699393868037,0.10845727360989385,0.2950166214047179
2023-03-16,0.11831177244021614,0.11832415688924443,0.11646429702877355,0.11297027035583473,0.1099952279480581,0.3356569413987429
2023-03-17,0.11936619928030652,0.11937944486004672,0.12110810062761267,0.12331290801572517,0.12129858194232618,0.5191210122632565
2023-03-20,0.12036902872006795,0.12038311102556216,0.11896084467165673,0.12017630168017557,0.11917667011017569,0.23157451416882258
2023-03-21,0.12208248464114559,0.1220979526107233,0.12106801869117896,0.12163967025551164,0.12244337153863263,0.3108683309509435
2023-03-22,0.12362399662841562,0.1236407433898765,0.12792206258586866,0.12663024893834693,0.12385989827182112,0.48367769066552707
2023-03-23,0.12776714645631115,0.1277873340896072,0.12740672028271854,0.12927130022939493,0.12784932057210555,0.3229573168412485
2023-03-24,0.12540617980543273,0.12542440310961267,0.12550567881585292,0.12731820352911832,0.12736365426358376,0.24690825275046735
2023-03-27,0.12398502529024645,0.12400206320946207,0.124549435211932,0.12737650608495535,0.1262419900589433,0.18197585522262033
2023-03-28,0.12329159429617155,0.12330809505824535,0.12176086827303671,0.12437399673983851,0.12398710446775205,0.1785720460268031
2023-03-29,0.12658093130179154,0.12660013102027684,0.12499605938319087,0.1287290964681784,0.12617261388394535,0.20456741125857264
2023-03-30,0.12886744980625514,0.12888850081679284,0.12740672028271854,0.1316733032574582,0.12850844385989021,0.18438936479056062
2023-03-31,0.13112525447229106,0.13114819912535444,0.12932493036104842,0.13169079513621687,0.12799386254090198,0.23239469249191064
2023-04-03,0.1322025758128878,0.13222642647434843,0.13027545109448124,0.13303755859987887,0.13012734258280811,0.20804037545633658
2023-04-04,0.12926854657862336,0.12928996728299902,0.13027545109448124,0.1328684778519288,0.13276960329705667,0.18720812266990866
2023-04-05,0.12599069510837446,0.12600940647963377,0.12453797854944727,0.12755141375246648,0.12619573927561134,0.2884669511703447
2023-04-06,0.12688466355002836,0.1269041078639536,0.12500751604567562,0.12773797525909972,0.1247792015145775,0.2073059493356625
2023-04-10,0.12999061484089014,0.1300126178613109,0.12810529273506438,0.1291488681981598,0.12616104567418968,0.20566351803942806
2023-04-11,0.12764107903235722,0.12766116203998262,0.12907299300147002,0.131813227167452,0.13137042336457902,0.1497164299145175
2023-04-12,0.12377869038195634,0.12379559786659626,0.1272292130040109,0.12786040729033485,0.129323677326227,0.24091873803186248
2023-04-13,0.1235953265444084,0.12361206096278134,0.12390239043699604,0.1271666257800024,0.12564646435520144,0.17685077802834942
2023-04-14,0.12528584421055922,0.12530396316975081,0.12387948803353514,0.1265311357054315,0.12431666059772173,0.20592699859684505
2023-04-17,0.12668409328663405,0.12670337463085052,0.12458379427787762,0.12777295901661703,0.12466935314720273,0.15462159420259786
2023-04-18,0.130494884536706,0.13051731699895,0.1309053163364444,0.133159990631114,0.1302661059606494,0.35056606826843484
2023-04-19,0.13200774831717899,0.13203142535100806,0.13027545109448124,0.13243122536326424,0.12927163692409452,0.1803396478765611
2023-04-20,0.12726859765097065,0.12728836706173083,0.1304472355027008,0.1310786349800412,0.13106398159843,0.22809325137082503
2023-04-21,0.12735456414857188,0.1273743924647348,0.12559729935120506,0.12945786173602816,0.12690689193768315,0.1709643042626452
2023-04-24,0.12691330081822022,0.126932779351908,0.12664515256896955,0.1291605220372819,0.12725958448716415,0.166938791599327
2023-04-25,0.12232314489228753,0.12233883249044701,0.1259637596495965,0.1265602925433878,0.12763539140046581,0.19407867211331464
2023-04-26,0.12642048384196014,0.12643954443379435,0.1264390200163129,0.12935874850311274,0.12719598690312134,0.21331067815469562
2023-04-27,0.12796771671970553,0.12798806732271029,0.12738381787925765,0.12889233917649193,0.1292832051338502,0.19313401478672254
2023-04-28,0.13096480701245972,0.13098761253887198,0.1288897519307657,0.13149256867038603,0.12848531846822422,0.13439029838308691
2023-05-01,0.13761794010871958,0.13764624564641342,0.13633357913098484,0.13562613425465087,0.13204110383427403,0.3267193489471497
2023-05-02,0.1336065676566482,0.13363155910607005,0.13506240290608237,0.13739265832821876,0.13689778897518234,0.21081625723447767
2023-05-03,0.13126849550627606,0.13129157844340797,0.13237690224351542,0.1338304533431267,0.13204110383427403,0.19743960520792492
2023-05-04,0.12989318468512806,0.12991511729964073,0.12946807857381043,0.13247786295990366,0.13094834361225471,0.1548836916599759
2023-05-05,0.13629992570116556,0.13632713841769575,0.13459858828034213,0.1353404595151022,0.1319601594495204,0.18229950063173095
2023-05-08,0.138998982758948,0.1390284388999434,0.13726118653944822,0.13894930209683368,0.13598426432338112,0.17087855206023123
2023-05-09,0.1356752657174506,0.13570198840105405,0.1358468621017837,0.1395323165351286,0.13816399514861924,0.15005598097407585
2023-05-10,0.13747467719752432,0.1375028663283599,0.13664851175196643,0.13959644601052668,0.13877685662522662,0.18773231758466474
2023-05-11,0.13571541039822382,0.13574213504767466,0.13571517055150642,0.13834296886021907,0.13814664834790844,0.1550904651157966
2023-05-12,0.1343515413580264,0.13437714906257364,0.13474174741461273,0.13717693998362926,0.13602473651575794,0.12194654733279532
2023-05-15,0.13786435406615216,0.13789285763589987,0.1358239596983228,0.13779493817944147,0.1359033199386275,0.13557284891637572
2023-05-16,0.13935427959169838,0.13938402660976623,0.14098310560031205,0.14175942301575625,0.13782864939984907,0.24309435439310612
2023-05-17,0.14488426953053352,0.14491855361193037,0.1428669566126963,0.1452458335662526,0.1421245024384372,0.23142790556469556
2023-05-18,0.15348007701806232,0.1535214439648312,0.15219463482529969,0.15043463871491872,0.14690024319459188,0.45008910622000836
2023-05-19,0.15110763577041791,0.15114704876531124,0.15077458751714712,0.15390939542629292,0.15341050963199443,0.26003940452010926
2023-05-22,0.15060334419739185,0.15064234962767215,0.15043102962221655,0.15253348624475016,0.14973908627976937,0.18956492513625267
2023-05-23,0.1478068351066371,0.14784353764461355,0.14910259192790756,0.15224781150520153,0.15031148659184526,0.1786750869797037
2023-05-24,0.14694725763946576,0.1469832507971516,0.14520317650984463,0.1474379562893629,0.14574388538852978,0.43120564138843887
2023-05-25,0.1895939036834708,0.18966505423002464,0.19601011080498426,0.18725185204023417,0.1938077126605352,1.0
2023-05-26,0.19512960357417608,0.19520531334195151,0.19423503801790784,0.19258641913853064,0.1901478575180658,0.42634957715174066
2023-05-30,0.201805696802573,0.2018868967668254,0.21008465889275507,0.20657289425774536,0.2057875477711441,0.5708862974204493
2023-05-31,0.1887572754098314,0.1888277067607544,0.20067680588577572,0.19417220862502635,0.19938711867327102,0.6256425364118374
2023-06-01,0.1998515587531432,0.19993117530194054,0.19927393811059596,0.19719222096897734,0.1936111302896063,0.37204630342310346
2023-06-02,0.19731290540077168,0.1973904504670346,0.20185064962634652,0.20137823994936718,0.2029082214657445,0.2661409503418678
2023-06-05,0.19641898071353825,0.19649576002185554,0.19649681691267684,0.1993318791758872,0.1960394838879058,0.20622713130529374
2023-06-06,0.19345632514968703,0.193530618403411,0.19417778747000988,0.19607282968902698,0.1955827325898505,0.20113386541191836
2023-06-07,0.18672219168254828,0.18676874168529586,0.1961189108733092,0.19145537401945814,0.19607417748932746,0.28638054476161234
2023-06-08,0.19265393471005854,0.19270473515366618,0.19248287855580087,0.19232407431737722,0.18918808208293258,0.22121855262730228
2023-06-09,0.1941440352532866,0.19419591506667333,0.1973328147072966,0.19851566563431963,0.19677954053259877,0.22809601757090292
2023-06-12,0.19822459438271234,0.19827940880245093,0.1962964072305083,0.1988129942129904,0.19772198019486648,0.20111450201137326
2023-06-13,0.20705056106047237,0.20711171481555002,0.20529199513217442,0.20535440086495504,0.20342280278473274,0.3563723222318809
2023-06-14,0.2183695233528527,0.2184388669071717,0.2161656893327196,0.21008843940604696,0.20711157293766866,0.4443769030592099
2023-06-15,0.21639801479849974,0.21646592723471716,0.2178205163104949,0.21938749134065821,0.21739155391276072,0.3255388730639193
2023-06-16,0.2166215123782158,0.2166896107851527,0.22029415062840857,0.222384173766214,0.222294489837001,0.3857638896092535
2023-06-20,0.2230174241751891,0.22309014580540074,0.22183445466737084,0.2224599682008097,0.2196811331053736,0.24430318382713467
2023-06-21,0.21864460739429253,0.21871413944547177,0.2196871987114149,0.21899688756870858,0.22258935236554905,0.31376938328260817
2023-06-22,0.21852999268989426,0.2185994534936542,0.21860496458468767,0.21989472246443292,0.2153737008291845,0.22119434837662094
2023-06-23,0.21385338896773526,0.21391947029004849,0.21507200946501617,0.21861791539573008,0.21659366724713475,0.17998004186643818
2023-06-26,0.2048153664912098,0.20487496682432085,0.2148143492349497,0.20745322615463552,0.2165763094185786,0.3433117085642246
2023-06-27,0.2119449086560568,0.21200962758154698,0.21009610463373124,0.20948212840958333,0.20696701994102687,0.25192544814170137
2023-06-28,0.2075949754370614,0.2076565715389505,0.2095521479781407,0.20989023518036712,0.20616335468444577,0.3352323296867901
2023-06-29,0.20590430463043896,0.20596465839284028,0.20814925835994383,0.21036828722603457,0.21135537454627895,0.19545278200199584
2023-06-30,0.21438638344058392,0.21445284091564198,0.213588977816969,0.21562123297017427,0.21206075964524093,0.27887722705039397
2023-07-03,0.21502248520524947,0.21508945515180916,0.2155816288976782,0.2197081498377242,0.2169000869575931,0.06937975570304013
2023-07-05,0.21447236087679022,0.21453888819692749,0.21717918348453844,0.21902602216651385,0.21469145214973384,0.15610635209439383
2023-07-06,0.21324590259405135,0.2133115384809765,0.21146463518598252,0.2147175711548889,0.21300897789846382,0.14225045590435031
2023-07-07,0.215538306068067,0.21560562944811446,0.21739106075070028,0.219579890886928,0.21577264416199748,0.17841783037246195
2023-07-10,0.213687165924403,0.2137531515938033,0.21508347704900949,0.21648408410838127,0.21770955286082005,0.1770534021840533
2023-07-11,0.21497665244981629,0.21504357639542582,0.21477999016900406,0.21892109313411287,0.21669194740475387,0.13855896190043476
2023-07-12,0.2235561723543284,0.2236292704190385,0.22151952204638925,0.22306047451786326,0.21988349406725768,0.2651354366135626
2023-07-13,0.2354482738003305,0.23552993978287426,0.2342312624523969,0.233059134882368,0.2284694215534787,0.26301030340374004
2023-07-14,0.23253687654004968,0.23261643090885734,0.24529966530763964,0.2363706488854287,0.24040876241602016,0.4662367991745659
2023-07-17,0.2382221727943119,0.23830579050945963,0.2361838315966724,0.23754833160114064,0.23870893033619395,0.285336304232217
2023-07-18,0.24414243028645105,0.24423031975830453,0.24420026256944816,0.24030014996422616,0.24109101109547082,0.3259136931744705
2023-07-19,0.24175254196364776,0.24183871729035558,0.2437536383981893,0.24617690970366368,0.24550250212023422,0.2279473343167175
2023-07-20,0.23282913419152051,0.23290892165472707,0.23956792655460235,0.2363823027245508,0.23996934689083038,0.3042688691151687
2023-07-21,0.2258887205091173,0.22596350803279705,0.2325764573176387,0.2307737147258278,0.23581224620223817,0.5988027886062984
2023-07-24,0.22762526782559328,0.22770129993529062,0.2282418634692931,0.23042392163095654,0.2297009230976486,0.19683726514096905
2023-07-25,0.2337404075064668,0.23382083030747589,0.23439159019813172,0.2355719161025443,0.23091511092464373,0.17302374022061828
2023-07-26,0.23243943544568246,0.23251891940804634,0.23364722386037268,0.2338636945848135,0.23715940778827405,0.18419642233512928
2023-07-27,0.2350070104699789,0.23508832667004745,0.24133153175768546,0.240393425157505,0.24003873409367366,0.2476385295710246
2023-07-28,0.2398784526264518,0.23996328911871198,0.23922435773816325,0.24407223525427113,0.2409002073154971,0.16134553504187682
2023-07-31,0.23975808421576295,0.23984284917885015,0.2398141410436927,0.2448010005221209,0.24139745286161984,0.10592540803180024
2023-08-01,0.2384857931775909,0.2385696207065158,0.23849716001186838,0.24200837148195703,0.23969759872610302,0.09679902242489248
2023-08-02,0.22565951297753106,0.22573411425088033,0.23242757531288005,0.22661685258339426,0.2360608800031449,0.298928028314824
2023-08-03,0.2270693679136332,0.22714497899236472,0.228293391146703,0.2290246825310186,0.2243180994558417,0.1564922370052565
2023-08-04,0.2280150103258518,0.22809130218197135,0.23129381350874295,0.23248195848370967,0.23116950126081492,0.18310999725454646
2023-08-07,0.23223886518228815,0.2323181861749433,0.23070977491671874,0.23347306857271283,0.23189800072359756,0.1550939228658939
2023-08-08,0.22792332293777529,0.22799954466920466,0.22900342026153353,0.23051719682423544,0.23040630819661062,0.17700845143278793
2023-08-09,0.21583065122837886,0.2158981420722658,0.2236782237433214,0.2193116969060625,0.22705865135555475,0.3378671352609599
2023-08-10,0.21487929886429002,0.2149460867728964,0.21945242996330072,0.21756849163081435,0.2148360051463756,0.27303847023603295
2023-08-11,0.20609345499009296,0.20615392740641791,0.21054275064800723,0.21059567052982167,0.21247126015996423,0.3009632600221158
2023-08-14,0.22270221733018636,0.2227747047421985,0.22074649767015553,0.20868339562669894,0.2051573284659806,0.40967561463236857
2023-08-15,0.22377395998217425,0.22384719998142974,0.22915230226629218,0.2284999706485607,0.2287122547077396,0.4001502046642283
2023-08-16,0.22117201586060553,0.22124340006085227,0.2257567615673861,0.22672760853535628,0.22848097873538903,0.297067067212438
2023-08-17,0.22035822739444683,0.22042900290891446,0.22224671977268412,0.22436641618437136,0.22530101131048624,0.2451620889513128
2023-08-18,0.22010033884024827,0.22017090482162102,0.21947532144525306,0.21654822470385487,0.2175823356370438,0.3360130896587685
2023-08-21,0.24112206264201147,0.24120783516395114,0.23944193603179603,0.23148499923499438,0.2283306471477921,0.41125718952688994
2023-08-22,0.23367733550937192,0.23375773334352282,0.24586653528819963,0.23796226529148545,0.24938205399745317,0.45463120674786855
2023-08-23,0.24197608329778425,0.24206240084079114,0.24021496040802975,0.23723350002363575,0.236263240965029,0.47105759436027134
2023-08-24,0.24224541363293345,0.24233194126932847,0.25777091409504505,0.24860806956968323,0.26141391848234924,0.7317705685993415
2023-08-25,0.23568325691541764,0.23576508755283523,0.24367919739580995,0.23616074634032475,0.2428891453886068,0.5722279044582155
2023-08-28,0.2403655705894468,0.24045078098792214,0.23895522992410345,0.23536786271715243,0.2398247938941886,0.406152858833203
2023-08-29,0.2515355709573668,0.2516288107125868,0.2509855992537552,0.2441305266900327,0.24088865013358673,0.4173594268986679
2023-08-30,0.25428647700339585,0.2543817330001213,0.2558297906917457,0.25598899744145964,0.25463768247117446,0.44074004150683216
2023-08-31,0.2548080515725041,0.2549036394061893,0.2547819374739812,0.2590964580591285,0.2565803697609522,0.29784091168422167
2023-09-01,0.2499594929779324,0.25005160539657567,0.2551025929654509,0.25433906735949036,0.2587890045688115,0.2530699634239195
2023-09-05,0.25018301243485863,0.25027528894701123,0.24966861822193093,0.2526949864372331,0.24989085672548628,0.19693200749363604
2023-09-06,0.24168303806674507,0.2417469597775889,0.24793935024177627,0.2452324372112999,0.2511512953358133,0.2564170655181404
2023-09-07,0.23698313511569047,0.23704404813493232,0.23531349657912415,0.2369070146070087,0.23429166072047541,0.23197768783017192
2023-09-08,0.23314869460135923,0.2332071445103596,0.23681369683863557,0.23760079611734114,0.23670265649021877,0.2594591940537763
2023-09-11,0.2308903976980931,0.23094746808007952,0.23427706725931868,0.23200971111745228,0.23789368584201187,0.26007951442123833
2023-09-12,0.22912508185016378,0.22918099375049075,0.23147133170895917,0.2332864959460041,0.22974139529002546,0.17383631149349216
2023-09-13,0.23265004734857264,0.23270818842162402,0.2329429176160302,0.23312325323769062,0.2289435086243995,0.20779072589930897
2023-09-14,0.23320025918587278,0.2332587772547872,0.2332692959779879,0.23678458257577356,0.23674890727355075,0.1882489054492067
2023-09-15,0.22356544829146618,0.22361780619951302,0.2310475990196526,0.22907132012765802,0.23322780448107727,0.2828073058110257
2023-09-18,0.22394372713356386,0.22399632234838676,0.2232774043789843,0.21853046712201227,0.21823569136171864,0.2782707376833213
2023-09-19,0.22138744074974642,0.22143840118419264,0.22169701840358835,0.22437224310393244,0.22450890323581546,0.1903007343569657
2023-09-20,0.2140452521014578,0.21409152109605642,0.22133628097568497,0.21983058186895932,0.2231617416497796,0.18618186244101947
2023-09-21,0.20704126324612437,0.20708303238845485,0.21101226630121844,0.21258373986754012,0.2114999275429207,0.24401480746901683
2023-09-22,0.21044006287313327,0.2104840550099635,0.21109817488759106,0.21404709732280067,0.21143631893103257,0.26372398302383016
2023-09-25,0.21394785476151107,0.213994031473527,0.2135088139441016,0.21373226574529575,0.2115461783262527,0.22213070710297944
2023-09-26,0.21216529967192005,0.21221036081465008,0.21513500472641936,0.2165190678658986,0.21391670190361922,0.21050644282575637
2023-09-27,0.2153577972064542,0.21540489621501138,0.2154327687359367,0.2163675012368582,0.21581891700102013,0.240003125806088
2023-09-28,0.21891710992492514,0.21896650542300247,0.2187194875235007,0.21920094095410048,0.21657053082762343,0.22598402381145027
2023-09-29,0.22126707233905757,0.22131796124433079,0.22271625726891242,0.22615043213669794,0.2244742096343938,0.2074276621390887
2023-10-02,0.22862070276829682,0.22867630555199245,0.2286197695086607,0.22938032478560189,0.2256479032133214,0.231955558229549
2023-10-03,0.22137022338529494,0.22142118297662292,0.22836210927859424,0.22579478988211465,0.23014611721379358,0.2579246445605788
2023-10-04,0.22437361431459557,0.2244264712416881,0.2227105343984243,0.22606298386298013,0.22398276473491685,0.1825256374880967
2023-10-05,0.22808193271194727,0.2281371809383547,0.22704512824676998,0.22953774057435433,0.2257635411994967,0.2044214942044651
2023-10-06,0.23423769837221908,0.23429685795716057,0.23213555601686797,0.2303423002767998,0.2265903428755891,0.2327425421517026
2023-10-09,0.23143489958352303,0.23149230292519848,0.23108195808559828,0.23233619653407928,0.23034269958472248,0.2156190721196769
2023-10-10,0.2344440223419041,0.23450332330002635,0.23482676862841445,0.23653389159374222,0.23304857993870454,0.187201207169714
2023-10-11,0.2402214654056577,0.24028446229167696,0.23826239126375426,0.24214245735231427,0.23817121259769441,0.19380896760572247
2023-10-12,0.2410181896478365,0.24108166311432658,0.24255690317566614,0.24377490667560037,0.2415304266206606,0.265168631014497
2023-10-13,0.23251248345064252,0.23257053027419242,0.23973397717082523,0.23765326063354164,0.24258848221341295,0.260182555374139
2023-10-16,0.23614633182436917,0.23620670066566204,0.23463208181673395,0.2355077755070707,0.23162047396791502,0.1917080386465813
2023-10-17,0.22378325779652225,0.22383573576190427,0.2262091304521502,0.2213289230817372,0.22547445726190385,0.49407721985827374
2023-10-18,0.21379878345099962,0.21384490910656997,0.21741969694615781,0.2175102001950528,0.21732794530087257,0.3661134958060949
2023-10-19,0.21325430344277996,0.21330007426145103,0.2178663211174167,0.21784251253124087,0.21859994109310996,0.27893600880204866
2023-10-20,0.2091619524970399,0.20920509442786644,0.213130907904734,0.2131550893466374,0.21327492541654536,0.2623616294854799
2023-10-23,0.2182637251641774,0.2183126729792656,0.21758574756238072,0.21237968648214822,0.20945318150456868,0.26323574871008637
2023-10-24,0.22220702667661624,0.2222585304458932,0.22015671436462608,0.22255909255380063,0.22013788440342888,0.2099400633598128
2023-10-25,0.2114087419877247,0.21145330663862105,0.21988760839358343,0.2159360645476792,0.22199382666180717,0.20780732309977618
2023-10-26,0.2030807006148136,0.2031199785925391,0.21190553648675328,0.20617061440652262,0.21306100727275096,0.3064375699762176
2023-10-27,0.2040779951203867,0.20411791264829182,0.20589322417868003,0.20695767111013394,0.20888079222033812,0.22053530120806875
2023-10-30,0.20786660287928482,0.20790891563819966,0.20909977909337663,0.20967450571570212,0.20863218047512208,0.20064908884827187
2023-10-31,0.20568286350848464,0.20572377851311657,0.20402081890727194,0.20238102611764347,0.20494918891314134,0.2905097899278506
2023-11-01,0.21453818940237418,0.21458476695331083,0.21262128847207196,0.21193659595384712,0.20745846484050381,0.2349257655631603
2023-11-02,0.22130719514262054,0.2213581078909514,0.22122748090736005,0.2237426021890736,0.221589104738039,0.21527122245988495
2023-11-03,0.22989885689881062,0.22995526613408954,0.22938704917138925,0.2285757650831564,0.2255900952480791,0.22594737166041856
2023-11-06,0.23417464825233442,0.2342337609932075,0.2329715538114877,0.23543198107247504,0.23290402694206275,0.2094352318456018
2023-11-07,0.23534391950753047,0.2354037677332497,0.23459199988030027,0.236941998364526,0.2354133249251159,0.16962408032491788
2023-11-08,0.23889174669063035,0.2389538908434338,0.23830819607067605,0.2416643830664958,0.23761615908632933,0.17208184909410407
2023-11-09,0.24104684879323862,0.24111034554142177,0.24611274977728997,0.2462235473003031,0.24551983789309972,0.30608833721638673
2023-11-10,0.2489850820342605,0.24905367134082299,0.24749844894100548,0.24933100791797191,0.24571064167307344,0.2236203058449116
2023-11-13,0.2506185658133401,0.25068821963274285,0.2511860089359237,0.254088376377459,0.2504516888278065,0.1979575761725058
2023-11-14,0.25655650009134556,0.2566299452108759,0.25529727977713135,0.25957453234494693,0.25831489544220004,0.22065286471137818
2023-11-15,0.2521546522524729,0.2522252783021333,0.25601875463293805,0.2546772288553905,0.25978925219632154,0.2611382775010425
2023-11-16,0.25554780755924233,0.2556205469355977,0.25352795170356013,0.2554351509611965,0.252527349876625,0.1672665863085544
2023-11-17,0.2545046365438156,0.25457673412346166,0.2546273325987345,0.2593821327986771,0.25741292797230914,0.15720384197528814
2023-11-20,0.2608724580028528,0.26094860859489605,0.2593856591363866,0.26039657280607553,0.2561872050190944,0.21869301195620833
2023-11-21,0.2582072449892971,0.2582817117103655,0.2592081409361704,0.26063560994898477,0.2608935585724058,0.3235506667579513
2023-11-22,0.2511688214050607,0.25123880846590607,0.25816601058889405,0.25170385410807894,0.2593093644787549,0.554302236403608
2023-11-24,0.24578114271877577,0.24584767172093622,0.250069437586268,0.2520245126051449,0.25131896269627574,0.13607007338037258
2023-11-27,0.24845206568420164,0.2485203007152295,0.2478305501734513,0.2514823199640039,0.24744516735432126,0.205928381696884
2023-11-28,0.24603903127297433,0.24610574792994813,0.24664528253492146,0.2504387231186492,0.24996602251928474,0.2099594267603579
2023-11-29,0.24786744099520874,0.2479352973452084,0.2491589987892689,0.2526949864372331,0.2507928241953772,0.19648388308102133
2023-11-30,0.24001516331318296,0.24007799694881113,0.24542563398742884,0.24431127239718037,0.2487402775103793,0.29623444098899954
2023-12-01,0.23998648229057062,0.24004931452171593,0.24021496040802975,0.24294119013519866,0.24007342769509532,0.18770949643402235
2023-12-04,0.23279329932116277,0.23285155680053674,0.23378463828113805,0.236079124986168,0.23748318532728857,0.23489118806218695
2023-12-05,0.2388693663045644,0.23890801208705045,0.23677933777268995,0.23760079611734114,0.23395052535290478,0.18936990803076292
2023-12-06,0.2327760819567113,0.23281141015391613,0.24128572695076367,0.23842283657846974,0.2440628389675344,0.19550533980347534
2023-12-07,0.23904134305418734,0.23908006289305841,0.23694541023193,0.2395422278584201,0.23530346552989578,0.17491997037399715
2023-12-08,0.2442575262894744,0.24429914883202028,0.24331273709741852,0.24505751842371326,0.24047814961886343,0.18072968208754053
2023-12-11,0.23921900787847017,0.23925784580882906,0.24211025716139017,0.24085984560420137,0.24565861229878633,0.284810726217422
2023-12-12,0.24512309811224892,0.24516517872838575,0.2428832815376239,0.24211914967407006,0.23730396078491584,0.18983255499378643
2023-12-13,0.24759364770917253,0.24763707448957586,0.2481970323148599,0.25122580206241146,0.24645649896441224,0.2419788842117056
2023-12-14,0.24909540880545356,0.24913969674382694,0.24863218890212546,0.2501413945399784,0.25085641075157467,0.20286481511064458
2023-12-15,0.25219074964935345,0.2522367425216588,0.2528350912001938,0.2542108084086942,0.24972318936502386,0.26421636663769077
2023-12-18,0.25899480268038927,0.25904449799615725,0.2587271576989659,0.2602158493390789,0.25669600774712753,0.2176328657763652
2023-12-19,0.25628349438487763,0.2563317223552434,0.2545300001144028,0.25872916196542306,0.2568347600971234,0.2534945751358723
2023-12-20,0.24772545790081202,0.24776897864896322,0.25624207764007606,0.254082549457898,0.2581703424455583,0.2074719213403346
2023-12-21,0.2527639763118162,0.2528102816721544,0.2510657631266226,0.2559540136839423,0.2532905429408293,0.1400672324928926
2023-12-22,0.2518468399045281,0.2518926409096429,0.2527148453908927,0.25623386150392996,0.2555107349305989,0.1069295386600665
2023-12-26,0.2544205405476891,0.25446775840312524,0.2539573854203376,0.2591081118982506,0.2541982669459847,0.10118483264835303
2023-12-27,0.2552115985924181,0.2552592271160121,0.25441547717558977,0.2598368771661004,0.25733778423420134,0.09388759684293586
2023-12-28,0.25581348440028295,0.2558614268153214,0.25558357620265537,0.26174332514966203,0.25810097729840564,0.10283556254482108
2023-12-29,0.25581348440028295,0.2558614268153214,0.2562306318990999,0.25788961850546027,0.25908386709735953,0.2015238996228978
2024-01-02,0.2480521721583961,0.24809588393169088,0.2522109488287187,0.2511500076278158,0.2557940402772366,0.2167110296004155
2024-01-03,0.24461867527596148,0.24466046865160587,0.2458493448337183,0.24954671514248594,0.24562391869736466,0.15422395294140429
2024-01-04,0.24707776121472425,0.24712090019327057,0.2476587766867403,0.2506427765040411,0.24725436357434755,0.14429260311183678
2024-01-05,0.2533773257778419,0.25342394559098913,0.25365392038334933,0.25529521593112725,0.25127271191294376,0.2193285464240986
2024-01-08,0.2714678315668553,0.27152441674196987,0.26927449538057047,0.26213395116176263,0.2573435628251565,0.37663612090230686
2024-01-09,0.27655222648771305,0.2766115985215445,0.28101282357119295,0.2750243426792712,0.2740470872619423,0.46694563794451976
2024-01-10,0.28348806783317815,0.28355125815543025,0.2825874648330837,0.2855127311687165,0.2810719350183331,0.3014549520859569
2024-01-11,0.2861936224223991,0.2862583016865814,0.2868590852630433,0.2859266870992123,0.28906811539176747,0.34499701596166604
2024-01-12,0.28555161381097127,0.28561595534065154,0.28470610643659927,0.29041588381798494,0.2868768163567737,0.17642132546626033
2024-01-16,0.2951357133320633,0.29520531552977963,0.29538511382546395,0.2937390516601678,0.2891779747869876,0.24321537564651285
2024-01-17,0.29324987593297347,0.29331842313861056,0.2933008531309112,0.2928062330069261,0.29686193480331774,0.2603754978295703
2024-01-18,0.29929150818747213,0.29936337044903577,0.2997655124807314,0.30077599111648307,0.30214067764085967,0.27230888496549516
2024-01-19,0.3129568231542968,0.31303624625222304,0.31064495139478177,0.3072940678500525,0.30635558629469417,0.30816644502488544
2024-01-22,0.31389113317161593,0.3139710833440227,0.31540327793243395,0.3180506503203633,0.3182660342024598,0.24554935696221442
2024-01-23,0.31514649124906946,0.31522711548706883,0.31299261703290626,0.31522303752268205,0.31549656729228026,0.13607629733054777
2024-01-24,0.32368157853960317,0.3237669088760166,0.32982137299362674,0.32311119651823317,0.31974039095658124,0.3197637388513493
2024-01-25,0.32514326058674164,0.3252294063619286,0.32907700665586764,0.3284282606176955,0.33156987242390257,0.26617276164276327
2024-01-26,0.3217842556051423,0.3218685303870406,0.3237174510717099,0.3268133365333945,0.3235332198580914,0.20222651444267642
2024-01-29,0.330004114173463,0.33009290459106766,0.32776000378102627,0.32876059519403455,0.325105856769832,0.17347463083331088
2024-01-30,0.3317753149909443,0.33186508915213764,0.33350893298854495,0.33664873194943473,0.334749861904496,0.21635211514031205
2024-01-31,0.32462737409229336,0.3247132320656233,0.3265002951401171,0.3275537556403664,0.3263084653592261,0.24613025897856683
2024-02-01,0.33322553337992195,0.33331612241852415,0.33177968685140746,0.33309237612405473,0.3301244306802476,0.18759124138069344
2024-02-02,0.35118429460892653,0.3512847112883991,0.3512996554236744,0.34498580839284804,0.3409594651667047,0.2618858430720865
2024-02-05,0.3693665315404369,0.36947693995214653,0.3678879416088097,0.36547870640651015,0.3655377533997944,0.4026162720336481
2024-02-06,0.36300958305488434,0.36311652970023756,0.36935950567286363,0.3602024529841262,0.37366112894131437,0.4047137432426919
2024-02-07,0.3737629319539621,0.3738758747511263,0.3720278486454749,0.3677815850815825,0.36608124972924916,0.2750232187919036
2024-02-08,0.37113766672628756,0.37124912451321646,0.3753145674330389,0.37859648122780576,0.37622823488960977,0.2189018600620874
2024-02-09,0.3854221723742695,0.3855414182232827,0.3832794488853877,0.38300986127183173,0.378882063813614,0.23426464374454975
2024-02-12,0.38608128896409766,0.38620096089850076,0.3971707777454713,0.3890615397988558,0.3908329839137564,0.3567194803416534
2024-02-13,0.3853935132288674,0.385512713917906,0.3905228554819297,0.3795584567190037,0.37811311421414523,0.34902252862498423
2024-02-14,0.39555083941242214,0.39567561325752976,0.3950235217895154,0.39307268447196103,0.39431363656954377,0.2814836790737656
2024-02-15,0.38843142639591194,0.3885523948415475,0.3935290225574749,0.39576618915913403,0.3981700740829421,0.22284369517305003
2024-02-16,0.3881734503328724,0.38829431863253566,0.3959740425229482,0.3963550193969145,0.39950563437568626,0.2748517143870758
2024-02-20,0.37005435103008766,0.3701651869327413,0.38196821256706864,0.36856283710578375,0.38705749078511176,0.41973559276555694
2024-02-21,0.35870476064338447,0.35880935241402445,0.36440079129606007,0.3598992752457434,0.3642715361985122,0.3982436012605574
2024-02-22,0.422136287811196,0.4222757530291192,0.4198686868799945,0.40637700967981444,0.4048537864717622,0.5305682397354959
2024-02-23,0.42373551187905445,0.4238758867841812,0.4417363429334031,0.4259079099621276,0.4381856695515354,0.5058716054402856
2024-02-26,0.4253118523850116,0.4254530921001923,0.4317273045659524,0.4313590599319471,0.4318835206112814,0.28083085585538864
2024-02-27,0.42307053219688445,0.4232105682426373,0.4250507679499703,0.4235292368524595,0.43003913553481343,0.2031919182698525
2024-02-28,0.41712063108488284,0.41725740032326036,0.42191861035161876,0.4233135073877945,0.4198574788287218,0.20416354604720383
2024-02-29,0.42542644521219963,0.4255677780520099,0.42797100459612575,0.4304553981166617,0.42837979770305473,0.2831240357199416
2024-03-01,0.4435800229983079,0.44373134616694365,0.44119813099131777,0.43678107530396143,0.4336180683482199,0.263654136471864
2024-03-04,0.4605355609977669,0.46069624699302164,0.4720899674558157,0.46175734311683503,0.45749675007330276,0.35803757467875774
2024-03-05,0.464726009354181,0.4648657661318032,0.46293979652192,0.4599966348427527,0.46408796089545895,0.29235622847982784
2024-03-06,0.4804096938596725,0.48055743848554683,0.48370804983713706,0.48106086009536103,0.47999942136895524,0.3351500352344735
2024-03-07,0.5031614674464733,0.5033206965108452,0.5011323119738751,0.4960559260622622,0.4923492406905293,0.35285302418281267
2024-03-08,0.47369142136995107,0.4738357302923339,0.5276609620806041,0.4780058639938927,0.5211424596331442,0.7222444670811817
2024-03-11,0.46363678681121884,0.4637760964415653,0.47840002193038916,0.4643633995302902,0.4707890531685259,0.40143095530028144
2024-03-12,0.49882789838073044,0.4989848586758184,0.49651142170000545,0.47593036862260746,0.48015553154750734,0.3943155971499841
2024-03-13,0.49295216101141054,0.49310620818335676,0.49390035111830927,0.4892521745891441,0.497535504017098,0.37193565541998874
2024-03-14,0.4760760372850888,0.47622160065052005,0.48898746339144455,0.4785539057947458,0.4889900707789445,0.3488413425198838
2024-03-15,0.47546273157348357,0.47560791485340387,0.482688810971813,0.4765542048580563,0.47368571524679104,0.37634290369405277
2024-03-18,0.479005308226128,0.47915232773210675,0.49905949702029845,0.481381518592427,0.49367906650369975,0.394938683717524
2024-03-19,0.4844109918564327,0.4845606826846463,0.48840338111338605,0.46928403293824184,0.4723558894336206,0.39714818602972146
2024-03-20,0.48999427467938966,0.4901468205529565,0.48763612329367473,0.48801620043767063,0.49026202245980055,0.26360434487046236
2024-03-21,0.4960877340449246,0.4962433787295278,0.5004509408975192,0.5007375223273045,0.5047338197805971,0.2645095838459448
2024-03-22,0.5124479931540084,0.5126118338443407,0.5126473390003766,0.5032386497083587,0.49803272750753014,0.338053853766216
2024-03-25,0.5165351373237135,0.5167010596898811,0.5240306526335838,0.5188400711520255,0.5142216926810184,0.31413797944298416
2024-03-26,0.502542473660208,0.5027012786039662,0.5217917870637843,0.5129632891724369,0.5252648446646241,0.28752160229373314
2024-03-27,0.48929486026831664,0.48944710935283625,0.5038407150399029,0.49326331926224926,0.5094285940963075,0.33760296315352345
2024-03-28,0.48990252165968246,0.4900550630401898,0.4927322739342607,0.493671426033033,0.49143573809441876,0.2332791849668091
2024-04-01,0.48994264446324537,0.49009518780852895,0.49802881241399827,0.49373556662850665,0.4931645072404022,0.24519390025220833
2024-04-02,0.4847204668723551,0.4848703916380858,0.48582669144065266,0.484500655289369,0.48246242445729515,0.23179373552499366
2024-04-03,0.481923071754586,0.48207154683760495,0.487429968898001,0.4890481434439032,0.482670586065825,0.18822815894862271
2024-04-04,0.46438770017517467,0.4645273966295501,0.4889187452595533,0.4743562107350829,0.49378312525227397,0.2331083721120007
2024-04-05,0.4764429618550768,0.47658867445814995,0.47659063376340144,0.47462442695609935,0.47331566486875387,0.20870564657506396
2024-04-08,0.47142708635666125,0.4715703217522911,0.4785890077145987,0.479323503979825,0.4839194233828604,0.12816911440796058
2024-04-09,0.461229112316498,0.46136725388776517,0.47174642048239374,0.4576937561676804,0.4766459859369442,0.2792589626611398
2024-04-10,0.47088825066868106,0.4710311971386533,0.47040080325511197,0.4616990294409225,0.4563172999591107,0.23100882625289848
2024-04-11,0.4913929284838537,0.49154619919663384,0.48951995246304186,0.48045454909889745,0.476518768713168,0.23080689364721407
2024-04-12,0.4774633149402329,0.47760951507467203,0.48629050606639285,0.4839759211667601,0.4896954117665251,0.2274653239531489
2024-04-15,0.4649379995213157,0.4650779854627133,0.4887984776072351,0.4746419077147826,0.48622058181307426,0.2387182258699181
2024-04-16,0.47304368092944277,0.4731876518366413,0.47451205225330245,0.4754289866585449,0.47081216753234656,0.188495097256137
2024-04-17,0.4536681734431134,0.45380248799380074,0.47827407509361713,0.46310407322027053,0.48183798374308673,0.2749021975384969
2024-04-18,0.4573140105280465,0.45745007884823274,0.4634723292795515,0.45407906442623686,0.4623534572699018,0.24161097960134909
2024-04-19,0.4087550921736364,0.4088666855447065,0.4527875553341644,0.4144575682216354,0.4518306431405488,0.5375515118320751
2024-04-22,0.42777505123929777,0.42789628355600573,0.42844626496284216,0.4190866777303263,0.4226558166379865,0.3447079480535288
2024-04-23,0.4444276336314831,0.44455720753840694,0.443883598889359,0.44161426043819524,0.43806423091871427,0.23559380288196557
2024-04-24,0.42868654332634637,0.42880821408703607,0.45140187801346604,0.4353118909291398,0.4564560302534159,0.2865257702657005
2024-04-25,0.44562567341813236,0.44575591858382585,0.44705581658112714,0.42971497900968986,0.42707308625370505,0.225968809711022
2024-04-26,0.4748780850072804,0.4750229333616643,0.4757317226438122,0.4598217382953171,0.45569285924490227,0.31335998567108364
2024-04-29,0.4750040977382088,0.4751491272895704,0.4737905773974957,0.4707765249913077,0.4775305955782789,0.20130122051662935
2024-04-30,0.4672367692635085,0.46737783041789555,0.47852601245319554,0.4768048958400876,0.47547804889328116,0.18383128392485065
2024-05-01,0.44797016652970717,0.4481016204171099,0.4623843722823362,0.44739189582464184,0.46297211939315497,0.3194815864434067
2024-05-02,0.46388329921609744,0.46402270843105176,0.46374143525059414,0.458731481613172,0.4593411351497707,0.19364368715106983
2024-05-03,0.48091991415667107,0.48106790255037096,0.4811714202578203,0.4811191737712736,0.4786522597829195,0.20778104419903642
2024-05-06,0.5001291110908272,0.5002867476969663,0.4980001980615579,0.49286686633058757,0.48790885671099016,0.19247150986807304
2024-05-07,0.4910375550808675,0.49119063336509255,0.4954864599641933,0.49261034842899515,0.49778411576231407,0.23475218650827406
2024-05-08,0.4902236353514475,0.4903762362131548,0.49212530017425,0.49499484845822433,0.4884465744494897,0.15756068178533322
2024-05-09,0.48067917733529336,0.4808270226706473,0.49142671680039557,0.48806286027446105,0.49449428894219116,0.19372321540330856
2024-05-10,0.4871624448327176,0.4873135830938992,0.49331058965579694,0.49386963025871283,0.4931991787861332,0.16420232817229552
2024-05-13,0.4901490778189815,0.4903016750296763,0.4910030059541061,0.4898002163899971,0.4941994043579525,0.13263652753371824
2024-05-14,0.4956349633019917,0.4957903232754571,0.49474209362643423,0.4921614087409821,0.48911724389133937,0.1373577395166204
2024-05-15,0.5144026781336939,0.5145675334309441,0.5131283222375811,0.5076986895891751,0.5057282667614613,0.221192965276582
2024-05-16,0.5128492211896379,0.5130133003105469,0.51860812363104,0.5222973026244144,0.5198242351132655,0.15633732980089582
2024-05-17,0.5020723761667725,0.5022309830640442,0.5124297388637268,0.5089055291428433,0.5166962970626499,0.18105263594663173
2024-05-20,0.5152626275134391,0.5154278312175468,0.5150637009273753,0.5184319643812416,0.5131173642492434,0.15274956829990033
2024-05-21,0.5187364222171186,0.5189034150225339,0.5162089303155056,0.5169161201696295,0.512244311789819,0.15979093059811472
2024-05-22,0.5162370822115315,0.5164028149559671,0.5197590322036243,0.5173184000208523,0.5229984018915225,0.31172585297508276
2024-05-23,0.5669628944848641,0.5671541709335698,0.578737013268295,0.5655393174900205,0.5609788305593647,0.5097975349008006
2024-05-24,0.5822683220254682,0.5824673052601581,0.5796245387403246,0.5741679178326945,0.5749764746421685,0.22932490195549599
2024-05-28,0.6248712574034325,0.6250917547779815,0.6280895630323535,0.6142966674012217,0.6084818477847406,0.383702379001222
2024-05-29,0.6301679487723683,0.6303911121319031,0.6312560141675992,0.6202317185764208,0.6247054845039598,0.31780734384627674
2024-05-30,0.6053754252608347,0.6055861291169976,0.6331284412820245,0.6130140334129578,0.6339563028410754,0.2674009544773369
2024-05-31,0.600405535658324,0.6006136770458037,0.6153663550423526,0.5971386133090156,0.621641110953851,0.3564103574829516
2024-06-03,0.6311711938791241,0.6313948001757002,0.6284388328762636,0.6266564978765603,0.6280068685059931,0.23547831402871455
2024-06-04,0.6394085760928395,0.639636348830734,0.6376004495511355,0.6385616062246268,0.6401196773756428,0.21122703794604114
2024-06-05,0.6738200713985727,0.6740651503281885,0.6710919108563536,0.6585181385167088,0.6554702616354375,0.2977247312809512
2024-06-06,0.6655539425306142,0.6657948973677781,0.6890601514916992,0.6634853872811489,0.6882933199314869,0.39197884963420465
2024-06-07,0.6649233975773472,0.6651640152413736,0.6667573388510251,0.6617480311656128,0.6635589215198452,0.21749386422245232
2024-06-10,0.6700939887065137,0.6703372224239522,0.6748195527877054,0.65584794150778,0.6670280169937222,0.1490636758511425
2024-06-11,0.6651064660725571,0.6652902091692797,0.6735025935988983,0.6659340279058517,0.6751224554690849,0.08621360458691298
2024-06-12,0.6897003445151966,0.6898944370728006,0.696463885833976,0.6882634063880407,0.6825809401597104,0.1394932459767349
2024-06-13,0.7149822174651687,0.7151869557134793,0.7131838854124057,0.7150236901532409,0.7191795356957857,0.11259851994464833
