Price,Adj Close,Close,High,Low,Open,Volume
2018-02-01,39.29270935058594,41.94499969482422,42.15499877929688,41.68999862670898,41.79249954223633,188923200
2018-02-02,37.58780670166016,40.125,41.70000076293945,40.025001525878906,41.5,346375200
2018-02-05,36.64867401123047,39.122501373291016,40.970001220703125,39.0,39.775001525878906,290954000
2018-02-06,38.1802978515625,40.75749969482422,40.93000030517578,38.5,38.70750045776367,272975200
2018-02-07,37.36296081542969,39.8849983215332,40.84999847412109,39.76750183105469,40.772499084472656,206434400
2018-02-08,36.33487319946289,38.78749847412109,40.25,38.75749969482422,40.0724983215332,217562000
2018-02-09,36.77930068969727,39.102500915527344,39.47249984741211,37.560001373291016,39.26750183105469,282690400
2018-02-12,38.26072692871094,40.6775016784668,40.97249984741211,39.37749862670898,39.625,243278000
2018-02-13,38.64401245117188,41.084999084472656,41.1875,40.41249847412109,40.48749923706055,130196800
2018-02-14,39.35649108886719,41.84249877929688,41.8849983215332,40.720001220703125,40.7599983215332,162579600
2018-02-15,40.67802429199219,43.247501373291016,43.272499084472656,42.25,42.4474983215332,204588800
2018-02-16,40.546329498291016,43.10749816894531,43.70500183105469,42.942501068115234,43.09000015258789,160704400
2018-02-20,40.40995407104492,42.962501525878906,43.56499862670898,42.85499954223633,43.01250076293945,135722000
2018-02-21,40.226539611816406,42.76750183105469,43.52999877929688,42.75249862670898,43.20750045776367,149886400
2018-02-22,40.56279754638672,43.125,43.48749923706055,42.9275016784668,42.95000076293945,123967600
2018-02-23,41.26824188232422,43.875,43.91249847412109,43.3849983215332,43.41749954223633,135249600
2018-02-26,42.08420944213867,44.74250030517578,44.84749984741211,44.0525016784668,44.087501525878906,152648800
2018-02-27,41.94781875610352,44.59749984741211,45.119998931884766,44.540000915527344,44.775001525878906,155712400
2018-02-28,41.88433837890625,44.52999877929688,45.15499877929688,44.51250076293945,44.81499862670898,151128400
2018-03-01,41.15066909790039,43.75,44.94499969482422,43.165000915527344,44.6349983215332,195208000
2018-03-02,41.43521118164063,44.0525016784668,44.07500076293945,43.11249923706055,43.20000076293945,153816000
2018-03-05,41.57863998413086,44.20500183105469,44.435001373291016,43.630001068115234,43.8025016784668,113605600
2018-03-06,41.54335784912109,44.16749954223633,44.5625,44.032501220703125,44.477500915527344,95154000
2018-03-07,41.15773010253906,43.75749969482422,43.962501525878906,43.567501068115234,43.73500061035156,126814000
2018-03-08,41.60685729980469,44.23500061035156,44.27999877929688,43.76750183105469,43.869998931884766,95096400
2018-03-09,42.32169723510742,44.994998931884766,45.0,44.34749984741211,44.4900016784668,128740800
2018-03-12,42.73084259033203,45.43000030517578,45.59749984741211,45.0525016784668,45.0724983215332,128828400
2018-03-13,42.3193473815918,44.99250030517578,45.875,44.810001373291016,45.647499084472656,126774000
2018-03-14,41.95956802368164,44.61000061035156,45.130001068115234,44.45249938964844,45.08000183105469,117473600
2018-03-15,42.00895690917969,44.66249847412109,45.060001373291016,44.51750183105469,44.625,90975200
2018-03-16,41.860816955566406,44.505001068115234,44.77999877929688,44.40499877929688,44.66249847412109,157618800
2018-03-19,41.2212142944336,43.82500076293945,44.36750030517578,43.415000915527344,44.33000183105469,133787200
2018-03-20,41.20711898803711,43.810001373291016,44.20000076293945,43.73500061035156,43.810001373291016,78597600
2018-03-21,40.27356719970703,42.817501068115234,43.772499084472656,42.81499862670898,43.7599983215332,148219600
2018-03-22,39.70452117919922,42.212501525878906,43.16999816894531,42.150001525878906,42.5,165963200
2018-03-23,38.78510665893555,41.23500061035156,42.47999954223633,41.23500061035156,42.09749984741211,164115200
2018-03-26,40.62629699707031,43.192501068115234,43.275001525878906,41.61000061035156,42.01750183105469,150164800
2018-03-27,39.584590911865234,42.084999084472656,43.78749847412109,41.72999954223633,43.41999816894531,163690400
2018-03-28,39.147216796875,41.619998931884766,42.505001068115234,41.29750061035156,41.8125,166674000
2018-03-29,39.452903747558594,41.94499969482422,42.9375,41.72499847412109,41.95249938964844,153594000
2018-04-02,39.19425582885742,41.66999816894531,42.23500061035156,41.11750030517578,41.65999984741211,150347200
2018-04-03,39.59634017944336,42.09749984741211,42.1875,41.220001220703125,41.90999984741211,121112000
2018-04-04,40.3535270690918,42.90250015258789,43.00249862670898,41.192501068115234,41.220001220703125,138422000
2018-04-05,40.63335418701172,43.20000076293945,43.557498931884766,43.02000045776367,43.14500045776367,107732800
2018-04-06,39.593997955322266,42.095001220703125,43.119998931884766,42.04999923706055,42.74250030517578,140021200
2018-04-09,39.9866943359375,42.51250076293945,43.272499084472656,42.462501525878906,42.470001220703125,116070800
2018-04-10,40.73916244506836,43.3125,43.5,42.88249969482422,43.25,113634400
2018-04-11,40.5486946105957,43.11000061035156,43.47999954223633,42.92499923706055,43.057498931884766,89726400
2018-04-12,40.94843292236328,43.53499984741211,43.75,43.2599983215332,43.352500915527344,91557200
2018-04-13,41.0871696472168,43.682498931884766,43.959999084472656,43.462501525878906,43.69499969482422,100497200
2018-04-16,41.34349060058594,43.95500183105469,44.04750061035156,43.70750045776367,43.75749969482422,86313600
2018-04-17,41.91255187988281,44.560001373291016,44.73500061035156,44.102500915527344,44.122501373291016,106421600
2018-04-18,41.81848907470703,44.459999084472656,44.70500183105469,44.220001220703125,44.45249938964844,83018000
2018-04-19,40.63335418701172,43.20000076293945,43.84749984741211,43.165000915527344,43.43999862670898,139235200
2018-04-20,38.968509674072266,41.43000030517578,42.80500030517578,41.35749816894531,42.650001525878906,261964400
2018-04-23,38.85564041137695,41.310001373291016,41.72999954223633,41.022499084472656,41.70750045776367,146062000
2018-04-24,38.3148078918457,40.73500061035156,41.58250045776367,40.30500030517578,41.41749954223633,134768000
2018-04-25,38.48175048828125,40.91249847412109,41.35499954223633,40.602500915527344,40.65499877929688,113528400
2018-04-26,38.61578369140625,41.05500030517578,41.432498931884766,40.84249877929688,41.02999877929688,111852000
2018-04-27,38.16902160644531,40.58000183105469,41.08250045776367,40.157501220703125,41.0,142623200
2018-04-30,38.86033630371094,41.31499862670898,41.81499862670898,40.459999084472656,40.532501220703125,169709600
2018-05-01,39.763301849365234,42.275001525878906,42.29999923706055,41.317501068115234,41.602500915527344,214277600
2018-05-02,41.51984786987305,44.14250183105469,44.4375,43.45000076293945,43.807498931884766,266157600
2018-05-03,41.59508895874024,44.22249984741211,44.375,43.61000061035156,43.970001220703125,136272800
2018-05-04,43.22702026367188,45.95750045776367,46.0625,44.54249954223633,44.5625,224805200
2018-05-07,43.53976058959961,46.290000915527344,46.91749954223633,46.1875,46.29499816894531,169805600
2018-05-08,43.74904251098633,46.51250076293945,46.55500030517578,45.91749954223633,46.247501373291016,113611200
2018-05-09,44.05708694458008,46.84000015258789,46.84999847412109,46.30500030517578,46.63750076293945,92844800
2018-05-10,44.68727111816406,47.5099983215332,47.59249877929688,46.91249847412109,46.935001373291016,111957200
2018-05-11,44.5173225402832,47.147499084472656,47.51499938964844,46.86249923706055,47.372501373291016,104848800
2018-05-14,44.41344833374024,47.03749847412109,47.38249969482422,46.96500015258789,47.25249862670898,83115200
2018-05-15,44.009803771972656,46.61000061035156,46.76750183105469,46.275001525878906,46.69499969482422,94780800
2018-05-16,44.420528411865234,47.04499816894531,47.1150016784668,46.5,46.51750183105469,76732400
2018-05-17,44.13962936401367,46.747501373291016,47.227500915527344,46.59000015258789,47.0,69176000
2018-05-18,43.97911071777344,46.57749938964844,46.95249938964844,46.532501220703125,46.79750061035156,73190800
2018-05-21,44.29071044921875,46.907501220703125,47.317501068115234,46.727500915527344,47.0,73603200
2018-05-22,44.17975234985352,46.790000915527344,47.220001220703125,46.69499969482422,47.095001220703125,60962800
2018-05-23,44.46302795410156,47.09000015258789,47.125,46.43999862670898,46.587501525878906,80233600
2018-05-24,44.41344833374024,47.03749847412109,47.209999084472656,46.5525016784668,47.192501068115234,92936000
2018-05-25,44.514949798583984,47.14500045776367,47.41249847412109,46.91249847412109,47.057498931884766,69844000
2018-05-29,44.35443115234375,46.97499847412109,47.1875,46.71749877929688,46.900001525878906,90056400
2018-05-30,44.26002883911133,46.875,47.0,46.69499969482422,46.93000030517578,74762000
2018-05-31,44.11130142211914,46.71749877929688,47.057498931884766,46.53499984741211,46.80500030517578,109931200
2018-06-01,44.90681076049805,47.560001373291016,47.56499862670898,46.9375,46.997501373291016,93770000
2018-06-04,45.282135009765625,47.95750045776367,48.35499954223633,47.837501525878906,47.90999984741211,105064800
2018-06-05,45.63149642944336,48.32749938964844,48.48500061035156,48.09000015258789,48.26750183105469,86264000
2018-06-06,45.78964614868164,48.494998931884766,48.52000045776367,47.97999954223633,48.407501220703125,83734400
2018-06-07,45.66689682006836,48.3650016784668,48.54999923706055,48.084999084472656,48.53499984741211,85388800
2018-06-08,45.25144577026367,47.92499923706055,48.0,47.442501068115234,47.79249954223633,106627200
2018-06-11,45.14048385620117,47.807498931884766,47.99250030517578,47.5525016784668,47.837501525878906,73234000
2018-06-12,45.38835906982422,48.06999969482422,48.15250015258789,47.78749847412109,47.84749984741211,67644400
2018-06-13,45.0153923034668,47.67499923706055,48.220001220703125,47.61000061035156,48.10499954223633,86553600
2018-06-14,45.03899002075195,47.70000076293945,47.89250183105469,47.55500030517578,47.88750076293945,86440400
2018-06-15,44.57633972167969,47.209999084472656,47.540000915527344,47.06499862670898,47.50749969482422,246876800
2018-06-18,44.5527229309082,47.185001373291016,47.30500030517578,46.79999923706055,46.970001220703125,73939600
2018-06-19,43.832763671875,46.42250061035156,46.58250045776367,45.86249923706055,46.28499984741211,134314000
2018-06-20,44.023963928222656,46.625,46.79999923706055,46.432498931884766,46.587501525878906,82514800
2018-06-21,43.778465270996094,46.3650016784668,47.087501525878906,46.23500061035156,46.8125,102847600
2018-06-22,43.65100860595703,46.22999954223633,46.53749847412109,46.17499923706055,46.52999877929688,108801600
2018-06-25,43.00185012817383,45.54249954223633,46.22999954223633,45.182498931884766,45.84999847412109,126652400
2018-06-26,43.53532791137695,46.10749816894531,46.63249969482422,45.6349983215332,45.747501373291016,98276800
2018-06-27,43.471622467041016,46.040000915527344,46.81999969482422,46.00749969482422,46.307498931884766,101141200
2018-06-28,43.78792572021485,46.375,46.5525016784668,45.95000076293945,46.025001525878906,69460800
2018-06-29,43.69584274291992,46.27750015258789,46.79750061035156,45.727500915527344,46.5724983215332,90950800
2018-07-02,44.18447494506836,46.79499816894531,46.82500076293945,45.85499954223633,45.95500183105469,70925200
2018-07-03,43.41494369506836,45.97999954223633,46.98749923706055,45.8849983215332,46.9474983215332,55819200
2018-07-05,43.76430130004883,46.34999847412109,46.602500915527344,46.06999969482422,46.31499862670898,66416800
2018-07-06,44.3709716796875,46.99250030517578,47.10749816894531,46.29999923706055,46.35499954223633,69940800
2018-07-09,44.987064361572266,47.64500045776367,47.66999816894531,47.32500076293945,47.375,79026400
2018-07-10,44.93277740478516,47.587501525878906,47.81999969482422,47.54499816894531,47.6775016784668,63756400
2018-07-11,44.34971618652344,46.970001220703125,47.44499969482422,46.90250015258789,47.125,75326000
2018-07-12,45.09328842163086,47.75749969482422,47.852500915527344,47.32749938964844,47.38249969482422,72164400
2018-07-13,45.16410446166992,47.83250045776367,47.959999084472656,47.72499847412109,47.77000045776367,50055600
2018-07-16,45.06495666503906,47.727500915527344,48.16249847412109,47.60499954223633,47.880001068115234,60172400
2018-07-17,45.19242858886719,47.86249923706055,47.96749877929688,47.29999923706055,47.4375,62138000
2018-07-18,44.9445686340332,47.59999847412109,47.95000076293945,47.48249816894531,47.94499969482422,65573600
2018-07-19,45.29392623901367,47.970001220703125,48.13750076293945,47.42250061035156,47.42250061035156,81147200
2018-07-20,45.19007873535156,47.86000061035156,48.10749816894531,47.54249954223633,47.94499969482422,82704800
2018-07-23,45.23019409179688,47.90250015258789,47.9900016784668,47.38999938964844,47.66999816894531,63957600
2018-07-24,45.55830764770508,48.25,48.415000915527344,48.01250076293945,48.11249923706055,74791600
2018-07-25,45.98792266845703,48.70500183105469,48.712501525878906,48.10749816894531,48.26499938964844,66839600
2018-07-26,45.84394073486328,48.5525016784668,48.9900016784668,48.40250015258789,48.65250015258789,76304000
2018-07-27,45.08147811889648,47.744998931884766,48.79750061035156,47.525001525878906,48.747501373291016,96096000
2018-07-30,44.82890701293945,47.477500915527344,48.04999923706055,47.26750183105469,47.97499847412109,84118000
2018-07-31,44.918601989746094,47.5724983215332,48.03499984741211,47.334999084472656,47.57500076293945,157492000
2018-08-01,47.56476974487305,50.375,50.43999862670898,49.32749938964844,49.782501220703125,271742800
2018-08-02,48.95511245727539,51.84749984741211,52.095001220703125,50.087501525878906,50.14500045776367,249616000
2018-08-03,49.09675979614258,51.997501373291016,52.185001373291016,51.369998931884766,51.75749969482422,133789600
2018-08-06,49.35169219970703,52.26750183105469,52.3125,51.76750183105469,52.0,101701600
2018-08-07,48.88903045654297,51.77750015258789,52.375,51.68999862670898,52.33000183105469,102349600
2018-08-08,48.92208099365234,51.8125,51.95249938964844,51.130001068115234,51.51250076293945,90102000
2018-08-09,49.30684280395508,52.220001220703125,52.44499969482422,51.79999923706055,52.38249969482422,93970400
2018-08-10,49.15997314453125,51.88249969482422,52.275001525878906,51.66749954223633,51.84000015258789,98444800
2018-08-13,49.47740173339844,52.21749877929688,52.73749923706055,51.92499923706055,52.32749938964844,103563600
2018-08-14,49.685848236083984,52.4375,52.63999938964844,52.06499862670898,52.540000915527344,82992000
2018-08-15,49.80192565917969,52.560001373291016,52.685001373291016,52.08250045776367,52.30500030517578,115230400
2018-08-16,50.53150939941406,53.33000183105469,53.45249938964844,52.86750030517578,52.9375,114001600
2018-08-17,51.54064178466797,54.39500045776367,54.48749923706055,53.290000915527344,53.36000061035156,141708000
2018-08-20,51.0384521484375,53.8650016784668,54.79499816894531,53.77750015258789,54.525001525878906,121150800
2018-08-21,50.93894958496094,53.7599983215332,54.29750061035156,53.50749969482422,54.20000076293945,104639200
2018-08-22,50.94132232666016,53.76250076293945,54.09000015258789,53.459999084472656,53.525001525878906,76072400
2018-08-23,51.04556274414063,53.872501373291016,54.26250076293945,53.650001525878906,53.66249847412109,75532800
2018-08-24,51.20426177978516,54.040000915527344,54.22499847412109,53.77750015258789,54.150001525878906,73905600
2018-08-27,51.62590789794922,54.48500061035156,54.685001373291016,54.08250045776367,54.28749847412109,82100400
2018-08-28,52.04281997680664,54.92499923706055,55.1349983215332,54.72999954223633,54.75249862670898,91107200
2018-08-29,52.81977844238281,55.744998931884766,55.872501373291016,54.852500915527344,55.03749847412109,109019200
2018-08-30,53.305397033691406,56.25749969482422,57.06499862670898,55.59999847412109,55.8125,195175200
2018-08-31,53.921295166015625,56.907501220703125,57.21749877929688,56.5,56.62749862670898,173360400
2018-09-04,54.09420776367188,57.09000015258789,57.29499816894531,56.657501220703125,57.102500915527344,109560400
2018-09-05,53.74126815795898,56.71749877929688,57.41749954223633,56.275001525878906,57.247501373291016,133332000
2018-09-06,52.84821701049805,55.775001525878906,56.837501525878906,55.32500076293945,56.557498931884766,137160000
2018-09-07,52.42182922363281,55.32500076293945,56.34249877929688,55.1775016784668,55.462501525878906,150479200
2018-09-10,51.718292236328125,54.58250045776367,55.462501525878906,54.11750030517578,55.23749923706055,158066000
2018-09-11,53.02587890625,55.962501525878906,56.07500076293945,54.13999938964844,54.50249862670898,142996000
2018-09-12,52.36735153198242,55.26750183105469,56.25,54.959999084472656,56.23500061035156,197114800
2018-09-13,53.632301330566406,56.602500915527344,57.087501525878906,55.64250183105469,55.880001068115234,166825600
2018-09-14,53.02350997924805,55.959999084472656,56.709999084472656,55.630001068115234,56.4375,127997200
2018-09-17,51.61170196533203,54.470001220703125,55.73749923706055,54.317501068115234,55.53749847412109,148780400
2018-09-18,51.696964263916016,54.560001373291016,55.462501525878906,54.27999877929688,54.4474983215332,126286800
2018-09-19,51.72776794433594,54.59249877929688,54.90499877929688,53.82500076293945,54.625,108495200
2018-09-20,52.12100601196289,55.00749969482422,55.56999969482422,54.78749847412109,55.060001373291016,106435200
2018-09-21,51.55958557128906,54.415000915527344,55.34000015258789,54.3224983215332,55.19499969482422,384986800
2018-09-24,52.3010139465332,55.1974983215332,55.31499862670898,54.157501220703125,54.20500183105469,110773600
2018-09-25,52.63266372680664,55.54750061035156,55.70500183105469,54.92499923706055,54.9375,98217600
2018-09-26,52.213375091552734,55.10499954223633,55.9375,54.93999862670898,55.25,95938800
2018-09-27,53.286434173583984,56.23749923706055,56.61000061035156,55.8849983215332,55.95500183105469,120724800
2018-09-28,53.47358322143555,56.435001373291016,56.459999084472656,56.005001068115234,56.1974983215332,91717600
2018-10-01,53.83363723754883,56.81499862670898,57.35499954223633,56.587501525878906,56.98749923706055,94403200
2018-10-02,54.3121452331543,57.31999969482422,57.5,56.657501220703125,56.8125,99152800
2018-10-03,54.97303771972656,58.01750183105469,58.36750030517578,57.44499969482422,57.51250076293945,114619200
2018-10-04,54.00655746459961,56.997501373291016,58.087501525878906,56.682498931884766,57.69499969482422,128168000
2018-10-05,53.130104064941406,56.0724983215332,57.102500915527344,55.14500045776367,56.9900016784668,134322000
2018-10-08,53.006927490234375,55.942501068115234,56.20000076293945,55.04999923706055,55.5525016784668,118655600
2018-10-09,53.74126815795898,56.71749877929688,56.817501068115234,55.5625,55.90999984741211,107564000
2018-10-10,51.25162887573242,54.09000015258789,56.587501525878906,54.01250076293945,56.3650016784668,167962400
2018-10-11,50.799198150634766,53.61249923706055,54.875,53.08000183105469,53.630001068115234,212497600
2018-10-12,52.61370468139648,55.52750015258789,55.720001220703125,54.209999084472656,55.10499954223633,161351600
2018-10-15,51.48851776123047,54.34000015258789,55.45750045776367,54.317501068115234,55.290000915527344,123164000
2018-10-16,52.62318420410156,55.53749847412109,55.747501373291016,54.18999862670898,54.73249816894531,116736000
2018-10-17,52.39577102661133,55.29750061035156,55.65999984741211,54.834999084472656,55.57500076293945,91541600
2018-10-18,51.17110824584961,54.005001068115234,54.935001373291016,53.25,54.46500015258789,130325200
2018-10-19,51.9504508972168,54.82749938964844,55.31499862670898,54.35749816894531,54.51499938964844,132314800
2018-10-22,52.267860412597656,55.16249847412109,55.84000015258789,54.73500061035156,54.9474983215332,115168400
2018-10-23,52.76057815551758,55.682498931884766,55.8125,53.67499923706055,53.95750045776367,155071200
2018-10-24,50.9508056640625,53.772499084472656,56.057498931884766,53.6349983215332,55.650001525878906,163702000
2018-10-25,52.066505432128906,54.95000076293945,55.345001220703125,54.1875,54.4275016784668,119423200
2018-10-26,51.2374267578125,54.07500076293945,55.04750061035156,53.16749954223633,53.97499847412109,189033600
2018-10-29,50.27569580078125,53.060001373291016,54.92250061035156,51.522499084472656,54.79750061035156,183742000
2018-10-30,50.52677154541016,53.32500076293945,53.79499816894531,52.317501068115234,52.78749847412109,146640000
2018-10-31,51.84383773803711,54.71500015258789,55.11249923706055,54.15499877929688,54.220001220703125,153435600
2018-11-01,52.63975524902344,55.55500030517578,55.59000015258789,54.20249938964844,54.76250076293945,233292800
2018-11-02,49.14813232421875,51.869998931884766,53.41249847412109,51.35749816894531,52.38750076293945,365314800
2018-11-05,47.75289535522461,50.397499084472656,51.09749984741211,49.54249954223633,51.07500076293945,264654800
2018-11-06,48.269309997558594,50.942501068115234,51.18000030517578,50.42250061035156,50.47999954223633,127531600
2018-11-07,49.73322677612305,52.48749923706055,52.51499938964844,51.032501220703125,51.49250030517578,133697600
2018-11-08,49.55970001220703,52.122501373291016,52.52999877929688,51.6875,52.494998931884766,101450400
2018-11-09,48.60411834716797,51.11750030517578,51.50249862670898,50.5625,51.38750076293945,137463200
2018-11-12,46.15572738647461,48.54249954223633,49.962501525878906,48.4474983215332,49.75,204542000
2018-11-13,45.69456481933594,48.057498931884766,49.29499816894531,47.86249923706055,47.907501220703125,187531600
2018-11-14,44.40381622314453,46.70000076293945,48.619998931884766,46.48249816894531,48.47499847412109,243204000
2018-11-15,45.499656677246094,47.852500915527344,47.99250030517578,46.72499847412109,47.09749984741211,185915200
2018-11-16,46.00360107421875,48.38249969482422,48.74250030517578,47.3650016784668,47.625,147713200
2018-11-19,44.18038558959961,46.46500015258789,47.67499923706055,46.247501373291016,47.5,167701200
2018-11-20,42.06953048706055,44.244998931884766,45.36750030517578,43.87749862670898,44.59249877929688,271300800
2018-11-21,42.02198791503906,44.19499969482422,45.067501068115234,44.13750076293945,44.932498931884766,124496800
2018-11-23,40.954681396484375,43.0724983215332,44.150001525878906,43.025001525878906,43.73500061035156,94496000
2018-11-26,41.50854110717773,43.65499877929688,43.73749923706055,42.56499862670898,43.560001373291016,179994000
2018-11-27,41.41822052001953,43.560001373291016,43.692501068115234,42.720001220703125,42.87749862670898,165549600
2018-11-28,43.0108528137207,45.23500061035156,45.3224983215332,43.73249816894531,44.182498931884766,184250000
2018-11-29,42.68043899536133,44.88750076293945,45.70000076293945,44.42499923706055,45.665000915527344,167080000
2018-11-30,42.44985961914063,44.64500045776367,45.08250045776367,44.25749969482422,45.0724983215332,158126000
2018-12-03,43.93315887451172,46.20500183105469,46.23500061035156,45.3025016784668,46.1150016784668,163210000
2018-12-04,42.00059509277344,44.17250061035156,45.59749984741211,44.067501068115234,45.23749923706055,165377200
2018-12-06,41.53230285644531,43.68000030517578,43.69499969482422,42.60499954223633,42.93999862670898,172393600
2018-12-07,40.05138397216797,42.122501373291016,43.622501373291016,42.07500076293945,43.372501373291016,169126400
2018-12-10,40.315242767333984,42.400001525878906,42.522499084472656,40.83250045776367,41.25,248104000
2018-12-11,40.08466720581055,42.157501220703125,42.9474983215332,41.75,42.915000915527344,189126800
2018-12-12,40.196388244628906,42.275001525878906,42.97999954223633,42.255001068115234,42.59999847412109,142510800
2018-12-13,40.63615798950195,42.73749923706055,43.14250183105469,42.38750076293945,42.622501373291016,127594400
2018-12-14,39.33588790893555,41.369998931884766,42.27000045776367,41.31999969482422,42.25,162814800
2018-12-17,38.96981048583984,40.98500061035156,42.087501525878906,40.682498931884766,41.36249923706055,177151600
2018-12-18,39.47613906860352,41.51750183105469,41.88249969482422,41.09749984741211,41.345001220703125,135366000
2018-12-19,38.24481201171875,40.22249984741211,41.86249923706055,39.772499084472656,41.5,196189200
2018-12-20,37.27972412109375,39.20750045776367,40.52750015258789,38.82500076293945,40.09999847412109,259092000
2018-12-21,35.82969284057617,37.682498931884766,39.540000915527344,37.407501220703125,39.21500015258789,382978400
2018-12-24,34.90262222290039,36.70750045776367,37.88750076293945,36.647499084472656,37.03749847412109,148676800
2018-12-26,37.36053085327149,39.29249954223633,39.307498931884766,36.68000030517578,37.07500076293945,234330000
2018-12-27,37.11808776855469,39.03749847412109,39.192501068115234,37.51750183105469,38.959999084472656,212468400
2018-12-28,37.137088775634766,39.057498931884766,39.630001068115234,38.63750076293945,39.375,169165600
2018-12-31,37.49603271484375,39.435001373291016,39.84000015258789,39.119998931884766,39.63249969482422,140014000
2019-01-02,37.538818359375,39.47999954223633,39.712501525878906,38.557498931884766,38.72249984741211,148158800
2019-01-03,33.7996826171875,35.54750061035156,36.43000030517578,35.5,35.994998931884766,365248800
2019-01-04,35.2425651550293,37.06499862670898,37.13750076293945,35.95000076293945,36.13249969482422,234428400
2019-01-07,35.164119720458984,36.98249816894531,37.20750045776367,36.47499847412109,37.17499923706055,219111200
2019-01-08,35.83445739746094,37.6875,37.95500183105469,37.130001068115234,37.38999938964844,164101200
2019-01-09,36.44297790527344,38.32749938964844,38.63249969482422,37.407501220703125,37.8224983215332,180396400
2019-01-10,36.55947113037109,38.45000076293945,38.49250030517578,37.71500015258789,38.125,143122800
2019-01-11,36.20052719116211,38.0724983215332,38.42499923706055,37.87749862670898,38.220001220703125,108092800
2019-01-14,35.65616989135742,37.5,37.817501068115234,37.30500030517578,37.712501525878906,129756800
2019-01-15,36.38594436645508,38.26750183105469,38.34749984741211,37.51250076293945,37.567501068115234,114843600
2019-01-16,36.8304443359375,38.73500061035156,38.970001220703125,38.25,38.27000045776367,122278800
2019-01-17,37.04914093017578,38.96500015258789,39.415000915527344,38.31499862670898,38.54999923706055,119284800
2019-01-18,37.27734375,39.20500183105469,39.470001220703125,38.994998931884766,39.375,135004000
2019-01-22,36.44060516357422,38.32500076293945,39.182498931884766,38.15499877929688,39.102500915527344,121576000
2019-01-23,36.587989807128906,38.47999954223633,38.78499984741211,37.92499923706055,38.53749847412109,92522400
2019-01-24,36.29798126220703,38.17499923706055,38.619998931884766,37.935001373291016,38.52750015258789,101766000
2019-01-25,37.50077438354492,39.43999862670898,39.532501220703125,38.58000183105469,38.869998931884766,134142000
2019-01-28,37.15373611450195,39.07500076293945,39.08250045776367,38.415000915527344,38.9474983215332,104768400
2019-01-29,36.76864242553711,38.66999816894531,39.532501220703125,38.52750015258789,39.0625,166348800
2019-01-30,39.28121566772461,41.3125,41.53749847412109,40.057498931884766,40.8125,244439200
2019-01-31,39.56409454345703,41.61000061035156,42.25,41.13999938964844,41.52750015258789,162958400
2019-02-01,39.58311462402344,41.630001068115234,42.244998931884766,41.48249816894531,41.7400016784668,130672400
2019-02-04,40.70745849609375,42.8125,42.915000915527344,41.81999969482422,41.852500915527344,125982000
2019-02-05,41.40394592285156,43.54499816894531,43.77000045776367,43.087501525878906,43.21500015258789,144406400
2019-02-06,41.41822052001953,43.560001373291016,43.89250183105469,43.212501525878906,43.66249847412109,112958400
2019-02-07,40.63378143310547,42.73500061035156,43.48500061035156,42.584999084472656,43.09999847412109,126966800
2019-02-08,40.6815185546875,42.602500915527344,42.665000915527344,42.10499954223633,42.247501373291016,95280000
2019-02-11,40.44755554199219,42.35749816894531,42.8025016784668,42.3125,42.76250076293945,83973600
2019-02-12,40.79610824584961,42.72249984741211,42.75,42.42499923706055,42.525001525878906,89134000
2019-02-13,40.62661743164063,42.54499816894531,43.119998931884766,42.47999954223633,42.84749984741211,89960800
2019-02-14,40.77462005615234,42.70000076293945,42.81499862670898,42.345001220703125,42.4275016784668,87342800
2019-02-15,40.68390274047852,42.60499954223633,42.92499923706055,42.4375,42.8125,98507200
2019-02-19,40.80565643310547,42.73249816894531,42.86000061035156,42.372501373291016,42.4275016784668,75891200
2019-02-20,41.06825256347656,43.00749969482422,43.33000183105469,42.747501373291016,42.79750061035156,104457600
2019-02-21,40.836692810058594,42.76499938964844,43.09249877929688,42.57500076293945,42.95000076293945,68998800
2019-02-22,41.29265213012695,43.24250030517578,43.25,42.845001220703125,42.89500045776367,75652800
2019-02-25,41.59346008300781,43.557498931884766,43.96749877929688,43.48749923706055,43.540000915527344,87493600
2019-02-26,41.617332458496094,43.58250045776367,43.82500076293945,43.29249954223633,43.4275016784668,68280800
2019-02-27,41.74625396728516,43.71749877929688,43.75,43.182498931884766,43.3025016784668,111341600
2019-02-28,41.33562850952149,43.28749847412109,43.727500915527344,43.22999954223633,43.58000183105469,112861600
2019-03-01,41.77011489868164,43.74250030517578,43.78749847412109,43.22249984741211,43.56999969482422,103544800
2019-03-04,41.98020553588867,43.962501525878906,44.4375,43.49250030517578,43.92250061035156,109744800
2019-03-05,41.90380859375,43.88249969482422,44.0,43.6349983215332,43.98500061035156,78949600
2019-03-06,41.662689208984375,43.630001068115234,43.872501373291016,43.48500061035156,43.66749954223633,83241600
2019-03-07,41.180458068847656,43.125,43.61000061035156,43.005001068115234,43.46749877929688,99185600
2019-03-08,41.27833938598633,43.227500915527344,43.26750183105469,42.375,42.58000183105469,95997600
2019-03-11,42.70831298828125,44.72499847412109,44.77999877929688,43.837501525878906,43.872501373291016,128044000
2019-03-12,43.18815612792969,45.227500915527344,45.66749954223633,44.84249877929688,45.0,129870400
2019-03-13,43.37914276123047,45.4275016784668,45.82500076293945,45.22999954223633,45.5625,124130000
2019-03-14,43.861366271972656,45.932498931884766,46.025001525878906,45.63999938964844,45.97499847412109,94318000
2019-03-15,44.431915283203125,46.52999877929688,46.83250045776367,45.935001373291016,46.212501525878906,156171600
2019-03-18,44.88551330566406,47.005001068115234,47.09749984741211,46.4474983215332,46.45000076293945,104879200
2019-03-19,44.52981185913086,46.63249969482422,47.247501373291016,46.47999954223633,47.087501525878906,126585600
2019-03-20,44.91893768310547,47.040000915527344,47.372501373291016,46.182498931884766,46.557498931884766,124140800
2019-03-21,46.57330322265625,48.772499084472656,49.08250045776367,47.45249938964844,47.505001068115234,204136800
2019-03-22,45.60884094238281,47.76250076293945,49.42250061035156,47.69499969482422,48.834999084472656,169630800
2019-03-25,45.057395935058594,47.185001373291016,47.994998931884766,46.650001525878906,47.87749862670898,175381200
2019-03-26,44.59187316894531,46.6974983215332,48.220001220703125,46.14500045776367,47.915000915527344,199202000
2019-03-27,44.99293899536133,47.11750030517578,47.43999862670898,46.63750076293945,47.1875,119393600
2019-03-28,45.0526123046875,47.18000030517578,47.38999938964844,46.88249969482422,47.23749923706055,83121600
2019-03-29,45.34624862670898,47.48749923706055,47.52000045776367,47.1349983215332,47.45750045776367,94256000
2019-04-01,45.65420913696289,47.810001373291016,47.91999816894531,47.095001220703125,47.90999984741211,111448000
2019-04-02,46.3178825378418,48.505001068115234,48.6150016784668,47.76250076293945,47.772499084472656,91062800
2019-04-03,46.635379791259766,48.837501525878906,49.125,48.28749847412109,48.3125,93087200
2019-04-04,46.71654891967773,48.92250061035156,49.09249877929688,48.28499984741211,48.6974983215332,76457200
2019-04-05,47.02928161621094,49.25,49.275001525878906,48.98249816894531,49.11249923706055,74106400
2019-04-08,47.76932907104492,50.025001525878906,50.057498931884766,49.084999084472656,49.10499954223633,103526800
2019-04-09,47.626094818115234,49.875,50.712501525878906,49.807498931884766,50.08000183105469,143072800
2019-04-10,47.89346694946289,50.15499877929688,50.185001373291016,49.54499816894531,49.66999816894531,86781200
2019-04-11,47.49480438232422,49.73749923706055,50.25,49.61000061035156,50.212501525878906,83603200
2019-04-12,47.47568893432617,49.71749877929688,50.03499984741211,49.0525016784668,49.79999923706055,111042800
2019-04-15,47.561641693115234,49.807498931884766,49.962501525878906,49.50249862670898,49.64500045776367,70146400
2019-04-16,47.56641387939453,49.8125,50.34249877929688,49.63999938964844,49.8650016784668,102785600
2019-04-17,48.49267578125,50.782501220703125,50.845001220703125,49.65250015258789,49.8849983215332,115627200
2019-04-18,48.66694641113281,50.96500015258789,51.03749847412109,50.630001068115234,50.77999877929688,96783200
2019-04-22,48.82689666748047,51.13249969482422,51.23500061035156,50.584999084472656,50.70750045776367,77758000
2019-04-23,49.53114700317383,51.869998931884766,51.9375,50.97499847412109,51.10749816894531,93292000
2019-04-24,49.45475387573242,51.790000915527344,52.119998931884766,51.76250076293945,51.84000015258789,70162400
2019-04-25,49.00593948364258,51.31999969482422,51.93999862670898,51.27999877929688,51.70750045776367,74172800
2019-04-26,48.7719841003418,51.07500076293945,51.25,50.52999877929688,51.22499847412109,74596400
2019-04-29,48.84599304199219,51.15250015258789,51.49250030517578,50.96500015258789,51.09999847412109,88818800
2019-04-30,47.9054069519043,50.16749954223633,50.84999847412109,49.77750015258789,50.76499938964844,186139600
2019-05-01,50.256874084472656,52.630001068115234,53.82749938964844,52.307498931884766,52.470001220703125,259309200
2019-05-02,49.92982482910156,52.28749847412109,53.16249847412109,52.032501220703125,52.459999084472656,127985200
2019-05-03,50.55051040649414,52.9375,52.959999084472656,52.557498931884766,52.72249984741211,83569600
2019-05-06,49.76985931396485,52.119998931884766,52.209999084472656,50.875,51.0724983215332,129772400
2019-05-07,48.4282112121582,50.71500015258789,51.85499954223633,50.20750045776367,51.470001220703125,155054800
2019-05-08,48.43777847290039,50.72499847412109,51.334999084472656,50.4375,50.47499847412109,105358000
2019-05-09,47.91733551025391,50.18000030517578,50.41999816894531,49.165000915527344,50.09999847412109,139634400
2019-05-10,47.25353240966797,49.29499816894531,49.712501525878906,48.192501068115234,49.35499954223633,164834800
2019-05-13,44.50717544555664,46.43000030517578,47.369998931884766,45.712501525878906,46.9275016784668,229722400
2019-05-14,45.21173477172852,47.165000915527344,47.42499923706055,46.352500915527344,46.602500915527344,146118800
2019-05-15,45.75333404541016,47.72999954223633,47.9375,46.505001068115234,46.567501068115234,106178800
2019-05-16,45.552040100097656,47.52000045776367,48.11750030517578,47.209999084472656,47.477500915527344,132125600
2019-05-17,45.293216705322266,47.25,47.72499847412109,46.68999862670898,46.73249816894531,131516400
2019-05-20,43.87690353393555,45.772499084472656,46.087501525878906,45.06999969482422,45.880001068115234,154449200
2019-05-21,44.71806716918945,46.650001525878906,47.0,46.17499923706055,46.30500030517578,113459200
2019-05-22,43.802616119384766,45.69499969482422,46.4275016784668,45.63750076293945,46.165000915527344,118994400
2019-05-23,43.0549201965332,44.915000915527344,45.1349983215332,44.45249938964844,44.95000076293945,146118800
2019-05-24,42.88956832885742,44.74250030517578,45.53499984741211,44.65499877929688,45.04999923706055,94858800
2019-05-28,42.71223068237305,44.557498931884766,45.147499084472656,44.477500915527344,44.72999954223633,111792800
2019-05-29,42.50851058959961,44.345001220703125,44.837501525878906,44.0,44.10499954223633,113924800
2019-05-30,42.72898864746094,44.57500076293945,44.807498931884766,44.16749954223633,44.48749923706055,84873600
2019-05-31,41.95493698120117,43.76750183105469,44.497501373291016,43.747501373291016,44.057498931884766,108174400
2019-06-03,41.53076171875,43.32500076293945,44.47999954223633,42.567501068115234,43.900001525878906,161584400
2019-06-04,43.05012512207031,44.90999984741211,44.95750045776367,43.630001068115234,43.86000061035156,123872000
2019-06-05,43.74509811401367,45.6349983215332,46.247501373291016,45.28499984741211,46.06999969482422,119093600
2019-06-06,44.387351989746094,46.30500030517578,46.36750030517578,45.53749847412109,45.77000045776367,90105200
2019-06-07,45.568809509277344,47.53749847412109,47.97999954223633,46.442501068115234,46.62749862670898,122737600
2019-06-10,46.151145935058594,48.14500045776367,48.84249877929688,47.90499877929688,47.95249938964844,104883600
2019-06-11,46.68556213378906,48.70249938964844,49.0,48.400001525878906,48.71500015258789,107731600
2019-06-12,46.5369873046875,48.54750061035156,48.99250030517578,48.34749984741211,48.48749923706055,73012800
2019-06-13,46.52738571166992,48.53749847412109,49.1974983215332,48.400001525878906,48.67499923706055,86698400
2019-06-14,46.18949508666992,48.185001373291016,48.397499084472656,47.57500076293945,47.88750076293945,75046000
2019-06-17,46.465087890625,48.47249984741211,48.7400016784668,48.04249954223633,48.22499847412109,58676400
2019-06-18,47.55788040161133,49.61249923706055,50.0724983215332,48.8025016784668,49.01250076293945,106204000
2019-06-19,47.41886901855469,49.46749877929688,49.970001220703125,49.32749938964844,49.91999816894531,84496800
2019-06-20,47.79991149902344,49.8650016784668,50.15250015258789,49.50749969482422,50.09249877929688,86056000
2019-06-21,47.636962890625,49.69499969482422,50.212501525878906,49.53749847412109,49.70000076293945,191202400
2019-06-24,47.58903503417969,49.64500045776367,50.040000915527344,49.54249954223633,49.6349983215332,72881600
2019-06-25,46.86769104003906,48.89250183105469,49.81499862670898,48.8224983215332,49.60749816894531,84281200
2019-06-26,47.88139724731445,49.95000076293945,50.247501373291016,49.337501525878906,49.442501068115234,104270000
2019-06-27,47.86701583862305,49.935001373291016,50.39250183105469,49.89250183105469,50.0724983215332,83598800
2019-06-28,47.43086624145508,49.47999954223633,49.875,49.26250076293945,49.66999816894531,124442400
2019-07-01,48.30078506469727,50.38750076293945,51.122501373291016,50.16249847412109,50.79249954223633,109012000
2019-07-02,48.58356857299805,50.682498931884766,50.782501220703125,50.34000015258789,50.352500915527344,67740800
2019-07-03,48.98616027832031,51.102500915527344,51.11000061035156,50.67250061035156,50.81999969482422,45448000
2019-07-05,48.94302749633789,51.057498931884766,51.27000045776367,50.72499847412109,50.837501525878906,69062000
2019-07-08,47.934120178222656,50.005001068115234,50.34999847412109,49.602500915527344,50.20249938964844,101354400
2019-07-09,48.22649765014648,50.310001373291016,50.37749862670898,49.70249938964844,49.79999923706055,82312000
2019-07-10,48.7033805847168,50.807498931884766,50.932498931884766,50.38999938964844,50.462501525878906,71588400
2019-07-11,48.34871673583984,50.4375,51.09749984741211,50.4275016784668,50.82749938964844,80767200
2019-07-12,48.72016525268555,50.82500076293945,51.0,50.54999923706055,50.61249923706055,70380800
2019-07-15,49.177879333496094,51.3025016784668,51.46749877929688,51.0,51.022499084472656,67789600
2019-07-16,49.00772857666016,51.125,51.52750015258789,50.875,51.147499084472656,67467200
2019-07-17,48.73214721679688,50.837501525878906,51.272499084472656,50.817501068115234,51.01250076293945,56430000
2019-07-18,49.28573226928711,51.415000915527344,51.470001220703125,50.92499923706055,51.0,74162400
2019-07-19,48.55001831054688,50.647499084472656,51.625,50.59000015258789,51.4474983215332,83717200
2019-07-22,49.65958023071289,51.80500030517578,51.807498931884766,50.90250015258789,50.91249847412109,89111600
2019-07-23,50.04780578613281,52.209999084472656,52.227500915527344,51.8224983215332,52.1150016784668,73420800
2019-07-24,50.007057189941406,52.16749954223633,52.28749847412109,51.79249954223633,51.91749954223633,59966400
2019-07-25,49.61164474487305,51.755001068115234,52.310001373291016,51.682498931884766,52.22249984741211,55638400
2019-07-26,49.7841911315918,51.935001373291016,52.432498931884766,51.78499984741211,51.869998931884766,70475600
2019-07-29,50.24909973144531,52.41999816894531,52.65999984741211,52.11000061035156,52.1150016784668,86693600
2019-07-30,50.033424377441406,52.19499969482422,52.540000915527344,51.82749938964844,52.18999862670898,135742800
2019-07-31,51.05431365966797,53.2599983215332,55.34249877929688,52.82500076293945,54.10499954223633,277125600
2019-08-01,49.94953536987305,52.10749816894531,54.50749969482422,51.685001373291016,53.47499847412109,216071600
2019-08-02,48.8927001953125,51.005001068115234,51.60749816894531,50.407501220703125,51.38249969482422,163448400
2019-08-05,46.33327865600586,48.334999084472656,49.66249847412109,48.14500045776367,49.497501373291016,209572000
2019-08-06,47.21038818359375,49.25,49.51750183105469,48.5099983215332,49.07749938964844,143299200
2019-08-07,47.69926071166992,49.7599983215332,49.88999938964844,48.45500183105469,48.852500915527344,133457600
2019-08-08,48.75131988525391,50.85749816894531,50.88249969482422,49.84749984741211,50.04999923706055,108038000
2019-08-09,48.349586486816406,50.247501373291016,50.68999862670898,49.8224983215332,50.32500076293945,98478800
2019-08-12,48.226898193359375,50.119998931884766,50.51250076293945,49.78749847412109,49.90499877929688,89927600
2019-08-13,50.26922225952149,52.24250030517578,53.03499984741211,50.119998931884766,50.255001068115234,188874000
2019-08-14,48.7729721069336,50.6875,51.61000061035156,50.647499084472656,50.790000915527344,146189600
2019-08-15,48.53000259399414,50.435001373291016,51.28499984741211,49.91749954223633,50.8650016784668,108909600
2019-08-16,49.6750602722168,51.625,51.790000915527344,50.959999084472656,51.06999969482422,110481600
2019-08-19,50.6011962890625,52.587501525878906,53.182498931884766,52.50749969482422,52.65499877929688,97654400
2019-08-20,50.60359954833984,52.59000015258789,53.337501525878906,52.58000183105469,52.720001220703125,107537200
2019-08-21,51.15207290649414,53.15999984741211,53.41249847412109,52.900001525878906,53.247501373291016,86141600
2019-08-22,51.1087646484375,53.1150016784668,53.61000061035156,52.6875,53.29750061035156,89014800
2019-08-23,48.74651336669922,50.65999984741211,53.01250076293945,50.25,52.35749816894531,187272000
2019-08-26,49.67265701293945,51.622501373291016,51.79750061035156,51.26499938964844,51.46500015258789,104174400
2019-08-27,49.11215972900391,51.040000915527344,52.13750076293945,50.88249969482422,51.96500015258789,103493200
2019-08-28,49.44171524047852,51.38249969482422,51.43000030517578,50.83000183105469,51.025001525878906,63755200
2019-08-29,50.27884292602539,52.25249862670898,52.33000183105469,51.665000915527344,52.125,83962000
2019-08-30,50.213905334472656,52.185001373291016,52.61249923706055,51.79999923706055,52.540000915527344,84573600
2019-09-03,49.48260498046875,51.42499923706055,51.744998931884766,51.05500030517578,51.60749816894531,80092000
2019-09-04,50.3221435546875,52.29750061035156,52.369998931884766,51.83000183105469,52.09749984741211,76752400
2019-09-05,51.3060302734375,53.31999969482422,53.49250030517578,52.87749862670898,53.0,95654800
2019-09-06,51.30122375488281,53.31499862670898,53.60499954223633,53.12749862670898,53.51250076293945,77449200
2019-09-09,51.52013397216797,53.54249954223633,54.11000061035156,52.76750183105469,53.709999084472656,109237600
2019-09-10,52.12873077392578,54.17499923706055,54.19499969482422,52.9275016784668,53.46500015258789,127111600
2019-09-11,53.78617858886719,55.897499084472656,55.9275016784668,54.432498931884766,54.51750183105469,177158400
2019-09-12,53.665897369384766,55.772499084472656,56.60499954223633,55.71500015258789,56.20000076293945,128906800
2019-09-13,52.62187957763672,54.6875,55.1974983215332,54.255001068115234,55.0,159053200
2019-09-16,52.89852523803711,54.97499847412109,55.032501220703125,54.38999938964844,54.432498931884766,84632400
2019-09-17,53.090965270996094,55.17499923706055,55.20500183105469,54.77999877929688,54.9900016784668,73274800
2019-09-18,53.58891677856445,55.692501068115234,55.712501525878906,54.86000061035156,55.26499938964844,101360000
2019-09-19,53.15351104736328,55.2400016784668,55.93999862670898,55.09249877929688,55.50249862670898,88242400
2019-09-20,52.37650680541992,54.432498931884766,55.63999938964844,54.36750030517578,55.345001220703125,221652400
2019-09-23,52.61466979980469,54.68000030517578,54.959999084472656,54.41249847412109,54.73749923706055,76662000
2019-09-24,52.364479064941406,54.41999816894531,55.622501373291016,54.29750061035156,55.25749969482422,124763200
2019-09-25,53.17034912109375,55.25749969482422,55.375,54.28499984741211,54.63750076293945,87613600
2019-09-26,52.8961181640625,54.97249984741211,55.23500061035156,54.70750045776367,55.0,75334000
2019-09-27,52.63871383666992,54.70500183105469,55.2400016784668,54.31999969482422,55.1349983215332,101408000
2019-09-30,53.877586364746094,55.99250030517578,56.14500045776367,55.1974983215332,55.22499847412109,103909600
2019-10-01,54.0267333984375,56.147499084472656,57.05500030517578,56.04999923706055,56.26750183105469,139223200
2019-10-02,52.67239761352539,54.7400016784668,55.89500045776367,54.48249816894531,55.76499938964844,138449200
2019-10-03,53.11983108520508,55.20500183105469,55.2400016784668,53.782501220703125,54.60749816894531,114426000
2019-10-04,54.60888671875,56.75249862670898,56.872501373291016,55.97249984741211,56.40999984741211,138478800
2019-10-07,54.62090301513672,56.76499938964844,57.48249816894531,56.459999084472656,56.567501068115234,122306000
2019-10-08,53.98102951049805,56.09999847412109,57.01499938964844,56.08250045776367,56.45500183105469,111820000
2019-10-09,54.61368560791016,56.75749969482422,56.9474983215332,56.40999984741211,56.75749969482422,74770400
2019-10-10,55.349796295166016,57.522499084472656,57.61000061035156,56.82500076293945,56.98249816894531,113013600
2019-10-11,56.8220100402832,59.0525016784668,59.40999984741211,58.07749938964844,58.23749923706055,166795600
2019-10-14,56.74021911621094,58.96749877929688,59.532501220703125,58.66749954223633,58.72499847412109,96427600
2019-10-15,56.60791015625,58.83000183105469,59.41249847412109,58.720001220703125,59.09749984741211,87360000
2019-10-16,56.37937927246094,58.59249877929688,58.810001373291016,58.29999923706055,58.34249877929688,73903200
2019-10-17,56.598289489746094,58.81999969482422,59.03749847412109,58.380001068115234,58.772499084472656,67585200
2019-10-18,56.87010955810547,59.102500915527344,59.39500045776367,58.5724983215332,58.647499084472656,97433600
2019-10-21,57.85639190673828,60.12749862670898,60.247501373291016,59.33000183105469,59.380001068115234,87247200
2019-10-22,57.724098205566406,59.9900016784668,60.54999923706055,59.90499877929688,60.290000915527344,82293600
2019-10-23,58.49868392944336,60.79499816894531,60.810001373291016,60.30500030517578,60.525001525878906,75828800
2019-10-24,58.594913482666016,60.89500045776367,61.20000076293945,60.45249938964844,61.12749862670898,69275200
2019-10-25,59.31658935546875,61.64500045776367,61.682498931884766,60.720001220703125,60.790000915527344,73477200
2019-10-28,59.9107551574707,62.26250076293945,62.3125,61.68000030517578,61.85499954223633,96572800
2019-10-29,58.525146484375,60.8224983215332,62.4375,60.64250183105469,62.24250030517578,142839600
2019-10-30,58.51794052124024,60.81499862670898,61.32500076293945,60.3025016784668,61.18999862670898,124522000
2019-10-31,59.84100341796875,62.18999862670898,62.29249954223633,59.31499862670898,61.810001373291016,139162000
2019-11-01,61.539337158203125,63.95500183105469,63.98249816894531,62.290000915527344,62.3849983215332,151125200
2019-11-04,61.94346237182617,64.375,64.4625015258789,63.845001220703125,64.3324966430664,103272000
2019-11-05,61.85446548461914,64.28250122070312,64.54750061035156,64.08000183105469,64.26249694824219,79897600
2019-11-06,61.88092041015625,64.30999755859375,64.37249755859375,63.84249877929688,64.19249725341797,75864400
2019-11-07,62.59510040283203,64.85749816894531,65.0875015258789,64.52749633789062,64.68499755859375,94940400
2019-11-08,62.76642990112305,65.03500366210938,65.11000061035156,64.2125015258789,64.67250061035156,69986400
2019-11-11,63.26346206665039,65.55000305175781,65.61750030517578,64.56999969482422,64.57499694824219,81821200
2019-11-12,63.205543518066406,65.48999786376953,65.69750213623047,65.2300033569336,65.38749694824219,87388800
2019-11-13,63.81117248535156,66.11750030517578,66.19499969482422,65.26750183105469,65.28250122070312,102734400
2019-11-14,63.36962890625,65.66000366210938,66.22000122070312,65.5250015258789,65.9375,89182800
2019-11-15,64.12240600585938,66.44000244140625,66.44499969482422,65.75250244140625,65.91999816894531,100206400
2019-11-18,64.44570922851562,66.7750015258789,66.85749816894531,66.05750274658203,66.44999694824219,86703200
2019-11-19,64.25029754638672,66.57250213623047,67.0,66.34750366210938,66.9749984741211,76167200
2019-11-20,63.50233840942383,65.79750061035156,66.5199966430664,65.0999984741211,66.38500213623047,106234400
2019-11-21,63.21760559082031,65.50250244140625,66.00250244140625,65.29499816894531,65.92250061035156,121395200
2019-11-22,63.16211700439453,65.44499969482422,65.79499816894531,65.20999908447266,65.64749908447266,65325200
2019-11-25,64.26959228515625,66.59249877929688,66.61000061035156,65.62999725341797,65.67749786376953,84020400
2019-11-26,63.76771545410156,66.07250213623047,66.79000091552734,65.625,66.73500061035156,105207600
2019-11-27,64.62425994873047,66.95999908447266,66.99500274658203,66.32749938964844,66.3949966430664,65235600
2019-11-29,64.48190307617188,66.8125,67.0,66.4749984741211,66.6500015258789,46617600
2019-12-02,63.73635482788086,66.04000091552734,67.0625,65.86250305175781,66.81749725341797,94487200
2019-12-03,62.59994125366211,64.86250305175781,64.88249969482422,64.07250213623047,64.57749938964844,114430400
2019-12-04,63.152462005615234,65.43499755859375,65.82749938964844,65.16999816894531,65.26750183105469,67181600
2019-12-05,64.07898712158203,66.3949966430664,66.47250366210938,65.68250274658203,65.94750213623047,74424400
2019-12-06,65.31673431396484,67.67749786376953,67.75,66.82499694824219,66.87000274658203,106075600
2019-12-09,64.40228271484375,66.7300033569336,67.69999694824219,66.22750091552734,67.5,128042400
2019-12-10,64.77869415283203,67.12000274658203,67.51750183105469,66.46499633789062,67.1500015258789,90420400
2019-12-11,65.33122253417969,67.69249725341797,67.7750015258789,67.125,67.20249938964844,78756800
2019-12-12,65.49767303466797,67.86499786376953,68.13999938964844,66.83000183105469,66.94499969482422,137310400
2019-12-13,66.38800048828125,68.7874984741211,68.82499694824219,67.73249816894531,67.86499786376953,133587600
2019-12-16,67.52442932128906,69.96499633789062,70.19750213623047,69.24500274658203,69.25,128186000
2019-12-17,67.65715789794922,70.10250091552734,70.44249725341797,69.69999694824219,69.89250183105469,114158400
2019-12-18,67.49549102783203,69.93499755859375,70.4749984741211,69.77999877929688,69.94999694824219,116028400
2019-12-19,67.56304931640625,70.00499725341797,70.29499816894531,69.73750305175781,69.875,98369200
2019-12-20,67.42311096191406,69.86000061035156,70.6624984741211,69.63999938964844,70.55750274658203,275978000
2019-12-23,68.52334594726562,71.0,71.0625,70.09249877929688,70.13249969482422,98572000
2019-12-24,68.58849334716797,71.06749725341797,71.22250366210938,70.7300033569336,71.17250061035156,48478800
2019-12-26,69.94931030273438,72.47750091552734,72.49500274658203,71.17500305175781,71.20500183105469,93121200
2019-12-27,69.92276000976562,72.44999694824219,73.49250030517578,72.02999877929688,72.77999877929688,146266000
2019-12-30,70.33776092529297,72.87999725341797,73.17250061035156,71.30500030517578,72.36499786376953,144114400
2019-12-31,70.85169982910156,73.4124984741211,73.41999816894531,72.37999725341797,72.48249816894531,100805600
2020-01-02,72.46826171875,75.0875015258789,75.1500015258789,73.79750061035156,74.05999755859375,135480400
2020-01-03,71.76371765136719,74.35749816894531,75.1449966430664,74.125,74.2874984741211,146322800
2020-01-06,72.33556365966797,74.94999694824219,74.98999786376953,73.1875,73.44750213623047,118387200
2020-01-07,71.99535369873047,74.59750366210938,75.2249984741211,74.37000274658203,74.95999908447266,108872000
2020-01-08,73.15350341796875,75.79750061035156,76.11000061035156,74.29000091552734,74.29000091552734,132079200
2020-01-09,74.70735168457031,77.40750122070312,77.60749816894531,76.55000305175781,76.80999755859375,170108400
2020-01-10,74.8762435913086,77.5824966430664,78.1675033569336,77.0625,77.6500015258789,140644800
2020-01-13,76.47590637207031,79.23999786376953,79.26750183105469,77.7874984741211,77.91000366210938,121532000
2020-01-14,75.44322967529297,78.16999816894531,79.39250183105469,78.0425033569336,79.17500305175781,161954400
2020-01-15,75.11991882324219,77.83499908447266,78.875,77.38749694824219,77.9625015258789,121923600
2020-01-16,76.0609130859375,78.80999755859375,78.92500305175781,78.02249908447266,78.39749908447266,108829200
2020-01-17,76.90298461914062,79.68250274658203,79.68499755859375,78.75,79.06749725341797,137816400
2020-01-21,76.38182830810547,79.14250183105469,79.75499725341797,79.0,79.29750061035156,110843200
2020-01-22,76.65444946289062,79.42500305175781,79.99749755859375,79.32749938964844,79.6449966430664,101832400
2020-01-23,77.02362060546875,79.80750274658203,79.88999938964844,78.9124984741211,79.4800033569336,104472000
2020-01-24,76.80164337158203,79.57749938964844,80.8324966430664,79.37999725341797,80.0625,146537600
2020-01-27,74.54325866699219,77.23750305175781,77.94249725341797,76.22000122070312,77.51499938964844,161940000
2020-01-28,76.65206146240234,79.42250061035156,79.5999984741211,78.04750061035156,78.1500015258789,162234000
2020-01-29,78.25656127929688,81.08499908447266,81.9625015258789,80.34500122070312,81.11250305175781,216229200
2020-01-30,78.14313507080078,80.96749877929688,81.02249908447266,79.6875,80.13500213623047,126743200
2020-01-31,74.67838287353516,77.37750244140625,80.66999816894531,77.07250213623047,80.23249816894531,199588400
2020-02-03,74.47328186035156,77.16500091552734,78.37249755859375,75.55500030517578,76.07499694824219,173788400
2020-02-04,76.93193054199219,79.7125015258789,79.91000366210938,78.40750122070312,78.82749938964844,136616400
2020-02-05,77.55926513671875,80.36250305175781,81.19000244140625,79.73750305175781,80.87999725341797,118826800
2020-02-06,78.46646118164062,81.30249786376953,81.30500030517578,80.06500244140625,80.64250183105469,105425600
2020-02-07,77.39990234375,80.00749969482422,80.8499984741211,79.5,80.59249877929688,117684000
2020-02-10,77.76751708984375,80.38749694824219,80.38749694824219,78.4625015258789,78.54499816894531,109348800
2020-02-11,77.29832458496094,79.90249633789062,80.9749984741211,79.67749786376953,80.9000015258789,94323200
2020-02-12,79.13397979736328,81.80000305175781,81.80500030517578,80.36750030517578,80.36750030517578,113730400
2020-02-13,78.57044982910156,81.21749877929688,81.55500030517578,80.8375015258789,81.04750061035156,94747600
2020-02-14,78.58979797363281,81.23750305175781,81.49500274658203,80.7125015258789,81.18499755859375,80113600
2020-02-18,77.15076446533203,79.75,79.9375,78.65249633789062,78.83999633789062,152531200
2020-02-19,78.26813507080078,80.90499877929688,81.14250183105469,80.0,80.0,93984000
2020-02-20,77.4652099609375,80.07499694824219,81.1624984741211,79.55249786376953,80.65750122070312,100566000
2020-02-21,75.7117691040039,78.26249694824219,80.11250305175781,77.625,79.65499877929688,129554000
2020-02-24,72.11544799804688,74.54499816894531,76.04499816894531,72.30750274658203,74.31500244140625,222195200
2020-02-25,69.67271423339844,72.0199966430664,75.63249969482422,71.53250122070312,75.23750305175781,230673600
2020-02-26,70.77798461914062,73.1624984741211,74.47000122070312,71.625,71.63249969482422,198054800
2020-02-27,66.1513442993164,68.37999725341797,71.5,68.23999786376953,70.2750015258789,320605600
2020-02-28,66.11266326904297,68.33999633789062,69.60250091552734,64.09249877929688,64.31500244140625,426510000
2020-03-02,72.26780700683594,74.70249938964844,75.36000061035156,69.43000030517578,70.56999969482422,341397200
2020-03-03,69.9726333618164,72.33000183105469,76.0,71.44999694824219,75.9175033569336,319475600
2020-03-04,73.21826934814453,75.68499755859375,75.8499984741211,73.28250122070312,74.11000061035156,219178400
2020-03-05,70.8432846069336,73.2300033569336,74.88749694824219,72.85250091552734,73.87999725341797,187572800
2020-03-06,69.9024658203125,72.25749969482422,72.70500183105469,70.30750274658203,70.5,226176800
2020-03-09,64.3737564086914,66.5425033569336,69.52249908447266,65.75,65.9375,286744800
2020-03-10,69.01006317138672,71.33499908447266,71.61000061035156,67.34249877929688,69.28500366210938,285290000
2020-03-11,66.61328887939453,68.85749816894531,70.30500030517578,67.96499633789062,69.34750366210938,255598800
2020-03-12,60.0349235534668,62.057498931884766,67.5,62.0,63.98500061035156,418474000
2020-03-13,67.22760009765625,69.49250030517578,69.9800033569336,63.23749923706055,66.22250366210938,370732000
2020-03-16,58.57897567749024,60.5525016784668,64.7699966430664,60.0,60.48749923706055,322423600
2020-03-17,61.15470123291016,63.21500015258789,64.40249633789062,59.59999847412109,61.87749862670898,324056000
2020-03-18,59.65763854980469,61.66749954223633,62.5,59.27999877929688,59.942501068115234,300233600
2020-03-19,59.200531005859375,61.19499969482422,63.209999084472656,60.65250015258789,61.84749984741211,271857200
2020-03-20,55.44215774536133,57.310001373291016,62.95750045776367,57.0,61.79499816894531,401693200
2020-03-23,54.26433181762695,56.09249877929688,57.125,53.15250015258789,57.02000045776367,336752800
2020-03-24,59.70842361450195,61.720001220703125,61.92250061035156,58.57500076293945,59.09000015258789,287531200
2020-03-25,59.37950134277344,61.380001068115234,64.5625,61.07500076293945,62.6875,303602000
2020-03-26,62.50425338745117,64.61000061035156,64.66999816894531,61.59000015258789,61.630001068115234,252087200
2020-03-27,59.91642761230469,61.935001373291016,63.96749877929688,61.76250076293945,63.1875,204216800
2020-03-30,61.626312255859375,63.70249938964844,63.880001068115234,62.34999847412109,62.685001373291016,167976400
2020-03-31,61.50054168701172,63.5724983215332,65.62249755859375,63.0,63.900001525878906,197002000
2020-04-01,58.26456069946289,60.227500915527344,62.18000030517578,59.782501220703125,61.625,176218400
2020-04-02,59.2368049621582,61.23249816894531,61.28749847412109,59.22499847412109,60.084999084472656,165934000
2020-04-03,58.38548278808594,60.352500915527344,61.42499923706055,59.74250030517578,60.70000076293945,129880000
2020-04-06,63.4788932800293,65.61750030517578,65.77749633789062,62.345001220703125,62.72499847412109,201820400
2020-04-07,62.74367141723633,64.85749816894531,67.92500305175781,64.75,67.69999694824219,202887200
2020-04-08,64.34957122802734,66.51750183105469,66.84249877929688,65.30750274658203,65.68499755859375,168895200
2020-04-09,64.81391906738281,66.99749755859375,67.51750183105469,66.17500305175781,67.17500305175781,161834800
2020-04-13,66.08605194091797,68.3125,68.42500305175781,66.4574966430664,67.07749938964844,131022800
2020-04-14,69.42361450195312,71.76249694824219,72.0625,69.51249694824219,70.0,194994800
2020-04-15,68.78994750976562,71.10749816894531,71.5824966430664,70.15750122070312,70.5999984741211,131154400
2020-04-16,69.33655548095703,71.67250061035156,72.05000305175781,70.5875015258789,71.84500122070312,157125200
2020-04-17,68.39575958251953,70.69999694824219,71.73750305175781,69.21499633789062,71.17250061035156,215250000
2020-04-20,66.97608184814453,69.23249816894531,70.41999816894531,69.2125015258789,69.48750305175781,130015200
2020-04-21,64.90581512451172,67.09249877929688,69.3125,66.35749816894531,69.06999969482422,180991600
2020-04-22,66.77532196044922,69.0250015258789,69.4749984741211,68.05000305175781,68.40249633789062,116862400
2020-04-23,66.51656341552734,68.75749969482422,70.4375,68.71749877929688,68.96749877929688,124814400
2020-04-24,68.43685913085938,70.74250030517578,70.75250244140625,69.25,69.30000305175781,126161200
2020-04-27,68.4852523803711,70.7925033569336,71.13500213623047,69.98750305175781,70.44999694824219,117087600
2020-04-28,67.37513732910156,69.6449966430664,71.4574966430664,69.55000305175781,71.2699966430664,112004800
2020-04-29,69.58808898925781,71.93250274658203,72.4175033569336,70.97250366210938,71.18250274658203,137280800
2020-04-30,71.05613708496094,73.44999694824219,73.63249969482422,72.0875015258789,72.48999786376953,183064000
2020-05-01,69.91215515136719,72.26750183105469,74.75,71.4625015258789,71.5625,240616800
2020-05-04,70.9013442993164,73.29000091552734,73.42250061035156,71.58000183105469,72.2925033569336,133568000
2020-05-05,71.96549987792969,74.38999938964844,75.25,73.61499786376953,73.76499938964844,147751200
2020-05-06,72.70796966552734,75.15750122070312,75.80999755859375,74.71749877929688,75.11499786376953,142333600
2020-05-07,73.46014404296875,75.93499755859375,76.2925033569336,75.49250030517578,75.80500030517578,115215200
2020-05-08,75.20861053466797,77.53250122070312,77.5875015258789,76.07250213623047,76.41000366210938,133838400
2020-05-11,76.39202880859375,78.75250244140625,79.26249694824219,76.80999755859375,77.0250015258789,145946400
2020-05-12,75.5190200805664,77.85250091552734,79.92250061035156,77.72750091552734,79.4574966430664,162301200
2020-05-13,74.60719299316406,76.9124984741211,78.98750305175781,75.80249786376953,78.0374984741211,200622400
2020-05-14,75.06553649902344,77.38500213623047,77.44750213623047,75.38249969482422,76.12750244140625,158929200
2020-05-15,74.62174224853516,76.92749786376953,76.9749984741211,75.05249786376953,75.0875015258789,166348400
2020-05-18,76.37989807128906,78.73999786376953,79.125,77.58000183105469,78.2925033569336,135178400
2020-05-19,75.93856048583984,78.28500366210938,79.62999725341797,78.25250244140625,78.75749969482422,101729600
2020-05-20,77.4154052734375,79.80750274658203,79.87999725341797,79.12999725341797,79.16999816894531,111504800
2020-05-21,76.83826446533203,79.2125015258789,80.22250366210938,78.96749877929688,79.66500091552734,102688800
2020-05-22,77.3329849243164,79.72250366210938,79.80750274658203,78.8375015258789,78.94249725341797,81803200
2020-05-26,76.80915832519531,79.18250274658203,81.05999755859375,79.125,80.875,125522000
2020-05-27,77.1438217163086,79.52749633789062,79.67749786376953,78.27249908447266,79.03500366210938,112945200
2020-05-28,77.1777572631836,79.5625,80.86000061035156,78.90750122070312,79.19249725341797,133560800
2020-05-29,77.10257720947266,79.48500061035156,80.2874984741211,79.11750030517578,79.8125,153532400
2020-06-01,78.05077362060547,80.4625015258789,80.5875015258789,79.30249786376953,79.4375,80791200
2020-06-02,78.412109375,80.83499908447266,80.86000061035156,79.73249816894531,80.1875,87642800
2020-06-03,78.84376525878906,81.27999877929688,81.55000305175781,80.57499694824219,81.16500091552734,104491200
2020-06-04,78.16476440429688,80.58000183105469,81.40499877929688,80.19499969482422,81.09750366210938,87560400
2020-06-05,80.39095306396484,82.875,82.9375,80.80750274658203,80.8375015258789,137250400
2020-06-08,80.86627960205078,83.36499786376953,83.4000015258789,81.83000183105469,82.5625,95654400
2020-06-09,83.41986846923828,85.99749755859375,86.40249633789062,83.00250244140625,83.03500366210938,147712400
2020-06-10,85.56608581542969,88.20999908447266,88.69249725341797,86.52249908447266,86.9749984741211,166651600
2020-06-11,81.45799255371094,83.9749984741211,87.76499938964844,83.87000274658203,87.32749938964844,201662400
2020-06-12,82.16126251220703,84.69999694824219,86.94999694824219,83.55500030517578,86.18000030517578,200146000
2020-06-15,83.1773681640625,85.74749755859375,86.41999816894531,83.1449966430664,83.3125,138808800
2020-06-16,85.38174438476562,88.0199966430664,88.30000305175781,86.18000030517578,87.86499786376953,165428800
2020-06-17,85.26292419433594,87.89749908447266,88.8499984741211,87.77249908447266,88.7874984741211,114406400
2020-06-18,85.29689025878906,87.93250274658203,88.36250305175781,87.30500030517578,87.85250091552734,96820400
2020-06-19,84.80943298339844,87.43000030517578,89.13999938964844,86.2874984741211,88.66000366210938,264476000
2020-06-22,87.02836608886719,89.71749877929688,89.86499786376953,87.7874984741211,87.83499908447266,135445200
2020-06-23,88.88599395751953,91.63249969482422,93.09500122070312,90.56749725341795,91.0,212155600
2020-06-24,87.31696319580078,90.01499938964844,92.19750213623048,89.62999725341797,91.25,192623200
2020-06-25,88.47615814208984,91.20999908447266,91.25,89.39250183105469,90.1750030517578,137522400
2020-06-26,85.75765228271484,88.40750122070312,91.33000183105467,88.25499725341797,91.10250091552734,205256800
2020-06-29,87.73406982421875,90.44499969482422,90.5425033569336,87.81999969482422,88.3125,130646000
2020-06-30,88.4664306640625,91.1999969482422,91.49500274658205,90.0,90.0199966430664,140223200
2020-07-01,88.29911804199219,91.02749633789062,91.83999633789062,90.97750091552734,91.27999877929688,110737200
2020-07-02,88.29911804199219,91.02749633789062,92.61750030517578,90.91000366210938,91.9625015258789,114041600
2020-07-06,90.66112518310548,93.4625015258789,93.94499969482422,92.46749877929688,92.5,118655600
2020-07-07,90.37982177734376,93.17250061035156,94.65499877929688,93.05750274658205,93.85250091552734,112424400
2020-07-08,92.48477935791016,95.34249877929688,95.375,94.08999633789062,94.18000030517578,117092000
2020-07-09,92.88249206542967,95.75250244140624,96.31749725341795,94.67250061035156,96.2624969482422,125642800
2020-07-10,93.04496002197266,95.91999816894533,95.9800033569336,94.70500183105467,95.33499908447266,90257200
2020-07-13,92.61573791503906,95.47750091552734,99.95500183105467,95.25749969482422,97.26499938964844,191649200
2020-07-14,94.14836883544922,97.05750274658205,97.25499725341795,93.87750244140624,94.83999633789062,170989200
2020-07-15,94.79586029052734,97.7249984741211,99.24749755859376,96.48999786376952,98.98999786376952,153198000
2020-07-16,93.62940979003906,96.52249908447266,97.40499877929688,95.90499877929688,96.5625,110577600
2020-07-17,93.4402313232422,96.32749938964844,97.14749908447266,95.83999633789062,96.9875030517578,92186800
2020-07-20,95.40941619873048,98.35749816894533,98.5,96.0625,96.4175033569336,90318000
2020-07-21,94.09259796142578,97.0,99.25,96.74250030517578,99.17250061035156,103433200
2020-07-22,94.35691833496094,97.27249908447266,97.9749984741211,96.60250091552734,96.69249725341795,89001600
2020-07-23,90.06214141845703,92.84500122070312,97.07749938964844,92.01000213623048,96.99749755859376,197004400
2020-07-24,89.83902740478516,92.61499786376952,92.97000122070312,89.1449966430664,90.9875030517578,185438800
2020-07-27,91.9682388305664,94.80999755859376,94.90499877929688,93.4800033569336,93.70999908447266,121214000
2020-07-28,90.45741271972656,93.25250244140624,94.5500030517578,93.24749755859376,94.36750030517578,103625600
2020-07-29,92.19134521484376,95.04000091552734,95.2300033569336,93.7125015258789,93.75,90329200
2020-07-30,93.30689239501952,96.19000244140624,96.29750061035156,93.76750183105467,94.1875,158130000
2020-07-31,103.07503509521484,106.26000213623048,106.41500091552734,100.8249969482422,102.88500213623048,374336800
2020-08-03,105.67228698730467,108.9375,111.6374969482422,107.89250183105467,108.1999969482422,308151200
2020-08-04,106.37799835205078,109.66500091552734,110.79000091552734,108.3874969482422,109.13249969482422,173071600
2020-08-05,106.76358032226562,110.0625,110.39250183105467,108.89749908447266,109.37750244140624,121776800
2020-08-06,110.48845672607422,113.90249633789062,114.4124984741211,109.79750061035156,110.40499877929688,202428800
2020-08-07,107.9764404296875,111.1125030517578,113.6750030517578,110.2925033569336,113.20500183105467,198045600
2020-08-10,109.5458526611328,112.72750091552734,113.7750015258789,110.0,112.5999984741211,212403600
2020-08-11,106.2879638671875,109.375,112.48249816894533,109.10749816894533,111.97000122070312,187902400
2020-08-12,109.82037353515624,113.01000213623048,113.2750015258789,110.29750061035156,110.49749755859376,165598000
2020-08-13,111.76393127441406,115.01000213623048,116.0425033569336,113.92749786376952,114.43000030517578,210082000
2020-08-14,111.66431427001952,114.90750122070312,115.0,113.04499816894533,114.83000183105467,165565200
2020-08-17,111.37279510498048,114.60749816894533,116.0875015258789,113.9625015258789,116.0625,119561600
2020-08-18,112.30084228515624,115.5625,116.0,114.00749969482422,114.35250091552734,105633600
2020-08-19,112.44174194335938,115.7074966430664,117.1624984741211,115.61000061035156,115.98249816894533,145538000
2020-08-20,114.93677520751952,118.2750015258789,118.39250183105467,115.73249816894533,115.75,126907200
2020-08-21,120.85974884033205,124.37000274658205,124.86750030517578,119.25,119.2624969482422,338054800
2020-08-24,122.30525970458984,125.85749816894533,128.78500366210938,123.9375,128.69749450683594,345937600
2020-08-25,121.30191802978516,124.8249969482422,125.18000030517578,123.05249786376952,124.69750213623048,211495600
2020-08-26,122.95149993896484,126.52249908447266,126.99250030517578,125.0824966430664,126.18000030517578,163022400
2020-08-27,121.481689453125,125.01000213623048,127.48500061035156,123.8324966430664,127.14250183105467,155552400
2020-08-28,121.284912109375,124.80750274658205,126.44249725341795,124.57749938964844,126.0124969482422,187630000
2020-08-31,125.3979263305664,129.0399932861328,131.0,126.0,127.58000183105467,225702700
2020-09-01,130.39285278320312,134.17999267578125,134.8000030517578,130.52999877929688,132.75999450683594,151948100
2020-09-02,127.69132995605467,131.39999389648438,137.97999572753906,127.0,137.58999633789062,200119000
2020-09-03,117.46824645996094,120.87999725341795,128.83999633789062,120.5,126.91000366210938,257599600
2020-09-04,117.5459976196289,120.95999908447266,123.6999969482422,110.88999938964844,120.06999969482422,332607200
2020-09-08,109.63577270507812,112.81999969482422,118.98999786376952,112.68000030517578,113.9499969482422,231366600
2020-09-09,114.00871276855467,117.31999969482422,119.13999938964844,115.26000213623048,117.26000213623048,176940500
2020-09-10,110.2868423461914,113.48999786376952,120.5,112.5,120.36000061035156,182274400
2020-09-11,108.8389129638672,112.0,115.2300033569336,110.0,114.56999969482422,180860300
2020-09-14,112.10404205322266,115.36000061035156,115.93000030517578,112.8000030517578,114.72000122070312,140150100
2020-09-15,112.27896881103516,115.54000091552734,118.83000183105467,113.61000061035156,118.33000183105467,184642000
2020-09-16,108.96522521972656,112.12999725341795,116.0,112.04000091552734,115.2300033569336,154679000
2020-09-17,107.22573852539062,110.33999633789062,112.1999969482422,108.70999908447266,109.72000122070312,178011000
2020-09-18,103.8245086669922,106.83999633789062,110.87999725341795,106.08999633789062,110.4000015258789,287104900
2020-09-21,106.97307586669922,110.08000183105467,110.19000244140624,103.0999984741211,104.54000091552734,195713800
2020-09-22,108.6542510986328,111.80999755859376,112.86000061035156,109.16000366210938,112.68000030517578,183055400
2020-09-23,104.09662628173828,107.12000274658205,112.11000061035156,106.7699966430664,111.62000274658205,150718700
2020-09-24,105.16556549072266,108.22000122070312,110.25,105.0,105.16999816894533,167743300
2020-09-25,109.11096954345705,112.27999877929688,112.44000244140624,107.66999816894533,108.43000030517578,149981400
2020-09-28,111.71534729003906,114.95999908447266,115.31999969482422,112.77999877929688,115.01000213623048,137672400
2020-09-29,110.869873046875,114.08999633789062,115.30999755859376,113.56999969482422,114.5500030517578,99382200
2020-09-30,112.54134368896484,115.80999755859376,117.26000213623048,113.62000274658205,113.79000091552734,142675200
2020-10-01,113.4936981201172,116.79000091552734,117.72000122070312,115.83000183105467,117.63999938964844,116120400
2020-10-02,109.83009338378906,113.0199966430664,115.37000274658205,112.22000122070312,112.88999938964844,144712000
2020-10-05,113.21188354492188,116.5,116.6500015258789,113.5500030517578,113.91000366210938,106243800
2020-10-06,109.96613311767578,113.16000366210938,116.12000274658205,112.25,115.6999969482422,161498200
2020-10-07,111.83195495605467,115.08000183105467,115.5500030517578,114.12999725341795,114.62000274658205,96849000
2020-10-08,111.7250518798828,114.97000122070312,116.4000015258789,114.58999633789062,116.25,83477200
2020-10-09,113.66859436035156,116.97000122070312,117.0,114.91999816894533,115.27999877929688,100506900
2020-10-12,120.888916015625,124.4000015258789,125.18000030517578,119.27999877929688,120.05999755859376,240226800
2020-10-13,117.68204498291016,121.0999984741211,125.38999938964844,119.6500015258789,125.2699966430664,262330500
2020-10-14,117.76950073242188,121.19000244140624,123.02999877929688,119.62000274658205,121.0,150712000
2020-10-15,117.30304718017578,120.70999908447266,121.1999969482422,118.1500015258789,118.72000122070312,112559200
2020-10-16,115.66075134277344,119.0199966430664,121.5500030517578,118.80999755859376,121.27999877929688,115393800
2020-10-19,112.7065658569336,115.9800033569336,120.41999816894533,115.66000366210938,119.95999908447266,120639300
2020-10-20,114.19336700439452,117.51000213623048,118.9800033569336,115.62999725341795,116.1999969482422,124423700
2020-10-21,113.5714340209961,116.87000274658205,118.70999908447266,116.4499969482422,116.66999816894533,89946000
2020-10-22,112.4830551147461,115.75,118.04000091552734,114.58999633789062,117.4499969482422,101988000
2020-10-23,111.79307556152344,115.04000091552734,116.5500030517578,114.27999877929688,116.38999938964844,82572600
2020-10-26,111.80279541015624,115.0500030517578,116.5500030517578,112.87999725341795,114.01000213623048,111850700
2020-10-27,113.3090591430664,116.5999984741211,117.27999877929688,114.54000091552734,115.48999786376952,92276800
2020-10-28,108.06146240234376,111.1999969482422,115.43000030517578,111.0999984741211,115.0500030517578,143937800
2020-10-29,112.06520080566406,115.31999969482422,116.93000030517578,112.1999969482422,112.37000274658205,146129200
2020-10-30,105.78751373291016,108.86000061035156,111.98999786376952,107.72000122070312,111.05999755859376,190272600
2020-11-02,105.70004272460938,108.7699966430664,110.68000030517578,107.31999969482422,109.11000061035156,122866900
2020-11-03,107.32290649414062,110.44000244140624,111.48999786376952,108.7300033569336,109.66000366210938,107624400
2020-11-04,111.70562744140624,114.9499969482422,115.58999633789062,112.3499984741211,114.13999938964844,138235500
2020-11-05,115.67047119140624,119.02999877929688,119.62000274658205,116.87000274658205,117.9499969482422,126387100
2020-11-06,115.53907775878906,118.69000244140624,119.1999969482422,116.12999725341795,118.31999969482422,114457900
2020-11-09,113.2319564819336,116.31999969482422,121.98999786376952,116.0500030517578,120.5,154515300
2020-11-10,112.8912582397461,115.97000122070312,117.58999633789062,114.12999725341795,115.5500030517578,138023400
2020-11-11,116.3178253173828,119.48999786376952,119.62999725341795,116.44000244140624,117.19000244140624,112295000
2020-11-12,116.0452651977539,119.20999908447266,120.52999877929688,118.56999969482422,119.62000274658205,103162300
2020-11-13,116.09392547607422,119.26000213623048,119.66999816894533,117.87000274658205,119.44000244140624,81581900
2020-11-16,117.10631561279295,120.3000030517578,120.98999786376952,118.1500015258789,118.91999816894533,91183000
2020-11-17,116.22047424316406,119.38999938964844,120.66999816894533,118.95999908447266,119.5500030517578,74271000
2020-11-18,114.89656829833984,118.02999877929688,119.81999969482422,118.0,118.61000061035156,76322100
2020-11-19,115.49039459228516,118.63999938964844,119.05999755859376,116.80999755859376,117.58999633789062,74113000
2020-11-20,114.22489166259766,117.33999633789062,118.7699966430664,117.29000091552734,118.63999938964844,73604300
2020-11-23,110.82754516601562,113.8499984741211,117.62000274658205,113.75,117.18000030517578,127959300
2020-11-24,112.11249542236328,115.16999816894533,115.8499984741211,112.58999633789062,113.91000366210938,113874200
2020-11-25,112.9496612548828,116.02999877929688,116.75,115.16999816894533,115.5500030517578,76499200
2020-11-27,113.49479675292967,116.58999633789062,117.48999786376952,116.22000122070312,116.56999969482422,46691300
2020-11-30,115.8895034790039,119.0500030517578,120.97000122070312,116.80999755859376,116.97000122070312,169410200
2020-12-01,119.4620590209961,122.72000122070312,123.47000122070312,120.01000213623048,121.01000213623048,127728200
2020-12-02,119.81250762939452,123.08000183105467,123.37000274658205,120.88999938964844,122.0199966430664,89004200
2020-12-03,119.67623901367188,122.94000244140624,123.77999877929688,122.20999908447266,123.5199966430664,78967600
2020-12-04,119.00454711914062,122.25,122.86000061035156,121.5199966430664,122.5999984741211,78260400
2020-12-07,120.46472930908205,123.75,124.56999969482422,122.25,122.30999755859376,86712000
2020-12-08,121.0780029296875,124.37999725341795,124.9800033569336,123.08999633789062,124.37000274658205,82225500
2020-12-09,118.54701232910156,121.77999877929688,125.9499969482422,121.0,124.52999877929688,115089200
2020-12-10,119.96826171875,123.23999786376952,123.87000274658205,120.1500015258789,120.5,81312200
2020-12-11,119.1603012084961,122.41000366210938,122.76000213623048,120.5500030517578,122.43000030517578,86939800
2020-12-14,118.54701232910156,121.77999877929688,123.3499984741211,121.54000091552734,122.5999984741211,79184500
2020-12-15,124.48507690429688,127.87999725341795,127.9000015258789,124.12999725341795,124.33999633789062,157243700
2020-12-16,124.41695404052734,127.80999755859376,128.3699951171875,126.55999755859376,127.41000366210938,98208600
2020-12-17,125.2833023071289,128.6999969482422,129.5800018310547,128.0399932861328,128.89999389648438,94359800
2020-12-18,123.29745483398438,126.66000366210938,129.10000610351562,126.12000274658205,128.9600067138672,192541500
2020-12-21,124.82577514648438,128.22999572753906,128.30999755859375,123.4499969482422,125.0199966430664,121251600
2020-12-22,128.37889099121094,131.8800048828125,134.41000366210938,129.64999389648438,131.61000061035156,168904800
2020-12-23,127.48331451416016,130.9600067138672,132.42999267578125,130.77999877929688,132.16000366210938,88223700
2020-12-24,128.46649169921875,131.97000122070312,133.4600067138672,131.10000610351562,131.32000732421875,54930100
2020-12-28,133.06118774414062,136.69000244140625,137.33999633789062,133.50999450683594,133.99000549316406,124486200
2020-12-29,131.2895050048828,134.8699951171875,138.7899932861328,134.33999633789062,138.0500030517578,121047300
2020-12-30,130.1700439453125,133.72000122070312,135.99000549316406,133.39999389648438,135.5800018310547,96452100
2020-12-31,129.16738891601562,132.69000244140625,134.74000549316406,131.72000122070312,134.0800018310547,99116600
2021-01-04,125.97445678710938,129.41000366210938,133.61000061035156,126.76000213623048,133.52000427246094,143301900
2021-01-05,127.53199005126952,131.00999450683594,131.74000549316406,128.42999267578125,128.88999938964844,97664900
2021-01-06,123.23905181884766,126.5999984741211,131.0500030517578,126.37999725341795,127.72000122070312,155088000
2021-01-07,127.44436645507812,130.9199981689453,131.6300048828125,127.86000061035156,128.36000061035156,109578200
2021-01-08,128.54437255859375,132.0500030517578,132.6300048828125,130.22999572753906,132.42999267578125,105158200
2021-01-11,125.5558853149414,128.97999572753906,130.1699981689453,128.5,129.19000244140625,100384500
2021-01-12,125.38066864013672,128.8000030517578,129.69000244140625,126.86000061035156,128.5,91951100
2021-01-13,127.41516876220705,130.88999938964844,131.4499969482422,128.49000549316406,128.75999450683594,88636800
2021-01-14,125.48778533935548,128.91000366210938,131.0,128.75999450683594,130.8000030517578,90221800
2021-01-15,123.76470947265624,127.13999938964844,130.22000122070312,127.0,128.77999877929688,111598500
2021-01-19,124.4364013671875,127.83000183105467,128.7100067138672,126.94000244140624,127.77999877929688,90757300
2021-01-20,128.52488708496094,132.02999877929688,132.49000549316406,128.5500030517578,128.66000366210938,104319500
2021-01-21,133.23638916015625,136.8699951171875,139.6699981689453,133.58999633789062,133.8000030517578,120150900
2021-01-22,135.37802124023438,139.07000732421875,139.85000610351562,135.02000427246094,136.27999877929688,114459400
2021-01-25,139.12576293945312,142.9199981689453,145.08999633789062,136.5399932861328,143.07000732421875,157611700
2021-01-26,139.35939025878906,143.16000366210938,144.3000030517578,141.3699951171875,143.60000610351562,98390600
2021-01-27,138.2886505126953,142.05999755859375,144.3000030517578,140.41000366210938,143.42999267578125,140843800
2021-01-28,133.4505615234375,137.08999633789062,141.99000549316406,136.6999969482422,139.52000427246094,142621100
2021-01-29,128.456787109375,131.9600067138672,136.74000549316406,130.2100067138672,135.8300018310547,177523800
2021-02-01,130.5789031982422,134.13999938964844,135.3800048828125,130.92999267578125,133.75,106239800
2021-02-02,131.40634155273438,134.99000549316406,136.30999755859375,134.61000061035156,135.72999572753906,83305400
2021-02-03,130.38421630859375,133.94000244140625,135.77000427246094,133.61000061035156,135.75999450683594,89880900
2021-02-04,133.74261474609375,137.38999938964844,137.39999389648438,134.58999633789062,136.3000030517578,84183100
2021-02-05,133.32827758789062,136.75999450683594,137.4199981689453,135.86000061035156,137.35000610351562,75693800
2021-02-08,133.4744873046875,136.91000366210938,136.9600067138672,134.9199981689453,136.02999877929688,71297200
2021-02-09,132.5970916748047,136.00999450683594,137.8800048828125,135.85000610351562,136.6199951171875,76774200
2021-02-10,131.99266052246094,135.38999938964844,136.99000549316406,134.39999389648438,136.47999572753906,73046600
2021-02-11,131.73919677734375,135.1300048828125,136.38999938964844,133.77000427246094,135.89999389648438,64280000
2021-02-12,131.97312927246094,135.3699951171875,135.52999877929688,133.69000244140625,134.35000610351562,60145100
2021-02-16,129.8478240966797,133.19000244140625,136.00999450683594,132.7899932861328,135.49000549316406,80576300
2021-02-17,127.55683135986328,130.83999633789062,132.22000122070312,129.47000122070312,131.25,97918500
2021-02-18,126.4552001953125,129.7100067138672,130.0,127.41000366210938,129.1999969482422,96856700
2021-02-19,126.6111831665039,129.8699951171875,130.7100067138672,128.8000030517578,130.24000549316406,87668800
2021-02-22,122.8382797241211,126.0,129.72000122070312,125.5999984741211,128.00999450683594,103916400
2021-02-23,122.7017822265625,125.86000061035156,126.70999908447266,118.38999938964844,123.76000213623048,158273000
2021-02-24,122.20458984375,125.3499984741211,125.55999755859376,122.2300033569336,124.94000244140624,111039900
2021-02-25,117.95397186279295,120.98999786376952,126.45999908447266,120.54000091552734,124.68000030517578,148199500
2021-02-26,118.21722412109376,121.26000213623048,124.8499984741211,121.1999969482422,122.58999633789062,164560400
2021-03-01,124.5833511352539,127.79000091552734,127.93000030517578,122.79000091552734,123.75,116307900
2021-03-02,121.98035430908205,125.12000274658205,128.72000122070312,125.01000213623048,128.41000366210938,102260900
2021-03-03,118.99713134765624,122.05999755859376,125.70999908447266,121.83999633789062,124.80999755859376,112966300
2021-03-04,117.1155776977539,120.12999725341795,123.5999984741211,118.62000274658205,121.75,178155000
2021-03-05,118.37321472167967,121.41999816894533,121.94000244140624,117.56999969482422,120.9800033569336,153766600
2021-03-08,113.44017028808594,116.36000061035156,121.0,116.20999908447266,120.93000030517578,154376600
2021-03-09,118.05148315429688,121.08999633789062,122.05999755859376,118.79000091552734,119.02999877929688,129525800
2021-03-10,116.9693374633789,119.9800033569336,122.16999816894533,119.4499969482422,121.69000244140624,111943300
2021-03-11,118.89965057373048,121.95999908447266,123.20999908447266,121.26000213623048,122.54000091552734,103026500
2021-03-12,117.99298095703124,121.02999877929688,121.16999816894533,119.16000366210938,120.4000015258789,88105100
2021-03-15,120.8787078857422,123.98999786376952,124.0,120.41999816894533,121.41000366210938,92403800
2021-03-16,122.41905975341795,125.56999969482422,127.22000122070312,124.72000122070312,125.6999969482422,115227900
2021-03-17,121.62940216064452,124.76000213623048,125.86000061035156,122.33999633789062,124.0500030517578,111932600
2021-03-18,117.50553131103516,120.52999877929688,123.18000030517578,120.31999969482422,122.87999725341795,121229700
2021-03-19,116.97908020019533,119.98999786376952,121.43000030517578,119.68000030517578,119.9000015258789,185549500
2021-03-22,120.29376983642578,123.38999938964844,123.87000274658205,120.26000213623048,120.33000183105467,111912300
2021-03-23,119.46511840820312,122.54000091552734,124.23999786376952,122.13999938964844,123.33000183105467,95467100
2021-03-24,117.0765609741211,120.08999633789062,122.9000015258789,120.06999969482422,122.81999969482422,88530500
2021-03-25,117.56404113769533,120.58999633789062,121.66000366210938,119.0,119.54000091552734,98844700
2021-03-26,118.16848754882812,121.20999908447266,121.4800033569336,118.91999816894533,120.3499984741211,94071200
2021-03-29,118.34394073486328,121.38999938964844,122.58000183105467,120.7300033569336,121.6500015258789,80819200
2021-03-30,116.891357421875,119.9000015258789,120.4000015258789,118.86000061035156,120.11000061035156,85671900
2021-03-31,119.08487701416016,122.1500015258789,123.5199966430664,121.1500015258789,121.6500015258789,118323800
2021-04-01,119.91355895996094,123.0,124.18000030517578,122.48999786376952,123.66000366210938,75089100
2021-04-05,122.74079895019533,125.9000015258789,126.16000366210938,123.06999969482422,123.87000274658205,88651200
2021-04-06,123.04299926757812,126.20999908447266,127.12999725341795,125.6500015258789,126.5,80171300
2021-04-07,124.69061279296876,127.9000015258789,127.91999816894533,125.13999938964844,125.83000183105467,83466700
2021-04-08,127.08887481689452,130.36000061035156,130.38999938964844,128.52000427246094,128.9499969482422,88844600
2021-04-09,129.66262817382812,133.0,133.0399932861328,129.47000122070312,129.8000030517578,106686700
2021-04-12,127.9468231201172,131.24000549316406,132.85000610351562,130.6300048828125,132.52000427246094,91420000
2021-04-13,131.05673217773438,134.42999267578125,134.66000366210938,131.92999267578125,132.44000244140625,91266500
2021-04-14,128.7169647216797,132.02999877929688,135.0,131.66000366210938,134.94000244140625,87222800
2021-04-15,131.125,134.5,135.0,133.63999938964844,133.82000732421875,89347100
2021-04-16,130.79354858398438,134.16000366210938,134.6699981689453,133.27999877929688,134.3000030517578,84922400
2021-04-19,131.45643615722656,134.83999633789062,135.47000122070312,133.33999633789062,133.50999450683594,94264200
2021-04-20,129.7698516845703,133.11000061035156,135.52999877929688,131.80999755859375,135.02000427246094,94812300
2021-04-21,130.15008544921875,133.5,133.75,131.3000030517578,132.36000061035156,68847100
2021-04-22,128.6292266845703,131.94000244140625,134.14999389648438,131.41000366210938,133.0399932861328,84566500
2021-04-23,130.94952392578125,134.32000732421875,135.1199951171875,132.16000366210938,132.16000366210938,78657500
2021-04-26,131.3394775390625,134.72000122070312,135.05999755859375,133.55999755859375,134.8300018310547,66905100
2021-04-27,131.0177459716797,134.38999938964844,135.41000366210938,134.11000061035156,135.00999450683594,66015800
2021-04-28,130.22805786132812,133.5800018310547,135.02000427246094,133.0800018310547,134.30999755859375,107760100
2021-04-29,130.13058471679688,133.47999572753906,137.07000732421875,132.4499969482422,136.47000122070312,151101000
2021-04-30,128.16128540039062,131.4600067138672,133.55999755859375,131.07000732421875,131.77999877929688,109839500
2021-05-03,129.21414184570312,132.5399932861328,134.07000732421875,131.8300018310547,132.0399932861328,75135100
2021-05-04,124.64185333251952,127.8499984741211,131.49000549316406,126.6999969482422,131.19000244140625,137564700
2021-05-05,124.88558197021484,128.10000610351562,130.4499969482422,127.97000122070312,129.1999969482422,84000900
2021-05-06,126.48443603515624,129.74000549316406,129.75,127.12999725341795,127.88999938964844,78128300
2021-05-07,127.15827178955078,130.2100067138672,131.25999450683594,129.47999572753906,130.85000610351562,78973300
2021-05-10,123.8769989013672,126.8499984741211,129.5399932861328,126.80999755859376,129.41000366210938,88071200
2021-05-11,122.95904541015624,125.91000366210938,126.2699966430664,122.7699966430664,123.5,126142800
2021-05-12,119.89260864257812,122.7699966430664,124.63999938964844,122.25,123.4000015258789,112172300
2021-05-13,122.04106903076172,124.97000122070312,126.1500015258789,124.26000213623048,124.58000183105467,105861300
2021-05-14,124.46292877197266,127.4499969482422,127.88999938964844,125.8499984741211,126.25,81918000
2021-05-17,123.31060791015624,126.2699966430664,126.93000030517578,125.16999816894533,126.81999969482422,74244600
2021-05-18,121.92388916015624,124.8499984741211,126.98999786376952,124.77999877929688,126.55999755859376,63342900
2021-05-19,121.76764678955078,124.69000244140624,124.91999816894533,122.86000061035156,123.16000366210938,92612000
2021-05-20,124.32621002197266,127.30999755859376,127.72000122070312,125.0999984741211,125.2300033569336,76857100
2021-05-21,122.4902801513672,125.43000030517578,128.0,125.20999908447266,127.81999969482422,79295400
2021-05-24,124.12114715576172,127.0999984741211,127.94000244140624,125.94000244140624,126.01000213623048,63092900
2021-05-25,123.9258270263672,126.9000015258789,128.32000732421875,126.31999969482422,127.81999969482422,72009500
2021-05-26,123.8769989013672,126.8499984741211,127.38999938964844,126.41999816894533,126.95999908447266,56575900
2021-05-27,122.3437957763672,125.27999877929688,127.63999938964844,125.08000183105467,126.44000244140624,94625600
2021-05-28,121.68950653076172,124.61000061035156,125.8000030517578,124.5500030517578,125.56999969482422,71311100
2021-06-01,121.36724090576172,124.27999877929688,125.3499984741211,123.94000244140624,125.08000183105467,67637100
2021-06-02,122.1289520263672,125.05999755859376,125.23999786376952,124.0500030517578,124.27999877929688,59278900
2021-06-03,120.6445770263672,123.54000091552734,124.8499984741211,123.12999725341795,124.68000030517578,76229200
2021-06-04,122.93950653076172,125.88999938964844,126.16000366210938,123.8499984741211,124.06999969482422,75169300
2021-06-07,122.94927978515624,125.9000015258789,126.31999969482422,124.83000183105467,126.16999816894533,71057600
2021-06-08,123.76956939697266,126.73999786376952,128.4600067138672,126.20999908447266,126.5999984741211,74403800
2021-06-09,124.15042114257812,127.12999725341795,127.75,126.5199966430664,127.20999908447266,56877900
2021-06-10,123.15435791015624,126.11000061035156,128.19000244140625,125.94000244140624,127.0199966430664,71186400
2021-06-11,124.3652801513672,127.3499984741211,127.44000244140624,126.0999984741211,126.52999877929688,53522400
2021-06-14,127.4218978881836,130.47999572753906,130.5399932861328,127.06999969482422,127.81999969482422,96906500
2021-06-15,126.6016082763672,129.63999938964844,130.60000610351562,129.38999938964844,129.94000244140625,62746300
2021-06-16,127.09964752197266,130.14999389648438,130.88999938964844,128.4600067138672,130.3699951171875,91815000
2021-06-17,128.701171875,131.7899932861328,132.5500030517578,129.64999389648438,129.8000030517578,96721700
2021-06-18,127.40242767333984,130.4600067138672,131.50999450683594,130.24000549316406,130.7100067138672,108953300
2021-06-21,129.19924926757812,132.3000030517578,132.41000366210938,129.2100067138672,130.3000030517578,79663300
2021-06-22,130.83987426757812,133.97999572753906,134.0800018310547,131.6199951171875,132.1300048828125,74783600
2021-06-23,130.5664520263672,133.6999969482422,134.32000732421875,133.22999572753906,133.77000427246094,60214200
2021-06-24,130.2832794189453,133.41000366210938,134.63999938964844,132.92999267578125,134.4499969482422,68711000
2021-06-25,129.99026489257812,133.11000061035156,133.88999938964844,132.80999755859375,133.4600067138672,70783700
2021-06-28,131.6211395263672,134.77999877929688,135.25,133.35000610351562,133.41000366210938,62111300
2021-06-29,133.13482666015625,136.3300018310547,136.49000549316406,134.35000610351562,134.8000030517578,64556100
2021-06-30,133.7500457763672,136.9600067138672,137.41000366210938,135.8699951171875,136.1699981689453,63261400
2021-07-01,134.05276489257812,137.27000427246094,137.3300018310547,135.75999450683594,136.60000610351562,52485800
2021-07-02,136.6797332763672,139.9600067138672,140.0,137.75,137.89999389648438,78852600
2021-07-06,138.6914520263672,142.02000427246094,143.14999389648438,140.07000732421875,140.07000732421875,108181800
2021-07-07,141.18170166015625,144.57000732421875,144.88999938964844,142.66000366210938,143.5399932861328,104911600
2021-07-08,139.88290405273438,143.24000549316406,144.05999755859375,140.6699981689453,141.5800018310547,105575500
2021-07-09,141.70901489257812,145.11000061035156,145.64999389648438,142.64999389648438,142.75,99890800
2021-07-12,141.1133575439453,144.5,146.32000732421875,144.0,146.2100067138672,76299700
2021-07-13,142.22662353515625,145.63999938964844,147.4600067138672,143.6300048828125,144.02999877929688,100827100
2021-07-14,145.65432739257812,149.14999389648438,149.57000732421875,147.67999267578125,148.10000610351562,127050800
2021-07-15,145.0000457763672,148.47999572753906,150.0,147.08999633789062,149.24000549316406,106820300
2021-07-16,142.95901489257812,146.38999938964844,149.75999450683594,145.8800048828125,148.4600067138672,93251400
2021-07-19,139.11141967773438,142.4499969482422,144.07000732421875,141.6699981689453,143.75,121434600
2021-07-20,142.72463989257812,146.14999389648438,147.10000610351562,142.9600067138672,143.4600067138672,96350000
2021-07-21,141.9922637939453,145.39999389648438,146.1300048828125,144.6300048828125,145.52999877929688,74993500
2021-07-22,143.35939025878906,146.8000030517578,148.1999969482422,145.80999755859375,145.94000244140625,77338200
2021-07-23,145.07818603515625,148.55999755859375,148.72000122070312,146.9199981689453,147.5500030517578,71447400
2021-07-26,145.49810791015625,148.99000549316406,149.8300018310547,147.6999969482422,148.27000427246094,72434100
2021-07-27,143.33013916015625,146.77000427246094,149.2100067138672,145.5500030517578,149.1199951171875,104818600
2021-07-28,141.58209228515625,144.97999572753906,146.97000122070312,142.5399932861328,144.80999755859375,118931200
2021-07-29,142.22662353515625,145.63999938964844,146.5500030517578,144.5800018310547,144.69000244140625,56699500
2021-07-30,142.44143676757812,145.86000061035156,146.3300018310547,144.11000061035156,144.3800048828125,70440600
2021-08-02,142.1094512939453,145.52000427246094,146.9499969482422,145.25,146.36000061035156,62880000
2021-08-03,143.9063262939453,147.36000061035156,148.0399932861328,145.17999267578125,145.80999755859375,64786600
2021-08-04,143.5059356689453,146.9499969482422,147.7899932861328,146.27999877929688,147.27000427246094,56368300
2021-08-05,143.61337280273438,147.05999755859375,147.83999633789062,146.1699981689453,146.97999572753906,46397700
2021-08-06,142.92872619628906,146.13999938964844,147.11000061035156,145.6300048828125,146.35000610351562,54126800
2021-08-09,142.87982177734375,146.08999633789062,146.6999969482422,145.52000427246094,146.1999969482422,48908700
2021-08-10,142.4005889892578,145.60000610351562,147.7100067138672,145.3000030517578,146.44000244140625,69023100
2021-08-11,142.65487670898438,145.86000061035156,146.72000122070312,145.52999877929688,146.0500030517578,48493500
2021-08-12,145.61830139160156,148.88999938964844,149.0500030517578,145.83999633789062,146.19000244140625,72282600
2021-08-13,145.82369995117188,149.10000610351562,149.44000244140625,148.27000427246094,148.97000122070312,59375000
2021-08-16,147.79928588867188,151.1199951171875,151.19000244140625,146.47000122070312,148.5399932861328,103296000
2021-08-17,146.88975524902344,150.19000244140625,151.67999267578125,149.08999633789062,150.22999572753906,92229700
2021-08-18,143.14390563964844,146.36000061035156,150.72000122070312,146.14999389648438,149.8000030517578,86326000
2021-08-19,143.47640991210938,146.6999969482422,148.0,144.5,145.02999877929688,86960300
2021-08-20,144.93370056152344,148.19000244140625,148.5,146.77999877929688,147.44000244140625,60549600
2021-08-23,146.42025756835938,149.7100067138672,150.19000244140625,147.88999938964844,148.30999755859375,60131800
2021-08-24,146.332275390625,149.6199951171875,150.86000061035156,149.14999389648438,149.4499969482422,48606400
2021-08-25,145.0999298095703,148.36000061035156,150.32000732421875,147.8000030517578,149.80999755859375,58991300
2021-08-26,144.2979736328125,147.5399932861328,149.1199951171875,147.50999450683594,148.35000610351562,48597200
2021-08-27,145.33470153808594,148.60000610351562,148.75,146.8300018310547,147.47999572753906,55802400
2021-08-30,149.75534057617188,153.1199951171875,153.49000549316406,148.61000061035156,149.0,90956700
2021-08-31,148.49371337890625,151.8300018310547,152.8000030517578,151.2899932861328,152.66000366210938,86453100
2021-09-01,149.1587677001953,152.50999450683594,154.97999572753906,152.33999633789062,152.8300018310547,80313700
2021-09-02,150.273681640625,153.64999389648438,154.72000122070312,152.39999389648438,153.8699951171875,71115500
2021-09-03,150.90939331054688,154.3000030517578,154.6300048828125,153.08999633789062,153.75999450683594,57808700
2021-09-07,153.24691772460938,156.69000244140625,157.25999450683594,154.38999938964844,154.97000122070312,82278300
2021-09-08,151.7016143798828,155.11000061035156,157.0399932861328,153.97999572753906,156.97999572753906,74420200
2021-09-09,150.68450927734375,154.07000732421875,156.11000061035156,153.9499969482422,155.49000549316406,57305700
2021-09-10,145.696533203125,148.97000122070312,155.47999572753906,148.6999969482422,155.0,140893200
2021-09-13,146.26382446289062,149.5500030517578,151.4199981689453,148.75,150.6300048828125,102404300
2021-09-14,144.86520385742188,148.1199951171875,151.07000732421875,146.91000366210938,150.35000610351562,109296300
2021-09-15,145.75523376464844,149.02999877929688,149.44000244140625,146.3699951171875,148.55999755859375,83281300
2021-09-16,145.52049255371094,148.7899932861328,148.97000122070312,147.22000122070312,148.44000244140625,68034100
2021-09-17,142.85047912597656,146.05999755859375,148.82000732421875,145.75999450683594,148.82000732421875,129868800
2021-09-20,139.799072265625,142.94000244140625,144.83999633789062,141.27000427246094,143.8000030517578,123478900
2021-09-21,140.27828979492188,143.42999267578125,144.60000610351562,142.77999877929688,143.92999267578125,75834000
2021-09-22,142.64511108398438,145.85000610351562,146.42999267578125,143.6999969482422,144.4499969482422,76404300
2021-09-23,143.6035614013672,146.8300018310547,147.0800018310547,145.63999938964844,146.64999389648438,64838200
2021-09-24,143.69161987304688,146.9199981689453,147.47000122070312,145.55999755859375,145.66000366210938,53477900
2021-09-27,142.17564392089844,145.3699951171875,145.9600067138672,143.82000732421875,145.47000122070312,74150700
2021-09-28,138.79168701171875,141.91000366210938,144.75,141.69000244140625,143.25,108972300
2021-09-29,139.69146728515625,142.8300018310547,144.4499969482422,142.02999877929688,142.47000122070312,74602000
2021-09-30,138.39065551757812,141.5,144.3800048828125,141.27999877929688,143.66000366210938,89056700
2021-10-01,139.5154266357422,142.64999389648438,142.9199981689453,139.11000061035156,141.89999389648438,94639600
2021-10-04,136.08253479003906,139.13999938964844,142.2100067138672,138.27000427246094,141.75999450683594,98322000
2021-10-05,138.00927734375,141.11000061035156,142.24000549316406,139.36000061035156,139.49000549316406,80861100
2021-10-06,138.8797149658203,142.0,142.14999389648438,138.3699951171875,139.47000122070312,83221100
2021-10-07,140.14137268066406,143.2899932861328,144.22000122070312,142.72000122070312,143.05999755859375,61732700
2021-10-08,139.75991821289062,142.89999389648438,144.17999267578125,142.55999755859375,144.02999877929688,58773200
2021-10-11,139.6719207763672,142.80999755859375,144.80999755859375,141.80999755859375,142.27000427246094,64452200
2021-10-12,138.4004669189453,141.50999450683594,143.25,141.0399932861328,143.22999572753906,73035900
2021-10-13,137.8136444091797,140.91000366210938,141.39999389648438,139.1999969482422,141.24000549316406,78762700
2021-10-14,140.6009979248047,143.75999450683594,143.8800048828125,141.50999450683594,142.11000061035156,69907100
2021-10-15,141.6573028564453,144.83999633789062,144.89999389648438,143.50999450683594,143.77000427246094,67940300
2021-10-18,143.3297119140625,146.5500030517578,146.83999633789062,143.16000366210938,143.4499969482422,85589200
2021-10-19,145.4911651611328,148.75999450683594,149.1699981689453,146.5500030517578,147.00999450683594,76378900
2021-10-20,145.98013305664062,149.25999450683594,149.75,148.1199951171875,148.6999969482422,58418800
2021-10-21,146.19534301757812,149.47999572753906,149.63999938964844,147.8699951171875,148.80999755859375,61421000
2021-10-22,145.42269897460938,148.69000244140625,150.17999267578125,148.63999938964844,149.69000244140625,58883400
2021-10-25,145.373779296875,148.63999938964844,149.3699951171875,147.6199951171875,148.67999267578125,50720600
2021-10-26,146.03884887695312,149.32000732421875,150.83999633789062,149.00999450683594,149.3300018310547,60893400
2021-10-27,145.57919311523438,148.85000610351562,149.72999572753906,148.49000549316406,149.36000061035156,56094900
2021-10-28,149.2174530029297,152.57000732421875,153.1699981689453,149.72000122070312,149.82000732421875,100077900
2021-10-29,146.50830078125,149.8000030517578,149.94000244140625,146.41000366210938,147.22000122070312,124953200
2021-11-01,145.68678283691406,148.9600067138672,149.6999969482422,147.8000030517578,148.99000549316406,74588300
2021-11-02,146.72349548339844,150.02000427246094,151.57000732421875,148.64999389648438,148.66000366210938,69122000
2021-11-03,148.1611785888672,151.49000549316406,151.97000122070312,149.82000732421875,150.38999938964844,54511500
2021-11-04,147.64280700683594,150.9600067138672,152.42999267578125,150.63999938964844,151.5800018310547,60394600
2021-11-05,148.17172241210938,151.27999877929688,152.1999969482422,150.05999755859375,151.88999938964844,65463900
2021-11-08,147.34896850585938,150.44000244140625,151.57000732421875,150.16000366210938,151.41000366210938,55020900
2021-11-09,147.7113494873047,150.80999755859375,151.42999267578125,150.05999755859375,150.1999969482422,56787900
2021-11-10,144.88075256347656,147.9199981689453,150.1300048828125,147.85000610351562,150.02000427246094,65187100
2021-11-11,144.83177185058594,147.8699951171875,149.42999267578125,147.67999267578125,148.9600067138672,41000000
2021-11-12,146.908203125,149.99000549316406,150.39999389648438,147.47999572753906,148.42999267578125,63804000
2021-11-15,146.91799926757812,150.0,151.8800048828125,149.42999267578125,150.3699951171875,59222800
2021-11-16,147.8974609375,151.0,151.49000549316406,149.33999633789062,149.94000244140625,59256200
2021-11-17,150.3363037109375,153.49000549316406,155.0,150.99000549316406,151.0,88807000
2021-11-18,154.62632751464844,157.8699951171875,158.6699981689453,153.0500030517578,153.7100067138672,137827700
2021-11-19,157.2512664794922,160.5500030517578,161.02000427246094,156.52999877929688,157.64999389648438,117305600
2021-11-22,157.71160888671875,161.02000427246094,165.6999969482422,161.0,161.67999267578125,117467900
2021-11-23,158.09359741210938,161.41000366210938,161.8000030517578,159.05999755859375,161.1199951171875,96041900
2021-11-24,158.61268615722656,161.94000244140625,162.13999938964844,159.63999938964844,160.75,69463600
2021-11-26,153.58807373046875,156.80999755859375,160.4499969482422,156.36000061035156,159.57000732421875,76959800
2021-11-29,156.9476318359375,160.24000549316406,161.19000244140625,158.7899932861328,159.3699951171875,88748200
2021-11-30,161.90367126464844,165.3000030517578,165.52000427246094,159.9199981689453,159.99000549316406,174048100
2021-12-01,161.38453674316406,164.77000427246094,170.3000030517578,164.52999877929688,167.47999572753906,152052500
2021-12-02,160.39529418945312,163.75999450683594,164.1999969482422,157.8000030517578,158.74000549316406,136739200
2021-12-03,158.51473999023438,161.83999633789062,164.9600067138672,159.72000122070312,164.02000427246094,118023100
2021-12-06,161.92324829101562,165.32000732421875,167.8800048828125,164.27999877929688,164.2899932861328,107497000
2021-12-07,167.662841796875,171.17999267578125,171.5800018310547,168.33999633789062,169.0800018310547,120405400
2021-12-08,171.48269653320312,175.0800018310547,175.9600067138672,170.6999969482422,172.1300048828125,116998900
2021-12-09,170.973388671875,174.55999755859375,176.75,173.9199981689453,174.91000366210938,108923700
2021-12-10,175.762939453125,179.4499969482422,179.6300048828125,174.69000244140625,175.2100067138672,115402700
2021-12-13,172.12918090820312,175.74000549316406,182.1300048828125,175.52999877929688,181.1199951171875,153237000
2021-12-14,170.7481231689453,174.3300018310547,177.74000549316406,172.2100067138672,175.25,139380400
2021-12-15,175.61602783203125,179.3000030517578,179.5,172.30999755859375,175.11000061035156,131063300
2021-12-16,168.72064208984375,172.25999450683594,181.13999938964844,170.75,179.27999877929688,150185800
2021-12-17,167.62364196777344,171.13999938964844,173.47000122070312,169.69000244140625,169.92999267578125,195432700
2021-12-20,166.2622528076172,169.75,170.5800018310547,167.4600067138672,168.27999877929688,107499100
2021-12-21,169.4356689453125,172.99000549316406,173.1999969482422,169.1199951171875,171.55999755859375,91185900
2021-12-22,172.0312042236328,175.63999938964844,175.86000061035156,172.14999389648438,173.0399932861328,92135300
2021-12-23,172.65806579589844,176.27999877929688,176.85000610351562,175.27000427246094,175.85000610351562,68356600
2021-12-27,176.62484741210938,180.3300018310547,180.4199981689453,177.07000732421875,177.08999633789062,74919600
2021-12-28,175.60623168945312,179.2899932861328,181.3300018310547,178.52999877929688,180.16000366210935,79144300
2021-12-29,175.69436645507812,179.3800048828125,180.6300048828125,178.13999938964844,179.3300018310547,62348900
2021-12-30,174.53858947753906,178.1999969482422,180.57000732421875,178.08999633789062,179.47000122070312,59773000
2021-12-31,173.92153930664062,177.57000732421875,179.22999572753906,177.25999450683594,178.08999633789062,64062300
2022-01-03,178.2703094482422,182.00999450683597,182.8800048828125,177.7100067138672,177.8300018310547,104487900
2022-01-04,176.0077667236328,179.6999969482422,182.94000244140625,179.1199951171875,182.6300048828125,99310400
2022-01-05,171.32598876953125,174.9199981689453,180.1699981689453,174.63999938964844,179.61000061035156,94537600
2022-01-06,168.4659881591797,172.0,175.3000030517578,171.63999938964844,172.6999969482422,96904000
2022-01-07,168.63247680664062,172.1699981689453,174.13999938964844,171.02999877929688,172.88999938964844,86709100
2022-01-10,168.65206909179688,172.19000244140625,172.5,168.1699981689453,169.0800018310547,106765600
2022-01-11,171.48269653320312,175.0800018310547,175.17999267578125,170.82000732421875,172.32000732421875,76138300
2022-01-12,171.92347717285156,175.52999877929688,177.17999267578125,174.82000732421875,176.1199951171875,74805200
2022-01-13,168.65206909179688,172.19000244140625,176.6199951171875,171.7899932861328,175.77999877929688,84505800
2022-01-14,169.51402282714844,173.07000732421875,173.77999877929688,171.08999633789062,171.33999633789062,80440800
2022-01-18,166.3112030029297,169.8000030517578,172.5399932861328,169.41000366210938,171.50999450683594,90956700
2022-01-19,162.81455993652344,166.22999572753906,171.0800018310547,165.94000244140625,170.0,94815000
2022-01-20,161.12986755371094,164.50999450683594,169.67999267578125,164.17999267578125,166.97999572753906,91420500
2022-01-21,159.07302856445312,162.41000366210938,166.3300018310547,162.3000030517578,164.4199981689453,122848900
2022-01-24,158.2992706298828,161.6199951171875,162.3000030517578,154.6999969482422,160.02000427246094,162294600
2022-01-25,156.49710083007812,159.77999877929688,162.75999450683594,157.02000427246094,158.97999572753906,115798400
2022-01-26,156.40887451171875,159.69000244140625,164.38999938964844,157.82000732421875,163.5,108275300
2022-01-27,155.94859313964844,159.22000122070312,163.83999633789062,158.27999877929688,162.4499969482422,121954600
2022-01-28,166.83030700683594,170.3300018310547,170.35000610351562,162.8000030517578,165.7100067138672,179935700
2022-01-31,171.1888427734375,174.77999877929688,175.0,169.50999450683594,170.16000366210938,115541600
2022-02-01,171.0223388671875,174.61000061035156,174.83999633789062,172.30999755859375,174.00999450683594,86213900
2022-02-02,172.22708129882812,175.83999633789062,175.8800048828125,173.3300018310547,174.75,84914300
2022-02-03,169.3474884033203,172.89999389648438,176.24000549316406,172.1199951171875,174.47999572753906,89418100
2022-02-04,169.06309509277344,172.38999938964844,174.10000610351562,170.67999267578125,171.67999267578125,82465400
2022-02-07,168.34719848632812,171.66000366210938,173.9499969482422,170.9499969482422,172.86000061035156,77251200
2022-02-08,171.45602416992188,174.8300018310547,175.35000610351562,171.42999267578125,171.72999572753906,74829200
2022-02-09,172.8780517578125,176.27999877929688,176.64999389648438,174.89999389648438,176.0500030517578,71285000
2022-02-10,168.7982940673828,172.1199951171875,175.47999572753906,171.5500030517578,174.13999938964844,90865900
2022-02-11,165.38546752929688,168.63999938964844,173.0800018310547,168.0399932861328,172.3300018310547,98670700
2022-02-14,165.62083435058594,168.8800048828125,169.5800018310547,166.55999755859375,167.3699951171875,86185500
2022-02-15,169.4553680419922,172.7899932861328,172.9499969482422,170.25,170.97000122070312,62527400
2022-02-16,169.2200469970703,172.5500030517578,173.33999633789062,170.0500030517578,171.85000610351562,61177400
2022-02-17,165.62083435058594,168.8800048828125,171.91000366210938,168.47000122070312,171.02999877929688,69589300
2022-02-18,164.0713348388672,167.3000030517578,170.5399932861328,166.19000244140625,169.82000732421875,82772700
2022-02-22,161.14883422851562,164.32000732421875,166.69000244140625,162.14999389648438,164.97999572753906,91162800
2022-02-23,156.98086547851562,160.07000732421875,166.14999389648438,159.75,165.5399932861328,90009200
2022-02-24,159.59933471679688,162.74000549316406,162.85000610351562,152.0,152.5800018310547,141147500
2022-02-25,161.66860961914062,164.85000610351562,165.1199951171875,160.8699951171875,163.83999633789062,91974200
2022-02-28,161.93341064453125,165.1199951171875,165.4199981689453,162.42999267578125,163.05999755859375,95056600
2022-03-01,160.05044555664062,163.1999969482422,166.60000610351562,161.97000122070312,164.6999969482422,83474400
2022-03-02,163.34561157226562,166.55999755859375,167.36000061035156,162.9499969482422,164.38999938964844,79724800
2022-03-03,163.02198791503906,166.22999572753906,168.91000366210938,165.5500030517578,168.47000122070312,76678400
2022-03-04,160.02105712890625,163.1699981689453,165.5500030517578,162.10000610351562,164.49000549316406,83737200
2022-03-07,156.2257080078125,159.3000030517578,165.02000427246094,159.0399932861328,163.36000061035156,96418800
2022-03-08,154.40159606933594,157.44000244140625,162.8800048828125,155.8000030517578,158.82000732421875,131148300
2022-03-09,159.80526733398438,162.9499969482422,163.41000366210938,159.41000366210938,161.47999572753906,91454900
2022-03-10,155.46078491210938,158.52000427246094,160.38999938964844,155.97999572753906,160.1999969482422,105342000
2022-03-11,151.743896484375,154.72999572753906,159.27999877929688,154.5,158.92999267578125,96970100
2022-03-14,147.71324157714844,150.6199951171875,154.1199951171875,150.10000610351562,151.4499969482422,108732100
2022-03-15,152.0969696044922,155.08999633789062,155.57000732421875,150.3800048828125,150.89999389648438,92964300
2022-03-16,156.5101318359375,159.58999633789062,160.0,154.4600067138672,157.0500030517578,102300200
2022-03-17,157.52023315429688,160.6199951171875,161.0,157.6300048828125,158.61000061035156,75615400
2022-03-18,160.81539916992188,163.97999572753906,164.47999572753906,159.75999450683594,160.50999450683594,123511700
2022-03-21,162.18841552734375,165.3800048828125,166.35000610351562,163.00999450683594,163.50999450683594,95811400
2022-03-22,165.56201171875,168.82000732421875,169.4199981689453,164.91000366210938,165.50999450683594,81532000
2022-03-23,166.92515563964844,170.2100067138672,172.63999938964844,167.64999389648438,167.99000549316406,98062700
2022-03-24,170.710693359375,174.07000732421875,174.13999938964844,170.2100067138672,171.05999755859375,90131400
2022-03-25,171.34814453125,174.72000122070312,175.27999877929688,172.75,173.8800048828125,80546200
2022-03-28,172.21116638183594,175.60000610351562,175.72999572753906,172.0,172.1699981689453,90371900
2022-03-29,175.50633239746094,178.9600067138672,179.00999450683594,176.33999633789062,176.69000244140625,100589400
2022-03-30,174.33929443359375,177.77000427246094,179.61000061035156,176.6999969482422,178.5500030517578,92633200
2022-03-31,171.240234375,174.61000061035156,178.02999877929688,174.39999389648438,177.83999633789062,103049300
2022-04-01,170.94606018066406,174.30999755859375,174.8800048828125,171.94000244140625,174.02999877929688,78751300
2022-04-04,174.99635314941406,178.44000244140625,178.49000549316406,174.44000244140625,174.57000732421875,76468400
2022-04-05,171.68157958984375,175.05999755859375,178.3000030517578,174.4199981689453,177.5,73401800
2022-04-06,168.513916015625,171.8300018310547,173.6300048828125,170.1300048828125,172.36000061035156,89058800
2022-04-07,168.8179473876953,172.13999938964844,173.36000061035156,169.85000610351562,171.16000366210938,77594700
2022-04-08,166.80747985839844,170.08999633789062,171.77999877929688,169.1999969482422,171.77999877929688,76575500
2022-04-11,162.55123901367188,165.75,169.02999877929688,165.5,168.7100067138672,72246700
2022-04-12,164.42437744140625,167.66000366210938,169.8699951171875,166.63999938964844,168.02000427246094,79265200
2022-04-13,167.11151123046875,170.39999389648438,171.0399932861328,166.77000427246094,167.38999938964844,70618900
2022-04-14,162.10008239746094,165.2899932861328,171.27000427246094,165.0399932861328,170.6199951171875,75329400
2022-04-18,161.8843994140625,165.07000732421875,166.60000610351562,163.57000732421875,163.9199981689453,69023900
2022-04-19,164.16937255859375,167.39999389648438,167.82000732421875,163.91000366210938,165.02000427246094,67723800
2022-04-20,164.00267028808594,167.22999572753906,168.8800048828125,166.10000610351562,168.75999450683594,67929800
2022-04-21,163.20831298828125,166.4199981689453,171.52999877929688,165.91000366210938,168.91000366210938,87227800
2022-04-22,158.66766357421875,161.7899932861328,167.8699951171875,161.5,166.4600067138672,84882400
2022-04-25,159.73663330078125,162.8800048828125,163.1699981689453,158.4600067138672,161.1199951171875,96046400
2022-04-26,153.7739715576172,156.8000030517578,162.33999633789062,156.72000122070312,162.25,95623200
2022-04-27,153.54843139648438,156.57000732421875,159.7899932861328,155.3800048828125,155.91000366210938,88063200
2022-04-28,160.48196411132812,163.63999938964844,164.52000427246094,158.92999267578125,159.25,130216800
2022-04-29,154.6075439453125,157.64999389648438,166.1999969482422,157.25,161.83999633789062,131747600
2022-05-02,154.9115753173828,157.9600067138672,158.22999572753906,153.27000427246094,156.7100067138672,123055300
2022-05-03,156.4022674560547,159.47999572753906,160.7100067138672,156.32000732421875,158.14999389648438,88966500
2022-05-04,162.81605529785156,166.02000427246094,166.47999572753906,159.25999450683594,159.6699981689453,108256500
2022-05-05,153.7445526123047,156.77000427246094,164.0800018310547,154.9499969482422,163.85000610351562,130525300
2022-05-06,154.47132873535156,157.27999877929688,159.44000244140625,154.17999267578125,156.00999450683594,116124600
2022-05-09,149.3445281982422,152.05999755859375,155.8300018310547,151.49000549316406,154.92999267578125,131577900
2022-05-10,151.75079345703125,154.50999450683594,156.74000549316406,152.92999267578125,155.52000427246094,115366700
2022-05-11,143.8838348388672,146.5,155.4499969482422,145.80999755859375,153.5,142689800
2022-05-12,140.0142059326172,142.55999755859375,146.1999969482422,138.8000030517578,142.77000427246094,182602000
2022-05-13,144.4829559326172,147.11000061035156,148.10000610351562,143.11000061035156,144.58999633789062,113990900
2022-05-16,142.9409637451172,145.5399932861328,147.52000427246094,144.17999267578125,145.5500030517578,86643800
2022-05-17,146.57493591308594,149.24000549316406,149.77000427246094,146.67999267578125,148.86000061035156,78336300
2022-05-18,138.30528259277344,140.82000732421875,147.36000061035156,139.89999389648438,146.85000610351562,109742900
2022-05-19,134.8972625732422,137.35000610351562,141.66000366210938,136.60000610351562,139.8800048828125,136095600
2022-05-20,135.13291931152344,137.58999633789062,140.6999969482422,132.61000061035156,139.08999633789062,137426100
2022-05-23,140.5543975830078,143.11000061035156,143.25999450683594,137.64999389648438,137.7899932861328,117726300
2022-05-24,137.8534698486328,140.36000061035156,141.97000122070312,137.3300018310547,140.80999755859375,104132700
2022-05-25,138.0106201171875,140.52000427246094,141.7899932861328,138.33999633789062,138.42999267578125,92482700
2022-05-26,141.21241760253906,143.77999877929688,144.33999633789062,137.13999938964844,137.38999938964844,90601500
2022-05-27,146.96775817871094,149.63999938964844,149.67999267578125,145.25999450683594,145.38999938964844,90978500
2022-05-31,146.1820526123047,148.83999633789062,150.66000366210938,146.83999633789062,149.07000732421875,103718400
2022-06-01,146.0543670654297,148.7100067138672,151.74000549316406,147.67999267578125,149.89999389648438,74286600
2022-06-02,148.5097198486328,151.2100067138672,151.27000427246094,146.86000061035156,147.8300018310547,72348100
2022-06-03,142.78384399414062,145.3800048828125,147.97000122070312,144.4600067138672,146.89999389648438,88570300
2022-06-06,143.5302734375,146.13999938964844,148.57000732421875,144.89999389648438,147.02999877929688,71598400
2022-06-07,146.0543670654297,148.7100067138672,149.0,144.10000610351562,144.35000610351562,67808200
2022-06-08,145.31777954101562,147.9600067138672,149.8699951171875,147.4600067138672,148.5800018310547,53950200
2022-06-09,140.09278869628906,142.63999938964844,147.9499969482422,142.52999877929688,147.0800018310547,69473000
2022-06-10,134.68116760253906,137.1300048828125,140.75999450683594,137.05999755859375,140.27999877929688,91437900
2022-06-13,129.52491760253906,131.8800048828125,135.1999969482422,131.44000244140625,132.8699951171875,122207100
2022-06-14,130.38919067382812,132.75999450683594,133.88999938964844,131.47999572753906,133.1300048828125,84784300
2022-06-15,133.01150512695312,135.42999267578125,137.33999633789062,132.16000366210938,134.2899932861328,91533000
2022-06-16,127.73741149902344,130.05999755859375,132.38999938964844,129.0399932861328,132.0800018310547,108123900
2022-06-17,129.2106170654297,131.55999755859375,133.0800018310547,129.80999755859375,130.07000732421875,134520300
2022-06-21,133.4436492919922,135.8699951171875,137.05999755859375,133.32000732421875,133.4199981689453,81000500
2022-06-22,132.9329376220703,135.35000610351562,137.75999450683594,133.91000366210938,134.7899932861328,73409200
2022-06-23,135.80081176757812,138.27000427246094,138.58999633789062,135.6300048828125,136.82000732421875,72433800
2022-06-24,139.13023376464844,141.66000366210938,141.91000366210938,139.77000427246094,139.89999389648438,89116800
2022-06-27,139.13023376464844,141.66000366210938,143.49000549316406,140.97000122070312,142.6999969482422,70207900
2022-06-28,134.98562622070312,137.44000244140625,143.4199981689453,137.32000732421875,142.1300048828125,67083400
2022-06-29,136.74365234375,139.22999572753906,140.6699981689453,136.6699981689453,137.4600067138672,66242400
2022-06-30,134.27850341796875,136.72000122070312,138.3699951171875,133.77000427246094,137.25,98964500
2022-07-01,136.44900512695312,138.92999267578125,139.0399932861328,135.66000366210938,136.0399932861328,71051600
2022-07-05,139.03204345703125,141.55999755859375,141.61000061035156,136.92999267578125,137.77000427246094,73353800
2022-07-06,140.36776733398438,142.9199981689453,144.1199951171875,141.0800018310547,141.35000610351562,74064300
2022-07-07,143.7364959716797,146.35000610351562,146.5500030517578,143.27999877929688,143.2899932861328,66253700
2022-07-08,144.41419982910156,147.0399932861328,147.5500030517578,145.0,145.25999450683594,64547800
2022-07-11,142.2829132080078,144.8699951171875,146.63999938964844,143.77999877929688,145.6699981689453,63141600
2022-07-12,143.25526428222656,145.86000061035156,148.4499969482422,145.0500030517578,145.75999450683594,77588800
2022-07-13,142.8918914794922,145.49000549316406,146.4499969482422,142.1199951171875,142.99000549316406,71185600
2022-07-14,145.81866455078125,148.47000122070312,148.9499969482422,143.25,144.0800018310547,78140700
2022-07-15,147.48825073242188,150.1699981689453,150.86000061035156,148.1999969482422,149.77999877929688,76259900
2022-07-18,144.4436798095703,147.07000732421875,151.57000732421875,146.6999969482422,150.74000549316406,81420900
2022-07-19,148.303466796875,151.0,151.22999572753906,146.91000366210938,147.9199981689453,82982400
2022-07-20,150.30703735351562,153.0399932861328,153.72000122070312,150.3699951171875,151.1199951171875,64823400
2022-07-21,152.57577514648438,155.35000610351562,155.57000732421875,151.94000244140625,154.5,65086600
2022-07-22,151.33827209472656,154.08999633789062,156.27999877929688,153.41000366210938,155.38999938964844,66675400
2022-07-25,150.21865844726562,152.9499969482422,155.0399932861328,152.27999877929688,154.00999450683594,53623900
2022-07-26,148.89276123046875,151.60000610351562,153.08999633789062,150.8000030517578,152.25999450683594,55138700
2022-07-27,153.99008178710938,156.7899932861328,157.3300018310547,152.16000366210938,152.5800018310547,78620700
2022-07-28,154.54010009765625,157.35000610351562,157.63999938964844,154.41000366210938,156.97999572753906,81378700
2022-07-29,159.60794067382812,162.50999450683594,163.6300048828125,159.5,161.24000549316406,101786900
2022-08-01,158.62579345703125,161.50999450683594,163.58999633789062,160.88999938964844,161.00999450683594,67829400
2022-08-02,157.15255737304688,160.00999450683594,162.41000366210938,159.6300048828125,160.10000610351562,59907000
2022-08-03,163.1632843017578,166.1300048828125,166.58999633789062,160.75,160.83999633789062,82507500
2022-08-04,162.8489990234375,165.80999755859375,167.19000244140625,164.42999267578125,166.00999450683594,55474100
2022-08-05,162.622802734375,165.35000610351562,165.85000610351562,163.0,163.2100067138672,56697000
2022-08-08,162.15069580078125,164.8699951171875,167.80999755859375,164.1999969482422,166.3699951171875,60276900
2022-08-09,162.1998748779297,164.9199981689453,165.82000732421875,163.25,164.02000427246094,63135500
2022-08-10,166.44863891601562,169.24000549316406,169.33999633789062,166.89999389648438,167.67999267578125,70170500
2022-08-11,165.7110137939453,168.49000549316406,170.99000549316406,168.19000244140625,170.05999755859375,57149200
2022-08-12,169.26148986816406,172.10000610351562,172.1699981689453,169.39999389648438,169.82000732421875,68039400
2022-08-15,170.33348083496094,173.19000244140625,173.38999938964844,171.35000610351562,171.52000427246094,54091700
2022-08-16,170.1761016845703,173.02999877929688,173.7100067138672,171.66000366210938,172.77999877929688,56377100
2022-08-17,171.67105102539062,174.5500030517578,176.14999389648438,172.57000732421875,172.77000427246094,79542000
2022-08-18,171.27764892578125,174.14999389648438,174.89999389648438,173.1199951171875,173.75,62290100
2022-08-19,168.69102478027344,171.52000427246094,173.74000549316406,171.30999755859375,173.02999877929688,70346300
2022-08-22,164.80618286132812,167.57000732421875,169.86000061035156,167.13999938964844,169.69000244140625,69026800
2022-08-23,164.47177124023438,167.22999572753906,168.7100067138672,166.64999389648438,167.0800018310547,54147100
2022-08-24,164.766845703125,167.52999877929688,168.11000061035156,166.25,167.32000732421875,53841500
2022-08-25,167.22560119628906,170.02999877929688,170.13999938964844,168.35000610351562,168.77999877929688,51218200
2022-08-26,160.92132568359375,163.6199951171875,171.0500030517578,163.55999755859375,170.57000732421875,78961000
2022-08-29,158.71829223632812,161.3800048828125,162.89999389648438,159.82000732421875,161.14999389648438,73314000
2022-08-30,156.2890167236328,158.91000366210938,162.55999755859375,157.72000122070312,162.1300048828125,77906200
2022-08-31,154.6268768310547,157.22000122070312,160.5800018310547,157.13999938964844,160.30999755859375,87991100
2022-09-01,155.3546600341797,157.9600067138672,158.4199981689453,154.6699981689453,156.63999938964844,74229900
2022-09-02,153.24014282226562,155.80999755859375,160.36000061035156,154.97000122070312,159.75,76957800
2022-09-06,151.9812469482422,154.52999877929688,157.08999633789062,153.69000244140625,156.47000122070312,73714800
2022-09-07,153.38766479492188,155.9600067138672,156.6699981689453,153.61000061035156,154.82000732421875,87449600
2022-09-08,151.9123992919922,154.4600067138672,156.36000061035156,152.67999267578125,154.63999938964844,84923800
2022-09-09,154.77442932128906,157.3699951171875,157.82000732421875,154.75,155.47000122070312,68028800
2022-09-12,160.7344512939453,163.42999267578125,164.25999450683594,159.3000030517578,159.58999633789062,104956000
2022-09-13,151.3026580810547,153.83999633789062,160.5399932861328,153.3699951171875,159.89999389648438,122656600
2022-09-14,152.74838256835938,155.30999755859375,157.10000610351562,153.61000061035156,154.7899932861328,87965400
2022-09-15,149.8568878173828,152.3699951171875,155.24000549316406,151.3800048828125,154.64999389648438,90481100
2022-09-16,148.21444702148438,150.6999969482422,151.35000610351562,148.3699951171875,151.2100067138672,162278800
2022-09-19,151.93206787109375,154.47999572753906,154.55999755859375,149.10000610351562,149.30999755859375,81474200
2022-09-20,154.31216430664062,156.89999389648438,158.0800018310547,153.0800018310547,153.39999389648438,107689800
2022-09-21,151.18458557128906,153.72000122070312,158.74000549316406,153.60000610351562,157.33999633789062,101696800
2022-09-22,150.2207794189453,152.74000549316406,154.47000122070312,150.91000366210938,152.3800048828125,86652500
2022-09-23,147.94886779785156,150.42999267578125,151.47000122070312,148.55999755859375,151.19000244140625,96029900
2022-09-26,148.28326416015625,150.77000427246094,153.77000427246094,149.63999938964844,149.66000366210938,93339400
2022-09-27,149.25694274902344,151.75999450683594,154.72000122070312,149.9499969482422,152.74000549316406,84442700
2022-09-28,147.36862182617188,149.83999633789062,150.63999938964844,144.83999633789062,147.63999938964844,146691400
2022-09-29,140.1299591064453,142.47999572753906,146.72000122070312,140.67999267578125,146.10000610351562,128138200
2022-09-30,135.92059326171875,138.1999969482422,143.10000610351562,138.0,141.27999877929688,124925300
2022-10-03,140.10047912597656,142.4499969482422,143.07000732421875,137.69000244140625,138.2100067138672,114311700
2022-10-04,143.69029235839844,146.10000610351562,146.22000122070312,144.25999450683594,145.02999877929688,87830100
2022-10-05,143.98536682128906,146.39999389648438,147.3800048828125,143.00999450683594,144.07000732421875,79471000
2022-10-06,143.03134155273438,145.42999267578125,147.5399932861328,145.22000122070312,145.80999755859375,68402200
2022-10-07,137.7794189453125,140.08999633789062,143.10000610351562,139.4499969482422,142.5399932861328,85925600
2022-10-10,138.1039581298828,140.4199981689453,141.88999938964844,138.57000732421875,140.4199981689453,74899000
2022-10-11,136.68771362304688,138.97999572753906,141.35000610351562,138.22000122070312,139.89999389648438,77033700
2022-10-12,136.05828857421875,138.33999633789062,140.36000061035156,138.16000366210938,139.1300048828125,70433700
2022-10-13,140.63157653808594,142.99000549316406,143.58999633789062,134.3699951171875,134.99000549316406,113224000
2022-10-14,136.09767150878906,138.3800048828125,144.52000427246094,138.19000244140625,144.30999755859375,88598000
2022-10-17,140.0611572265625,142.41000366210938,142.89999389648438,140.27000427246094,141.07000732421875,85250900
2022-10-18,141.37905883789062,143.75,146.6999969482422,140.61000061035156,145.49000549316406,99136600
2022-10-19,141.48721313476562,143.86000061035156,144.9499969482422,141.5,141.69000244140625,61758300
2022-10-20,141.02496337890625,143.38999938964844,145.88999938964844,142.64999389648438,143.02000427246094,64522000
2022-10-21,144.8409881591797,147.27000427246094,147.85000610351562,142.64999389648438,142.8699951171875,86548600
2022-10-24,146.98504638671875,149.4499969482422,150.22999572753906,146.0,147.19000244140625,75981900
2022-10-25,149.8273468017578,152.33999633789062,152.49000549316406,149.36000061035156,150.08999633789062,74732300
2022-10-26,146.88668823242188,149.35000610351562,151.99000549316406,148.0399932861328,150.9600067138672,88194300
2022-10-27,142.4117431640625,144.8000030517578,149.0500030517578,144.1300048828125,148.07000732421875,109180200
2022-10-28,153.17127990722656,155.74000549316406,157.5,147.82000732421875,148.1999969482422,164762400
2022-10-31,150.8108367919922,153.33999633789062,154.24000549316406,151.9199981689453,153.16000366210938,97943200
2022-11-01,148.16522216796875,150.64999389648438,155.4499969482422,149.1300048828125,155.0800018310547,80379300
2022-11-02,142.63795471191406,145.02999877929688,152.1699981689453,145.0,148.9499969482422,93604600
2022-11-03,136.58938598632812,138.8800048828125,142.8000030517578,138.75,142.05999755859375,97918500
2022-11-04,136.32342529296875,138.3800048828125,142.6699981689453,134.3800048828125,142.08999633789062,140814800
2022-11-07,136.85536193847656,138.9199981689453,139.14999389648438,135.6699981689453,137.11000061035156,83374600
2022-11-08,137.42672729492188,139.5,141.42999267578125,137.49000549316406,140.41000366210938,89908500
2022-11-09,132.86557006835938,134.8699951171875,138.5500030517578,134.58999633789062,138.5,74917800
2022-11-10,144.6872100830078,146.8699951171875,146.8699951171875,139.5,141.24000549316406,118854000
2022-11-11,147.47515869140625,149.6999969482422,150.00999450683594,144.3699951171875,145.82000732421875,93979700
2022-11-14,146.07623291015625,148.27999877929688,150.27999877929688,147.42999267578125,148.97000122070312,73374100
2022-11-15,147.8101043701172,150.0399932861328,153.58999633789062,148.55999755859375,152.22000122070312,89868300
2022-11-16,146.5786895751953,148.7899932861328,149.8699951171875,147.2899932861328,149.1300048828125,64218300
2022-11-17,148.47996520996094,150.72000122070312,151.47999572753906,146.14999389648438,146.42999267578125,80389400
2022-11-18,149.04151916503906,151.2899932861328,152.6999969482422,149.97000122070312,152.30999755859375,74829600
2022-11-21,145.81027221679688,148.00999450683594,150.3699951171875,147.72000122070312,150.16000366210938,58724100
2022-11-22,147.947998046875,150.17999267578125,150.4199981689453,146.92999267578125,148.1300048828125,51804100
2022-11-23,148.82476806640625,151.07000732421875,151.8300018310547,149.33999633789062,149.4499969482422,58301400
2022-11-25,145.90879821777344,148.11000061035156,148.8800048828125,147.1199951171875,148.30999755859375,35195900
2022-11-28,142.07659912109375,144.22000122070312,146.63999938964844,143.3800048828125,145.13999938964844,69246000
2022-11-29,139.0718994140625,141.1699981689453,144.80999755859375,140.35000610351562,144.2899932861328,83763800
2022-11-30,145.8299560546875,148.02999877929688,148.72000122070312,140.5500030517578,141.39999389648438,111380900
2022-12-01,146.1058349609375,148.30999755859375,149.1300048828125,146.61000061035156,148.2100067138672,71250400
2022-12-02,145.61326599121094,147.80999755859375,148.0,145.64999389648438,145.9600067138672,65447400
2022-12-05,144.45077514648438,146.6300048828125,150.9199981689453,145.77000427246094,147.77000427246094,68826400
2022-12-06,140.78607177734375,142.91000366210938,147.3000030517578,141.9199981689453,147.07000732421875,64727200
2022-12-07,138.84535217285156,140.94000244140625,143.3699951171875,140.0,142.19000244140625,69721100
2022-12-08,140.52993774414062,142.64999389648438,143.52000427246094,141.10000610351562,142.36000061035156,62128300
2022-12-09,140.04721069335938,142.16000366210938,145.57000732421875,140.89999389648438,142.33999633789062,76097000
2022-12-12,142.3426055908203,144.49000549316406,144.5,141.05999755859375,142.6999969482422,70462700
2022-12-13,143.30799865722656,145.47000122070312,149.97000122070312,144.24000549316406,149.5,93886200
2022-12-14,141.0815887451172,143.2100067138672,146.66000366210938,141.16000366210938,145.35000610351562,82291200
2022-12-15,134.47129821777344,136.5,141.8000030517578,136.02999877929688,141.11000061035156,98931900
2022-12-16,132.51089477539062,134.50999450683594,137.64999389648438,133.72999572753906,136.69000244140625,160156900
2022-12-19,130.40267944335938,132.3699951171875,135.1999969482422,131.32000732421875,135.11000061035156,79592600
2022-12-20,130.333740234375,132.3000030517578,133.25,129.88999938964844,131.38999938964844,77432800
2022-12-21,133.43695068359375,135.4499969482422,136.80999755859375,132.75,132.97999572753906,85928000
2022-12-22,130.26478576660156,132.22999572753906,134.55999755859375,130.3000030517578,134.35000610351562,77852100
2022-12-23,129.90028381347656,131.86000061035156,132.4199981689453,129.63999938964844,130.9199981689453,63814900
2022-12-27,128.09747314453125,130.02999877929688,131.41000366210938,128.72000122070312,131.3800048828125,69007800
2022-12-28,124.16680145263672,126.04000091552734,131.02999877929688,125.87000274658205,129.6699981689453,85438400
2022-12-29,127.68375396728516,129.61000061035156,130.47999572753906,127.7300033569336,127.98999786376952,75703700
2022-12-30,127.99899291992188,129.92999267578125,129.9499969482422,127.43000030517578,128.41000366210938,77034200
2023-01-03,123.2112045288086,125.06999969482422,130.89999389648438,124.16999816894533,130.27999877929688,112117500
2023-01-04,124.4820327758789,126.36000061035156,128.66000366210938,125.08000183105467,126.88999938964844,89113600
2023-01-05,123.16194152832033,125.0199966430664,127.7699966430664,124.76000213623048,127.12999725341795,80962700
2023-01-06,127.69357299804688,129.6199951171875,130.2899932861328,124.88999938964844,126.01000213623048,87754700
2023-01-09,128.2156982421875,130.14999389648438,133.41000366210938,129.88999938964844,130.47000122070312,70790800
2023-01-10,128.78707885742188,130.72999572753906,131.25999450683594,128.1199951171875,130.25999450683594,63896200
2023-01-11,131.50611877441406,133.49000549316406,133.50999450683594,130.4600067138672,131.25,69458900
2023-01-12,131.42727661132812,133.41000366210938,134.25999450683594,131.44000244140625,133.8800048828125,71379600
2023-01-13,132.75718688964844,134.75999450683594,134.9199981689453,131.66000366210938,132.02999877929688,57809700
2023-01-17,133.91964721679688,135.94000244140625,137.2899932861328,134.1300048828125,134.8300018310547,63646600
2023-01-18,133.2005157470703,135.2100067138672,138.61000061035156,135.02999877929688,136.82000732421875,69672800
2023-01-19,133.2595977783203,135.27000427246094,136.25,133.77000427246094,134.0800018310547,58280400
2023-01-20,135.8209686279297,137.8699951171875,138.02000427246094,134.22000122070312,135.27999877929688,80223600
2023-01-23,139.01284790039062,141.11000061035156,143.32000732421875,137.89999389648438,138.1199951171875,81760300
2023-01-24,140.41172790527344,142.52999877929688,143.16000366210938,140.3000030517578,140.30999755859375,66435100
2023-01-25,139.75169372558594,141.86000061035156,142.42999267578125,138.80999755859375,140.88999938964844,65799300
2023-01-26,141.8204803466797,143.9600067138672,144.25,141.89999389648438,143.1699981689453,54105100
2023-01-27,143.76116943359375,145.92999267578125,147.22999572753906,143.0800018310547,143.16000366210938,70555800
2023-01-30,140.87477111816406,143.0,145.5500030517578,142.85000610351562,144.9600067138672,64015300
2023-01-31,142.14552307128906,144.2899932861328,144.33999633789062,142.27999877929688,142.6999969482422,65874500
2023-02-01,143.2686004638672,145.42999267578125,146.61000061035156,141.32000732421875,143.97000122070312,77663600
2023-02-02,148.5784912109375,150.82000732421875,151.17999267578125,148.1699981689453,148.89999389648438,118339000
2023-02-03,152.2038116455078,154.5,157.3800048828125,147.8300018310547,148.02999877929688,154357300
2023-02-06,149.4749755859375,151.72999572753906,153.10000610351562,150.77999877929688,152.57000732421875,69858300
2023-02-07,152.35159301757812,154.64999389648438,155.22999572753906,150.63999938964844,150.63999938964844,83322600
2023-02-08,149.6621551513672,151.9199981689453,154.5800018310547,151.1699981689453,153.8800048828125,64120100
2023-02-09,148.62777709960938,150.8699951171875,154.3300018310547,150.4199981689453,153.77999877929688,56007100
2023-02-10,148.9927978515625,151.00999450683594,151.33999633789062,149.22000122070312,149.4600067138672,57450700
2023-02-13,151.79489135742188,153.85000610351562,154.25999450683594,150.9199981689453,150.9499969482422,62199000
2023-02-14,151.15357971191406,153.1999969482422,153.77000427246094,150.86000061035156,152.1199951171875,61707600
2023-02-15,153.25511169433594,155.3300018310547,155.5,152.8800048828125,153.11000061035156,65573800
2023-02-16,151.65676879882812,153.7100067138672,156.3300018310547,153.35000610351562,153.50999450683594,68167900
2023-02-17,150.51223754882812,152.5500030517578,153.0,150.85000610351562,152.35000610351562,59144100
2023-02-21,146.49661254882812,148.47999572753906,151.3000030517578,148.41000366210938,150.1999969482422,58867200
2023-02-22,146.92088317871094,148.91000366210938,149.9499969482422,147.16000366210938,148.8699951171875,51011300
2023-02-23,147.40432739257812,149.39999389648438,150.33999633789062,147.24000549316406,150.08999633789062,48394200
2023-02-24,144.75025939941406,146.7100067138672,147.19000244140625,145.72000122070312,147.11000061035156,55469600
2023-02-27,145.944091796875,147.9199981689453,149.1699981689453,147.4499969482422,147.7100067138672,44998500
2023-02-28,145.44091796875,147.41000366210938,149.0800018310547,146.8300018310547,147.0500030517578,50547000
2023-03-01,143.3689727783203,145.30999755859375,147.22999572753906,145.00999450683594,146.8300018310547,55479000
2023-03-02,143.96095275878906,145.91000366210938,146.7100067138672,143.89999389648438,144.3800048828125,52238100
2023-03-03,149.01255798339844,151.02999877929688,151.11000061035156,147.3300018310547,148.0399932861328,70732300
2023-03-06,151.77516174316406,153.8300018310547,156.3000030517578,153.4600067138672,153.7899932861328,87558000
2023-03-07,149.57493591308594,151.60000610351562,154.02999877929688,151.1300048828125,153.6999969482422,56182000
2023-03-08,150.82797241210938,152.8699951171875,153.47000122070312,151.8300018310547,152.80999755859375,47204800
2023-03-09,148.5784149169922,150.58999633789062,154.5399932861328,150.22999572753906,153.55999755859375,53833600
2023-03-10,146.51634216308594,148.5,150.94000244140625,147.61000061035156,150.2100067138672,68572400
2023-03-13,148.4600372314453,150.47000122070312,153.13999938964844,147.6999969482422,147.80999755859375,84457100
2023-03-14,150.55172729492188,152.58999633789062,153.39999389648438,150.10000610351562,151.27999877929688,73695900
2023-03-15,150.94639587402344,152.99000549316406,153.25,149.9199981689453,151.19000244140625,77167900
2023-03-16,153.76817321777344,155.85000610351562,156.4600067138672,151.63999938964844,152.16000366210938,76161100
2023-03-17,152.92953491210938,155.0,156.74000549316406,154.27999877929688,156.0800018310547,98944600
2023-03-20,155.29747009277344,157.39999389648438,157.82000732421875,154.14999389648438,155.07000732421875,73641400
2023-03-21,157.15234375,159.27999877929688,159.39999389648438,156.5399932861328,157.32000732421875,73938300
2023-03-22,155.7217254638672,157.8300018310547,162.13999938964844,157.80999755859375,159.3000030517578,75701800
2023-03-23,156.80702209472656,158.92999267578125,161.5500030517578,157.67999267578125,158.8300018310547,67622100
2023-03-24,158.10939025878906,160.25,160.33999633789062,157.85000610351562,158.86000061035156,59196500
2023-03-27,156.16571044921875,158.27999877929688,160.77000427246094,157.8699951171875,159.94000244140625,52390300
2023-03-28,155.54412841796875,157.64999389648438,158.49000549316406,155.97999572753906,157.97000122070312,45992200
2023-03-29,158.62246704101562,160.77000427246094,161.0500030517578,159.35000610351562,159.3699951171875,51305700
2023-03-30,160.1912078857422,162.36000061035156,162.47000122070312,161.27000427246094,161.52999877929688,49501700
2023-03-31,162.69728088378906,164.89999389648438,165.0,161.91000366210938,162.44000244140625,68749800
2023-04-03,163.9503173828125,166.1699981689453,166.2899932861328,164.22000122070312,164.27000427246094,56976200
2023-04-04,163.41751098632812,165.6300048828125,166.83999633789062,165.11000061035156,166.60000610351562,46278300
2023-04-05,161.572509765625,163.75999450683594,165.0500030517578,161.8000030517578,164.74000549316406,51511700
2023-04-06,162.4604949951172,164.66000366210938,164.9600067138672,162.0,162.42999267578125,45390100
2023-04-10,159.8656005859375,162.02999877929688,162.02999877929688,160.0800018310547,161.4199981689453,47716900
2023-04-11,158.6520538330078,160.8000030517578,162.36000061035156,160.50999450683594,162.35000610351562,47644200
2023-04-12,157.96142578125,160.10000610351562,162.05999755859375,159.77999877929688,161.22000122070312,50133100
2023-04-13,163.3484649658203,165.55999755859375,165.8000030517578,161.4199981689453,161.6300048828125,68445600
2023-04-14,163.003173828125,165.2100067138672,166.32000732421875,163.82000732421875,164.58999633789062,49386500
2023-04-17,163.02285766601562,165.22999572753906,165.38999938964844,164.02999877929688,165.08999633789062,41516200
2023-04-18,164.2462921142578,166.47000122070312,167.41000366210938,165.64999389648438,166.10000610351562,49923000
2023-04-19,165.39083862304688,167.6300048828125,168.16000366210938,165.5399932861328,165.8000030517578,47720200
2023-04-20,164.4238739013672,166.64999389648438,167.8699951171875,165.55999755859375,166.08999633789062,52456400
2023-04-21,162.81568908691406,165.02000427246094,166.4499969482422,164.49000549316406,165.0500030517578,58337300
2023-04-24,163.1215362548828,165.3300018310547,165.60000610351562,163.88999938964844,165.0,41949600
2023-04-25,161.58238220214844,163.77000427246094,166.30999755859375,163.72999572753906,165.19000244140625,48714100
2023-04-26,161.572509765625,163.75999450683594,165.27999877929688,162.8000030517578,163.05999755859375,45498800
2023-04-27,166.16038513183594,168.41000366210938,168.55999755859375,165.19000244140625,165.19000244140625,64902300
2023-04-28,167.41342163085938,169.67999267578125,169.85000610351562,167.8800048828125,168.49000549316406,55275900
2023-05-01,167.32464599609375,169.58999633789062,170.4499969482422,168.63999938964844,169.27999877929688,52472900
2023-05-02,166.2886505126953,168.5399932861328,170.35000610351562,167.5399932861328,170.08999633789062,48425700
2023-05-03,165.2132110595703,167.4499969482422,170.9199981689453,167.16000366210938,169.5,65136000
2023-05-04,163.57537841796875,165.7899932861328,167.0399932861328,164.30999755859375,164.88999938964844,81235400
2023-05-05,171.25148010253906,173.57000732421875,174.3000030517578,170.75999450683594,170.97999572753906,113453200
