Price,Adj Close,Close,High,Low,Open,Volume
2020-01-02,5.971409797668457,5.99774980545044,5.99774980545044,5.918000221252441,5.96875,237536000
2020-01-03,5.875831127166748,5.901750087738037,5.945750236511231,5.852499961853027,5.877500057220459,205384000
2020-01-06,5.900472164154053,5.926499843597412,5.9317498207092285,5.781750202178955,5.808000087738037,262636000
2020-01-07,5.9719085693359375,5.9982500076293945,6.044250011444092,5.909749984741211,5.954999923706055,314856000
2020-01-08,5.9831085205078125,6.009500026702881,6.051000118255615,5.953750133514404,5.99399995803833,277108000
2020-01-09,6.048818588256836,6.075500011444092,6.148250102996826,6.021500110626221,6.096250057220459,255112000
2020-01-10,6.081175804138184,6.107999801635742,6.213749885559082,6.09375,6.183249950408936,316296000
2020-01-13,6.271835803985596,6.299499988555908,6.324749946594238,6.168749809265137,6.191500186920166,319840000
2020-01-14,6.15485143661499,6.182000160217285,6.2820000648498535,6.168749809265137,6.256499767303467,359088000
2020-01-15,6.112288951873779,6.139249801635742,6.217249870300293,6.113249778747559,6.19474983215332,263104000
2020-01-16,6.195920944213867,6.223249912261963,6.229249954223633,6.16949987411499,6.192999839782715,284192000
2020-01-17,6.204630374908447,6.23199987411499,6.25,6.184249877929688,6.242499828338623,253792000
2020-01-21,6.17127799987793,6.198500156402588,6.232250213623047,6.164249897003174,6.195250034332275,217916000
2020-01-22,6.225290775299072,6.252749919891357,6.339749813079834,6.224999904632568,6.24399995803833,239240000
2020-01-23,6.29373836517334,6.321499824523926,6.329999923706055,6.203750133514404,6.293000221252441,244516000
2020-01-24,6.234499931335449,6.26200008392334,6.487500190734863,6.207499980926514,6.4375,373512000
2020-01-27,5.978628635406494,6.005000114440918,6.056250095367432,5.805749893188477,5.955999851226807,470536000
2020-01-28,6.172025680541992,6.199250221252441,6.231750011444092,6.017749786376953,6.071249961853027,310976000
2020-01-29,6.111541271209717,6.138500213623047,6.2210001945495605,6.098499774932861,6.184750080108643,258848000
2020-01-30,6.11826229095459,6.145249843597412,6.158750057220459,5.985000133514404,6.040249824523926,290504000
2020-01-31,5.884791851043701,5.910749912261963,6.111249923706055,5.868750095367432,6.099249839782715,370420000
2020-02-03,5.981863975524902,6.008250236511231,6.027750015258789,5.886250019073486,5.892499923706055,255564000
2020-02-04,6.15111780166626,6.178249835968018,6.197500228881836,6.100500106811523,6.150750160217285,271544000
2020-02-05,6.241468906402588,6.269000053405762,6.309999942779541,6.18524980545044,6.299749851226807,208220000
2020-02-06,6.328335762023926,6.356249809265137,6.356249809265137,6.2220001220703125,6.303500175476074,218284000
2020-02-07,6.262126922607422,6.289750099182129,6.338250160217285,6.264249801635742,6.315999984741211,189752000
2020-02-10,6.5453782081604,6.574250221252441,6.574999809265137,6.307499885559082,6.3125,529608000
2020-02-11,6.667837142944336,6.697249889373779,6.8125,6.620749950408936,6.683000087738037,638556000
2020-02-12,6.783576965332031,6.813499927520752,6.820000171661377,6.711249828338623,6.750249862670898,374644000
2020-02-13,6.739771366119385,6.769499778747559,6.836999893188477,6.727749824523926,6.755249977111816,528016000
2020-02-14,7.212934017181396,7.244750022888184,7.374249935150146,7.150000095367432,7.18149995803833,1041924000
2020-02-18,7.381689071655273,7.414249897003174,7.432750225067139,7.121500015258789,7.140999794006348,620164000
2020-02-19,7.832949161529541,7.867499828338623,7.885250091552734,7.53725004196167,7.53725004196167,694332000
2020-02-20,7.683608055114746,7.71750020980835,7.907999992370605,7.408750057220459,7.819250106811523,810052000
2020-02-21,7.319462776184082,7.351749897003174,7.630000114440918,7.266499996185303,7.604750156402588,768180000
2020-02-24,6.80199670791626,6.831999778747559,7.046750068664551,6.699999809265137,6.754749774932861,856916000
2020-02-25,6.522478103637695,6.551249980926514,6.969749927520752,6.448999881744385,6.90749979019165,1055496000
2020-02-26,6.661864757537842,6.691249847412109,6.886250019073486,6.550000190734863,6.551499843597412,747732000
2020-02-27,6.291027545928955,6.315000057220459,6.675000190734863,6.222249984741211,6.372499942779541,906416000
2020-02-28,6.726119518280029,6.7517499923706055,6.811500072479248,6.044750213623047,6.061500072479248,1133252000
2020-03-02,6.884515285491943,6.910749912261963,6.9397501945495605,6.525000095367432,6.922500133514404,890744000
2020-03-03,6.622015953063965,6.647250175476074,7.026750087738037,6.561500072479248,6.966750144958496,652792000
2020-03-04,7.085748195648193,7.112750053405762,7.122250080108643,6.679999828338623,6.755000114440918,597408000
2020-03-05,6.806313991546631,6.832250118255615,7.079999923706055,6.787499904632568,6.912499904632568,540328000
2020-03-06,6.625751972198486,6.651000022888184,6.709750175476074,6.449999809265137,6.651999950408936,515412000
2020-03-09,6.112707138061523,6.136000156402588,6.485000133514404,5.954500198364258,5.997499942779541,614160000
2020-03-10,6.502222061157227,6.526999950408936,6.526999950408936,6.149750232696533,6.41349983215332,580648000
2020-03-11,6.138359069824219,6.161749839782715,6.414999961853027,6.0642499923706055,6.386499881744385,499964000
2020-03-12,5.387222766876221,5.407750129699707,5.902999877929688,5.394999980926514,5.636499881744385,816540000
2020-03-13,5.998142719268799,6.020999908447266,6.0254998207092285,5.490250110626221,5.762499809265137,634836000
2020-03-16,4.891360282897949,4.909999847412109,5.652500152587891,4.849999904632568,5.31024980545044,726972000
2020-03-17,5.411129474639893,5.4317498207092285,5.521500110626221,4.775000095367432,5.022749900817871,833632000
2020-03-18,5.0512518882751465,5.070499897003174,5.248499870300293,4.517000198364258,5.002500057220459,874268000
2020-03-19,5.304039478302002,5.324250221252441,5.41825008392334,4.834750175476074,5.048999786376953,765512000
2020-03-20,5.12422513961792,5.143750190734863,5.757999897003174,5.1282501220703125,5.474999904632568,804636000
2020-03-23,5.297065258026123,5.317249774932861,5.412000179290772,4.9629998207092285,5.142749786376953,643876000
2020-03-24,6.20585298538208,6.229499816894531,6.316500186920166,5.701250076293945,5.724999904632568,1101644000
2020-03-25,6.117190361022949,6.140500068664551,6.545499801635742,6.09149980545044,6.34499979019165,793432000
2020-03-26,6.406586647033691,6.431000232696533,6.555500030517578,6.25,6.348499774932861,696108000
2020-03-27,6.294264316558838,6.318250179290772,6.578000068664551,6.2170000076293945,6.25,638828000
2020-03-30,6.614544868469238,6.639750003814697,6.64900016784668,6.339749813079834,6.383999824523926,602252000
2020-03-31,6.5649847984313965,6.590000152587891,6.885000228881836,6.443749904632568,6.679999828338623,949960000
2020-04-01,6.053680419921875,6.076749801635742,6.538249969482422,6.0320000648498535,6.391250133514404,656912000
2020-04-02,6.362505435943604,6.386750221252441,6.400000095367432,6.057750225067139,6.105999946594238,675764000
2020-04-03,6.0746026039123535,6.097750186920166,6.390749931335449,5.959750175476074,6.348999977111816,663212000
2020-04-06,6.684528350830078,6.710000038146973,6.747000217437744,6.323249816894531,6.38100004196167,727884000
2020-04-07,6.451167583465576,6.475749969482422,6.956250190734863,6.432499885559082,6.932499885559082,784520000
2020-04-08,6.648416042327881,6.673749923706055,6.698750019073486,6.514999866485596,6.585249900817871,542444000
2020-04-09,6.548794269561768,6.573750019073486,6.822999954223633,6.510499954223633,6.800000190734863,525564000
2020-04-13,6.720641613006592,6.746250152587891,6.755000114440918,6.425000190734863,6.513750076293945,398408000
2020-04-14,7.071801662445068,7.098750114440918,7.132999897003174,6.847249984741211,6.875,530948000
2020-04-15,6.9943461418151855,7.020999908447266,7.104249954223633,6.884500026702881,6.929999828338623,366148000
2020-04-16,7.339531898498535,7.367499828338623,7.474999904632568,7.163750171661377,7.177000045776367,745620000
2020-04-17,7.280258655548096,7.308000087738037,7.471499919891357,7.173500061035156,7.449999809265137,539120000
2020-04-20,7.149008274078369,7.176249980926514,7.337500095367432,7.131750106811523,7.181000232696533,449388000
2020-04-21,6.712173461914063,6.737750053405762,7.1192498207092285,6.677750110626221,7.057750225067139,735160000
2020-04-22,7.126593589782715,7.153749942779541,7.196750164031982,6.885000228881836,6.930749893188477,483356000
2020-04-23,7.073297023773193,7.100249767303467,7.328499794006348,7.074999809265137,7.196000099182129,424160000
2020-04-24,7.212265968322754,7.239749908447266,7.2417497634887695,7.014999866485596,7.090000152587891,352328000
2020-04-27,7.398805618286133,7.427000045776367,7.587500095367432,7.349999904632568,7.374750137329102,479388000
2020-04-28,7.256349086761475,7.283999919891357,7.605000019073486,7.278500080108643,7.574999809265137,442904000
2020-04-29,7.433176040649414,7.46150016784668,7.514500141143799,7.34375,7.419250011444092,379160000
2020-04-30,7.279261112213135,7.307000160217285,7.46150016784668,7.293000221252441,7.407249927520752,375916000
2020-05-01,7.042664527893066,7.069499969482422,7.222499847412109,7.020999908447266,7.108749866485596,342096000
2020-05-04,7.254605770111084,7.282249927520752,7.296000003814697,7.021999835968018,7.021999835968018,317556000
2020-05-05,7.315622806549072,7.343500137329102,7.506750106811523,7.282249927520752,7.386750221252441,368896000
2020-05-06,7.4164886474609375,7.44474983215332,7.550000190734863,7.385250091552734,7.423250198364258,323464000
2020-05-07,7.592817783355713,7.621749877929687,7.685249805450439,7.532999992370605,7.584499835968018,373732000
2020-05-08,7.782843112945557,7.8125,7.818749904632568,7.659749984741211,7.693749904632568,339216000
2020-05-11,8.034881591796875,8.065500259399414,8.112500190734863,7.778749942779541,7.807499885559082,469060000
2020-05-12,7.772880554199219,7.802499771118164,8.172499656677246,7.792749881744385,8.123499870300293,493060000
2020-05-13,7.750466823577881,7.78000020980835,8.078499794006348,7.594749927520752,7.917500019073486,625852000
2020-05-14,8.00001335144043,8.030500411987305,8.03600025177002,7.6875,7.841750144958496,602312000
2020-05-15,8.458518028259277,8.490750312805176,8.500499725341797,7.874000072479248,7.889750003814697,987660000
2020-05-18,8.717031478881836,8.750249862670898,8.916500091552734,8.680500030517578,8.760499954223633,774460000
2020-05-19,8.772073745727539,8.805500030517578,9.087499618530272,8.762749671936035,8.790249824523926,717320000
2020-05-20,8.935948371887207,8.970000267028809,9.04300022125244,8.888750076293945,8.991000175476074,587536000
2020-05-21,8.741939544677734,8.775250434875488,9.052499771118164,8.737500190734863,9.05150032043457,761068000
2020-05-22,8.991985321044922,9.026249885559082,9.093000411987305,8.713250160217285,8.825249671936035,1038764000
2020-05-26,8.684656143188477,8.71774959564209,9.181750297546388,8.67199993133545,9.156749725341797,770780000
2020-05-27,8.492887496948242,8.525250434875488,8.632749557495117,7.996749877929687,8.625,1175892000
2020-05-28,8.454780578613281,8.487000465393066,8.760499954223633,8.379249572753906,8.412249565124512,734896000
2020-05-29,8.841808319091797,8.875499725341797,8.875499725341797,8.484999656677246,8.554499626159668,745256000
2020-06-01,8.772821426391602,8.806249618530273,8.840749740600586,8.689499855041504,8.833250045776367,389876000
2020-06-02,8.791747093200684,8.825249671936035,8.837249755859375,8.657999992370605,8.796250343322754,391320000
2020-06-03,8.736209869384766,8.769499778747559,8.866250038146973,8.699999809265137,8.822250366210938,365440000
2020-06-04,8.737205505371094,8.766500473022461,8.943249702453613,8.677499771118164,8.727999687194824,424280000
2020-06-05,8.890193939208984,8.920000076293945,8.996999740600586,8.708000183105469,8.794500350952148,481748000
2020-06-08,8.775578498840332,8.805000305175781,8.889749526977539,8.685750007629395,8.877249717712402,387736000
2020-06-09,9.01577377319336,9.04599952697754,9.109749794006348,8.751250267028809,8.800000190734863,468488000
2020-06-10,9.335451126098633,9.36674976348877,9.5,9.153499603271484,9.167750358581545,632180000
2020-06-11,8.766857147216797,8.796250343322754,9.261249542236328,8.78600025177002,9.149999618530272,583652000
2020-06-12,8.902650833129883,8.932499885559082,9.187250137329102,8.70324993133545,9.162500381469728,570908000
2020-06-15,9.14309787750244,9.173749923706056,9.182250022888184,8.743749618530273,8.815250396728516,400004000
2020-06-16,9.038195610046388,9.068499565124512,9.26675033569336,8.838749885559082,9.225000381469728,535716000
2020-06-17,9.205135345458984,9.236000061035156,9.298999786376951,9.070249557495115,9.113750457763672,408304000
2020-06-18,9.187198638916016,9.218000411987305,9.282500267028809,9.114500045776367,9.22700023651123,254408000
2020-06-19,9.230302810668944,9.261249542236328,9.44499969482422,9.227250099182127,9.24250030517578,524160000
2020-06-22,9.494915008544922,9.52674961090088,9.53125,9.273249626159668,9.300000190734863,398468000
2020-06-23,9.41842555999756,9.449999809265137,9.642499923706056,9.407500267028809,9.550999641418455,375108000
2020-06-24,9.204638481140137,9.23550033569336,9.556500434875488,9.14449977874756,9.47624969482422,449372000
2020-06-25,9.45828914642334,9.489999771118164,9.505000114440918,9.182250022888184,9.35575008392334,376072000
2020-06-26,9.124404907226562,9.154999732971191,9.5,9.125,9.5,592084000
2020-06-29,9.16925811767578,9.199999809265137,9.204500198364258,8.899999618530273,9.169750213623049,342248000
2020-06-30,9.466012001037598,9.497750282287598,9.526249885559082,9.26650047302246,9.314000129699709,367892000
2020-07-01,9.49815559387207,9.529999732971191,9.575750350952148,9.413000106811523,9.520750045776367,326648000
2020-07-02,9.580132484436035,9.612250328063965,9.737500190734863,9.57824993133545,9.638999938964844,364056000
2020-07-06,9.80637264251709,9.83924961090088,9.9087495803833,9.712499618530272,9.74174976348877,315892000
2020-07-07,9.838764190673828,9.871749877929688,10.06999969482422,9.850749969482422,9.946249961853027,357800000
2020-07-08,10.181862831115724,10.215999603271484,10.225000381469728,9.965499877929688,9.993749618530272,365480000
2020-07-09,10.473882675170898,10.508999824523926,10.56999969482422,10.23349952697754,10.380249977111816,494548000
2020-07-10,10.444232940673828,10.479249954223633,10.65524959564209,10.37874984741211,10.588749885559082,497676000
2020-07-13,10.018659591674805,10.052249908447266,10.79224967956543,10.024999618530272,10.595000267028809,457076000
2020-07-14,10.342323303222656,10.376999855041504,10.402750015258787,9.785499572753906,10.074999809265137,542676000
2020-07-15,10.193076133728027,10.227250099182127,10.43299961090088,10.055749893188477,10.414250373840332,403984000
2020-07-16,10.100886344909668,10.134750366210938,10.20674991607666,9.895500183105469,10.015000343322754,344964000
2020-07-17,10.167414665222168,10.201499938964844,10.248499870300291,10.087750434875488,10.225500106811523,266284000
2020-07-20,10.475628852844238,10.510749816894531,10.53125,10.156749725341797,10.274250030517578,284852000
2020-07-21,10.293987274169922,10.328499794006348,10.5600004196167,10.286749839782717,10.512999534606934,277036000
2020-07-22,10.403868675231934,10.438750267028809,10.602499961853027,10.291500091552734,10.36750030517578,367292000
2020-07-23,10.095901489257812,10.12975025177002,10.54699993133545,10.03125,10.449999809265137,411660000
2020-07-24,10.16043472290039,10.194499969482422,10.364749908447266,9.777000427246094,9.875,473292000
2020-07-27,10.386676788330078,10.421500205993652,10.441749572753906,10.21774959564209,10.232250213623049,292132000
2020-07-28,10.181366920471191,10.215499877929688,10.381999969482422,10.209250450134276,10.374250411987305,271636000
2020-07-29,10.430529594421388,10.465499877929688,10.516249656677246,10.347000122070312,10.39074993133545,284508000
2020-07-30,10.578535079956056,10.61400032043457,10.623000144958496,10.295249938964844,10.375,308880000
2020-07-31,10.579280853271484,10.614749908447266,10.76650047302246,10.43299961090088,10.563249588012695,386080000
2020-08-03,10.973458290100098,11.010250091552734,11.098750114440918,10.715250015258787,10.732500076293944,412720000
2020-08-04,11.190232276916504,11.227749824523926,11.227749824523926,10.906000137329102,11.050000190734863,310336000
2020-08-05,11.249032020568848,11.286749839782717,11.371749877929688,11.166250228881836,11.244000434875488,249924000
2020-08-06,11.297621726989746,11.33549976348877,11.357999801635742,11.178750038146973,11.349749565124512,244316000
2020-08-07,11.162078857421877,11.19950008392334,11.50475025177002,11.037500381469728,11.3125,342516000
2020-08-10,11.127693176269531,11.164999961853027,11.408249855041504,10.856499671936035,11.334250450134276,427796000
2020-08-11,10.81374454498291,10.850000381469728,11.13675022125244,10.79574966430664,11.073749542236328,354512000
2020-08-12,11.402023315429688,11.440250396728516,11.467000007629396,10.958250045776367,10.990750312805176,464412000
2020-08-13,11.40476417541504,11.442999839782717,11.721750259399414,11.35575008392334,11.54599952697754,374460000
2020-08-14,11.525358200073242,11.564000129699709,11.704750061035156,11.440500259399414,11.529999732971191,366436000
2020-08-17,12.2957763671875,12.336999893188477,12.409749984741213,11.81725025177002,11.85124969482422,621300000
2020-08-18,12.219779014587402,12.260749816894531,12.496000289916992,12.08625030517578,12.449999809265137,503448000
2020-08-19,12.097940444946287,12.138500213623049,12.3149995803833,12.097999572753906,12.296500205993652,622624000
2020-08-20,12.100430488586426,12.140999794006348,12.375,11.87874984741211,11.975000381469728,921388000
2020-08-21,12.641119003295898,12.683500289916992,12.80875015258789,12.195249557495115,12.201749801635742,999868000
2020-08-24,12.677745819091797,12.720250129699709,12.912500381469728,12.50749969482422,12.883749961853027,490564000
2020-08-25,12.707395553588867,12.75,12.761249542236328,12.573749542236328,12.630749702453612,289076000
2020-08-26,12.730318069458008,12.77299976348877,12.868499755859377,12.677749633789062,12.799249649047852,321244000
2020-08-27,12.586054801940918,12.628250122070312,12.850000381469728,12.566499710083008,12.781499862670898,317604000
2020-08-28,13.103816986083984,13.147749900817873,13.14799976348877,12.642499923706056,12.675000190734863,537160000
2020-08-31,13.32981014251709,13.374500274658203,13.574999809265137,13.037750244140623,13.18274974822998,500840000
2020-09-01,13.77894115447998,13.821000099182127,13.993749618530272,13.43649959564209,13.479999542236328,511316000
2020-09-02,14.302838325500488,14.346500396728516,14.726750373840332,13.899999618530272,14.703749656677246,874012000
2020-09-03,12.97589111328125,13.01550006866455,13.884499549865724,12.87874984741211,13.828749656677246,945128000
2020-09-04,12.584084510803224,12.6225004196167,13.175000190734863,11.704750061035156,12.7837495803833,1463684000
2020-09-08,11.876745223999023,11.913000106811523,12.550000190734863,11.70425033569336,11.73449993133545,795728000
2020-09-09,12.676302909851074,12.71500015258789,12.809249877929688,12.231749534606934,12.399999618530272,736200000
2020-09-10,12.274279594421388,12.311750411987305,13.065250396728516,12.166999816894531,12.989250183105469,698684000
2020-09-11,12.127480506896973,12.16450023651123,12.65250015258789,11.895750045776367,12.48550033569336,636928000
2020-09-14,12.833075523376465,12.872249603271484,13.3149995803833,12.631250381469728,13.081000328063965,1201744000
2020-09-15,12.951465606689451,12.991000175476074,13.298749923706056,12.827750205993652,13.279999732971191,727556000
2020-09-16,12.47641372680664,12.51449966430664,13.09274959564209,12.513750076293944,12.957249641418455,556384000
2020-09-17,12.425569534301758,12.463500022888184,12.589750289916992,12.034749984741213,12.13224983215332,792512000
2020-09-18,12.152153968811035,12.189249992370604,12.63249969482422,11.988750457763672,12.59375,698460000
2020-09-21,12.479158401489258,12.517250061035156,12.522500038146973,11.904500007629396,11.925000190734863,721044000
2020-09-22,12.59929084777832,12.637749671936035,12.64799976348877,12.155500411987305,12.574999809265137,646452000
2020-09-23,12.086852073669434,12.123749732971191,12.72700023651123,12.07925033569336,12.575499534606934,647012000
2020-09-24,12.310420036315918,12.347999572753906,12.569499969482422,12.013999938964844,12.072250366210938,731240000
2020-09-25,12.834569931030272,12.873749732971191,12.883500099182127,12.245750427246094,12.447500228881836,588016000
2020-09-28,12.99532985687256,13.03499984741211,13.051750183105469,12.75,13.040249824523926,573808000
2020-09-29,13.185500144958496,13.225749969482422,13.442749977111816,12.933250427246094,12.9375,621460000
2020-09-30,13.489323616027832,13.530500411987305,13.6225004196167,13.150250434875488,13.157500267028809,689184000
2020-10-01,13.573067665100098,13.614500045776367,13.762749671936035,13.460749626159668,13.758000373840332,525004000
2020-10-02,13.02249813079834,13.062250137329102,13.51949977874756,13.050999641418455,13.225000381469728,552496000
2020-10-05,13.600981712341309,13.642499923706056,13.64424991607666,13.222749710083008,13.236000061035156,479820000
2020-10-06,13.694695472717283,13.736499786376951,14.142000198364258,13.664999961853027,13.829999923706056,784420000
2020-10-07,13.921501159667969,13.96399974822998,14.119250297546388,13.863499641418455,13.999750137329102,418084000
2020-10-08,13.79663372039795,13.838749885559082,14.084500312805176,13.758000373840332,14.074999809265137,378900000
2020-10-09,13.720867156982422,13.762749671936035,13.82425022125244,13.66075038909912,13.767000198364258,346892000
2020-10-12,14.182703971862791,14.22599983215332,14.347000122070312,13.912500381469728,13.989500045776367,434744000
2020-10-13,14.204888343811035,14.248250007629396,14.34850025177002,14.018750190734863,14.296500205993652,344604000
2020-10-14,14.052352905273438,14.095250129699709,14.34274959564209,13.960000038146973,14.290499687194824,276100000
2020-10-15,13.92748737335205,13.970000267028809,14.005749702453612,13.767749786376951,13.810750007629396,267224000
2020-10-16,13.769466400146484,13.81149959564209,14.121500015258787,13.792499542236328,14.036749839782717,242392000
2020-10-19,13.456672668457031,13.497750282287598,13.98349952697754,13.406749725341797,13.902999877929688,298068000
2020-10-20,13.603971481323242,13.645500183105469,13.799750328063965,13.506999969482422,13.583499908447266,229212000
2020-10-21,13.48359203338623,13.524749755859377,13.791500091552734,13.477499961853027,13.625,219596000
2020-10-22,13.320338249206545,13.361000061035156,13.611749649047852,13.231749534606934,13.522500038146973,290480000
2020-10-23,13.548888206481934,13.590250015258787,13.593250274658203,13.291250228881836,13.449999809265137,233484000
2020-10-26,13.101255416870115,13.141249656677246,13.692749977111816,13.03849983215332,13.427000045776367,336896000
2020-10-27,13.355979919433594,13.396750450134276,13.44200038909912,13.191499710083008,13.305999755859377,250520000
2020-10-28,12.588571548461914,12.626999855041504,13.260000228881836,12.609000205993652,13.197999954223633,376520000
2020-10-29,12.98436450958252,13.02400016784668,13.192749977111816,12.75,12.838500022888184,320080000
2020-10-30,12.495857238769531,12.534000396728516,12.93649959564209,12.300000190734863,12.850000381469728,416820000
2020-11-02,12.542462348937988,12.580750465393066,12.836750030517578,12.395000457763672,12.657750129699709,299652000
2020-11-03,12.97987461090088,13.01949977874756,13.104999542236328,12.602749824523926,12.708499908447266,272900000
2020-11-04,13.752267837524414,13.794249534606934,13.827500343322754,13.336999893188477,13.389249801635742,410228000
2020-11-05,14.116903305053713,14.15999984741211,14.33899974822998,13.991000175476074,14.162500381469728,319028000
2020-11-06,14.51768398284912,14.562000274658203,14.588749885559082,13.895000457763672,14.109749794006348,383348000
2020-11-09,13.589265823364258,13.630749702453612,14.691499710083008,13.610750198364258,14.552499771118164,582976000
2020-11-10,12.7311372756958,12.770000457763672,13.606499671936035,12.628250122070312,13.606499671936035,644068000
2020-11-11,13.37716579437256,13.41800022125244,13.4350004196167,12.948249816894531,13.053750038146973,404744000
2020-11-12,13.415796279907228,13.45674991607666,13.765999794006348,13.315999984741213,13.479000091552734,365812000
2020-11-13,13.256534576416016,13.29699993133545,13.668749809265137,13.059249877929688,13.627249717712402,346312000
2020-11-16,13.474120140075684,13.515250205993652,13.649499893188477,13.156000137329102,13.172499656677246,413776000
2020-11-17,13.38140106201172,13.422249794006348,13.5962495803833,13.303750038146973,13.552499771118164,312028000
2020-11-18,13.387883186340332,13.428750038146973,13.60575008392334,13.1850004196167,13.465250015258787,510924000
2020-11-19,13.399348258972168,13.440250396728516,13.487500190734863,13.100000381469728,13.212750434875488,565936000
2020-11-20,13.047922134399414,13.087750434875488,13.494500160217283,13.0649995803833,13.45400047302246,341088000
2020-11-23,13.100011825561523,13.140000343322754,13.38249969482422,13.01550006866455,13.171250343322754,361356000
2020-11-24,12.918315887451172,12.95775032043457,13.161999702453612,12.885000228881836,13.142499923706056,346500000
2020-11-25,13.19447135925293,13.234749794006348,13.26949977874756,13.020000457763672,13.032500267028809,259916000
2020-11-27,13.220891952514648,13.261249542236328,13.407500267028809,13.170499801635742,13.375,167276000
2020-11-30,13.360716819763184,13.40149974822998,13.412500381469728,12.972249984741213,13.265000343322754,286952000
2020-12-01,13.349250793457031,13.390000343322754,13.5287504196167,13.228249549865724,13.492250442504885,296948000
2020-12-02,13.50327968597412,13.544500350952148,13.673500061035156,13.23425006866455,13.350500106811523,283360000
2020-12-03,13.359177589416504,13.395999908447266,13.65999984741211,13.32900047302246,13.587499618530272,199520000
2020-12-04,13.520981788635254,13.558250427246094,13.5600004196167,13.388750076293944,13.44849967956543,202244000
2020-12-07,13.56934642791748,13.606749534606934,13.731249809265137,13.5,13.60124969482422,223244000
2020-12-08,13.31330394744873,13.350000381469728,13.598750114440918,13.281499862670898,13.585000038146973,271920000
2020-12-09,12.8952054977417,12.930749893188477,13.413999557495115,12.868249893188477,13.30049991607666,401300000
2020-12-10,12.93659210205078,12.972249984741213,13.068750381469728,12.849499702453612,12.869000434875488,207764000
2020-12-11,12.977481842041016,13.013250350952148,13.020000457763672,12.822999954223633,12.967249870300291,209264000
2020-12-14,13.272165298461914,13.30875015258789,13.388750076293944,13.077500343322754,13.088000297546388,270156000
2020-12-15,13.323775291442873,13.36050033569336,13.46399974822998,13.186750411987305,13.439749717712402,193016000
2020-12-16,13.206098556518556,13.24250030517578,13.437250137329102,13.212499618530272,13.422499656677246,223116000
2020-12-17,13.30457878112793,13.3412504196167,13.37950038909912,13.178500175476074,13.36674976348877,231384000
2020-12-18,13.235519409179688,13.272000312805176,13.404999732971191,13.070500373840332,13.378999710083008,342064000
2020-12-21,13.29560089111328,13.332249641418455,13.369999885559082,12.967499732971191,13.074749946594238,302332000
2020-12-22,13.241750717163086,13.278249740600586,13.337249755859377,13.053999900817873,13.319250106811523,185580000
2020-12-23,12.973490715026855,13.009249687194824,13.274999618530272,13.005000114440918,13.255999565124512,179144000
2020-12-24,12.95803451538086,12.993749618530272,13.13249969482422,12.938750267028809,13.037249565124512,97884000
2020-12-28,12.864541053771973,12.899999618530272,13.0625,12.763250350952148,13.0625,212564000
2020-12-29,12.907670974731444,12.943249702453612,13.072500228881836,12.842249870300291,12.925000190734863,170372000
2020-12-30,13.109617233276367,13.145750045776367,13.213749885559082,12.896750450134276,12.990249633789062,225396000
2020-12-31,13.019116401672363,13.05500030517578,13.151000022888184,12.914999961853027,13.136500358581545,192424000
2021-01-04,13.07745361328125,13.113499641418455,13.65250015258789,12.962499618530272,13.104249954223633,560640000
2021-01-05,13.367902755737305,13.404749870300291,13.443499565124512,13.086999893188477,13.099749565124512,322760000
2021-01-06,12.57982349395752,12.614500045776367,13.244999885559082,12.586000442504885,13.22249984741211,580424000
2021-01-07,13.30731964111328,13.343999862670898,13.377750396728516,12.886500358581545,12.967499732971191,461480000
2021-01-08,13.240253448486328,13.27674961090088,13.42099952697754,13.041999816894531,13.362500190734863,292528000
2021-01-11,13.58405876159668,13.621500015258787,13.961000442504885,13.362500190734863,13.418749809265137,518344000
2021-01-12,13.447681427001951,13.484749794006348,13.75450038909912,13.345000267028809,13.7524995803833,291476000
2021-01-13,13.494555473327637,13.531749725341797,13.625,13.385000228881836,13.489999771118164,210028000
2021-01-14,13.16396427154541,13.200249671936035,13.599749565124512,13.180500030517578,13.574999809265137,283120000
2021-01-15,12.824155807495115,12.85949993133545,13.325249671936035,12.84850025177002,13.227999687194824,277780000
2021-01-19,12.989446640014648,13.025250434875488,13.093999862670898,12.843999862670898,13.016249656677246,226188000
2021-01-20,13.329010009765623,13.365750312805176,13.430500030517578,13.056750297546388,13.111749649047852,258572000
2021-01-21,13.82938289642334,13.86750030517578,13.999250411987305,13.253000259399414,13.418499946594238,337780000
2021-01-22,13.674805641174316,13.712499618530272,13.841750144958496,13.627249717712402,13.739999771118164,246820000
2021-01-25,13.61571979522705,13.653249740600586,13.828499794006348,13.236499786376951,13.781749725341797,251112000
2021-01-26,13.398320198059082,13.435250282287598,13.644749641418455,13.387499809265137,13.580499649047852,163980000
2021-01-27,12.882240295410156,12.917750358581545,13.232749938964844,12.793749809265137,13.229999542236328,371272000
2021-01-28,13.015125274658203,13.050999641418455,13.339750289916992,12.96049976348877,12.99625015258789,228316000
2021-01-29,12.954042434692385,12.989749908447266,13.334750175476074,12.911499977111816,13.074999809265137,271552000
2021-02-01,13.200615882873535,13.237000465393066,13.270750045776367,12.902750015258787,13.053250312805176,217204000
2021-02-02,13.519485473632812,13.556750297546388,13.571999549865724,13.285499572753906,13.39875030517578,220440000
2021-02-03,13.493309020996094,13.530500411987305,13.931750297546388,13.51650047302246,13.63599967956543,245408000
2021-02-04,13.626689910888672,13.664250373840332,13.673500061035156,13.337750434875488,13.531000137329102,201340000
2021-02-05,13.55363941192627,13.590999603271484,13.737250328063965,13.54574966430664,13.725000381469728,169152000
2021-02-08,14.399060249328612,14.438750267028809,14.473750114440918,13.727250099182127,13.727250099182127,434624000
2021-02-09,14.224045753479004,14.263250350952148,14.583250045776367,14.22249984741211,14.340749740600586,287560000
2021-02-10,14.723666191101074,14.764249801635742,14.904999732971191,14.341500282287598,14.463250160217283,485352000
2021-02-11,15.208827018737791,15.250749588012695,15.272250175476074,14.925000190734863,14.980250358581545,450828000
2021-02-12,14.920125007629396,14.96125030517578,15.291250228881836,14.774999618530272,15.050000190734863,374756000
2021-02-16,15.288110733032228,15.330249786376951,15.3725004196167,14.949999809265137,15.064249992370604,321960000
2021-02-17,14.865028381347656,14.906000137329102,15.22350025177002,14.779999732971191,15.17099952697754,274756000
2021-02-18,14.788237571716309,14.82900047302246,14.873250007629396,14.574999809265137,14.729000091552734,233868000
2021-02-19,14.885472297668455,14.92650032043457,15.177000045776367,14.846750259399414,15.024499893188477,271724000
2021-02-22,14.316289901733398,14.35575008392334,15.13325023651123,14.324999809265137,14.774749755859377,325884000
2021-02-23,14.10312557220459,14.142000198364258,14.238750457763672,13.38949966430664,14.075249671936035,391780000
2021-02-24,14.459146499633787,14.49899959564209,14.506750106811523,13.755999565124512,14.122750282287598,448320000
2021-02-25,13.270920753479004,13.307499885559082,14.374750137329102,13.2162504196167,14.045499801635742,824436000
2021-02-26,13.676801681518556,13.714500427246094,13.854499816894531,13.361000061035156,13.7524995803833,500932000
2021-03-01,13.803701400756836,13.841750144958496,13.925000190734863,13.553250312805176,13.875,353184000
2021-03-02,13.36939811706543,13.40625,13.920499801635742,13.395999908447266,13.899999618530272,264116000
2021-03-03,12.769554138183594,12.804750442504885,13.451499938964844,12.798749923706056,13.426250457763672,377592000
2021-03-04,12.336246490478516,12.37024974822998,12.975000381469728,12.083749771118164,12.80074977874756,573344000
2021-03-05,12.42724609375,12.46150016784668,12.550000190734863,11.67924976348877,12.550000190734863,542840000
2021-03-08,11.561381340026855,11.593250274658203,12.4712495803833,11.566499710083008,12.449999809265137,543112000
2021-03-09,12.490144729614258,12.52025032043457,12.61674976348877,12.059249877929688,12.130249977111816,521824000
2021-03-10,12.43826961517334,12.468250274658203,12.979999542236328,12.457500457763672,12.840499877929688,384376000
2021-03-11,12.962255477905272,12.993499755859377,13.046250343322754,12.73449993133545,12.949999809265137,299916000
2021-03-12,12.825088500976562,12.855999946594238,12.888750076293944,12.59000015258789,12.648249626159668,243964000
2021-03-15,13.15953254699707,13.19124984741211,13.20674991607666,12.767250061035156,12.864749908447266,221988000
2021-03-16,13.259291648864746,13.291250228881836,13.512499809265137,13.11674976348877,13.356499671936035,272128000
2021-03-17,13.309171676635742,13.3412504196167,13.45324993133545,12.989500045776367,13.039750099182127,243864000
2021-03-18,12.691905975341797,12.72249984741211,13.184000015258787,12.717000007629396,13.136500358581545,293896000
2021-03-19,12.814861297607422,12.845749855041504,12.921500205993652,12.612500190734863,12.75,299208000
2021-03-22,13.154545783996582,13.186249732971191,13.39449977874756,12.906749725341797,12.912750244140623,297804000
2021-03-23,13.039321899414062,13.07075023651123,13.344499588012695,13.021249771118164,13.254249572753906,222048000
2021-03-24,12.612600326538086,12.642999649047852,13.159250259399414,12.63675022125244,13.151249885559082,245840000
2021-03-25,12.505106925964355,12.535249710083008,12.714750289916992,12.272000312805176,12.499500274658203,295144000
2021-03-26,12.808377265930176,12.83924961090088,12.856249809265137,12.373499870300291,12.554499626159668,363968000
2021-03-29,12.9171142578125,12.948249816894531,13.0625,12.699999809265137,12.820249557495115,273520000
2021-03-30,12.84079933166504,12.871749877929688,12.975250244140623,12.704999923706056,12.842000007629396,200204000
2021-03-31,13.316154479980469,13.34825038909912,13.470499992370604,12.982500076293944,13.01550006866455,314776000
2021-04-01,13.778538703918455,13.811750411987305,13.869999885559082,13.511249542236328,13.572250366210938,308276000
2021-04-05,13.95386791229248,13.987500190734863,14.013999938964844,13.732999801635742,13.86750030517578,255672000
2021-04-06,13.828169822692873,13.861499786376951,14.05424976348877,13.773500442504885,13.999750137329102,191744000
2021-04-07,14.109491348266602,14.143500328063965,14.243499755859377,13.71150016784668,13.880749702453612,251284000
2021-04-08,14.282572746276855,14.31700038909912,14.471500396728516,14.24899959564209,14.252750396728516,244416000
2021-04-09,14.365371704101562,14.399999618530272,14.407999992370604,14.175000190734863,14.21399974822998,195172000
2021-04-12,15.1724271774292,15.208999633789062,15.352499961853027,14.139249801635742,14.289750099182127,869324000
2021-04-13,15.641797065734863,15.679499626159668,15.699999809265137,15.125749588012695,15.231499671936035,676212000
2021-04-14,15.240266799926758,15.277000427246094,15.720499992370604,15.227499961853027,15.625,385500000
2021-04-15,16.098445892333984,16.137250900268555,16.214250564575195,15.631500244140623,15.662500381469728,598480000
2021-04-16,15.874238014221191,15.912500381469728,16.16575050354004,15.865249633789062,16.05299949645996,335208000
2021-04-19,15.324810981750488,15.361749649047852,15.807499885559082,15.232999801635742,15.536499977111816,404420000
2021-04-20,15.134769439697266,15.171250343322754,15.496999740600586,14.963000297546388,15.323249816894531,334132000
2021-04-21,15.323565483093262,15.36050033569336,15.362500190734863,15.102250099182127,15.118749618530272,216776000
2021-04-22,14.81454086303711,14.850250244140623,15.43850040435791,14.783499717712402,15.375,277788000
2021-04-23,15.228545188903809,15.265250205993652,15.335000038146973,14.900250434875488,14.934249877929688,227500000
2021-04-26,15.44078254699707,15.477999687194824,15.479000091552734,15.125,15.1850004196167,197796000
2021-04-27,15.34476375579834,15.381750106811523,15.670499801635742,15.354499816894531,15.578499794006348,164572000
2021-04-28,15.240015983581545,15.27674961090088,15.53225040435791,15.215499877929688,15.364500045776367,209416000
2021-04-29,15.287901878356934,15.324749946594238,15.43649959564209,15.071499824523926,15.399999618530272,173196000
2021-04-30,14.973408699035645,15.009499549865724,15.364999771118164,14.996999740600586,15.174500465393066,201912000
2021-05-03,14.801074981689451,14.836750030517578,15.246749877929688,14.787500381469728,15.125,203912000
2021-05-04,14.316741943359377,14.35124969482422,14.637499809265137,14.010250091552734,14.637249946594238,405324000
2021-05-05,14.423731803894045,14.458499908447266,14.81350040435791,14.387499809265137,14.708999633789062,292024000
2021-05-06,14.488079071044922,14.52299976348877,14.571249961853027,14.218000411987305,14.49524974822998,193380000
2021-05-07,14.776631355285645,14.812250137329102,14.970749855041504,14.67175006866455,14.808250427246094,229328000
2021-05-10,14.231447219848633,14.26574993133545,14.805999755859377,14.25,14.787249565124512,268904000
2021-05-11,14.271848678588867,14.306249618530272,14.35474967956543,13.75,13.824999809265137,285584000
2021-05-12,13.725419044494627,13.758500099182127,14.260250091552734,13.709250450134276,14.009499549865724,303408000
2021-05-13,13.632391929626465,13.665249824523926,14.080750465393066,13.458999633789062,14.0337495803833,285404000
2021-05-14,14.208751678466797,14.243000030517578,14.32800006866455,13.748499870300291,13.890000343322754,258616000
2021-05-17,14.13143825531006,14.165499687194824,14.169249534606934,13.853500366210938,14.156999588012695,216980000
2021-05-18,13.982048988342283,14.01574993133545,14.404250144958496,14.003999710083008,14.267000198364258,186256000
2021-05-19,14.03192901611328,14.065750122070312,14.079500198364258,13.54325008392334,13.566499710083008,344000000
2021-05-20,14.577363967895508,14.612500190734863,14.68375015258789,14.270500183105469,14.302499771118164,321592000
2021-05-21,14.955699920654297,14.99174976348877,15.222000122070312,14.869500160217283,15.16374969482422,672992000
2021-05-24,15.57446002960205,15.612000465393066,15.744999885559082,15.175999641418455,15.212499618530272,554816000
2021-05-25,15.610125541687012,15.647749900817873,15.818499565124512,15.482500076293944,15.765999794006348,435408000
2021-05-26,15.662249565124512,15.699999809265137,15.793749809265137,15.58625030517578,15.73425006866455,370440000
2021-05-27,15.450758934020996,15.48799991607666,15.75,15.460000038146973,15.699749946594238,581476000
2021-05-28,16.205440521240234,16.24449920654297,16.27750015258789,15.50100040435791,15.50100040435791,644536000
2021-06-01,16.225387573242188,16.26449966430664,16.38825035095215,15.903249740600586,16.270000457763672,472804000
2021-06-02,16.737903594970703,16.778249740600586,16.918750762939453,16.23550033569336,16.25225067138672,594168000
2021-06-03,16.92894744873047,16.969749450683594,17.259000778198242,16.58300018310547,16.70075035095215,580008000
2021-06-04,17.535985946655273,17.578250885009766,17.660999298095703,17.095500946044922,17.112499237060547,617120000
2021-06-07,17.576635360717773,17.618999481201172,17.8125,17.192750930786133,17.571250915527344,575756000
2021-06-08,17.415021896362305,17.457000732421875,17.62150001525879,17.250999450683594,17.527250289916992,323848000
2021-06-09,17.320480346679688,17.35824966430664,17.575000762939453,17.25575065612793,17.515750885009766,381656000
2021-06-10,17.387083053588867,17.424999237060547,17.492000579833984,17.176000595092773,17.350000381469727,287772000
2021-06-11,17.786466598510742,17.82525062561035,17.939250946044922,17.443750381469727,17.47949981689453,416308000
2021-06-14,17.97953987121582,18.018749237060547,18.039499282836918,17.662750244140625,17.9060001373291,321376000
2021-06-15,17.74979019165039,17.78849983215332,18.01625061035156,17.72800064086914,17.915000915527344,243032000
2021-06-16,17.77149772644043,17.81024932861328,17.954750061035156,17.58449935913086,17.79075050354004,307124000
2021-06-17,18.61665153503418,18.657249450683597,18.834999084472656,17.756250381469727,17.774499893188477,809656000
2021-06-18,18.59819984436035,18.638750076293945,19.375,18.583999633789062,18.78400039672852,968856000
2021-06-21,18.38715362548828,18.427249908447266,18.536500930786133,17.822750091552734,18.43524932861328,672384000
2021-06-22,18.845653533935547,18.886749267578125,18.9637508392334,18.38599967956543,18.47150039672852,580144000
2021-06-23,19.01578521728516,19.057249069213867,19.15275001525879,18.90774917602539,19.00774955749512,332356000
2021-06-24,19.163707733154297,19.20549964904785,19.420000076293945,19.08824920654297,19.22775077819824,320924000
2021-06-25,18.98959350585937,19.0310001373291,19.34550094604492,18.894500732421875,19.280500411987305,278364000
2021-06-28,19.94151496887207,19.98500061035156,20.07875061035156,19.319000244140625,19.36124992370605,495436000
2021-06-29,19.98317527770996,20.026750564575195,20.0987491607666,19.65699958801269,19.88249969482422,367632000
2021-06-30,19.9589786529541,20.002500534057617,20.162500381469727,19.863750457763672,19.999250411987305,326568000
2021-07-01,20.16802024841309,20.21199989318848,20.45599937438965,20.018999099731445,20.125,480136000
2021-07-02,20.44242286682129,20.48699951171875,20.505250930786133,20.287750244140625,20.44025039672852,342764000
2021-07-06,20.653461456298828,20.69849967956543,20.84199905395508,20.350250244140625,20.737499237060547,446708000
2021-07-07,20.32742118835449,20.371749877929688,20.875,20.332000732421875,20.853500366210938,418428000
2021-07-08,19.85944557189941,19.90275001525879,20.132999420166016,19.70075035095215,19.85650062561035,503300000
2021-07-09,20.00661849975586,20.050249099731445,20.080249786376957,19.754249572753903,19.962499618530277,296624000
2021-07-12,20.46786499023437,20.512500762939453,20.53274917602539,20.1877498626709,20.239999771118164,321984000
2021-07-13,20.2059383392334,20.25,20.46125030517578,20.11400032043457,20.40049934387207,290708000
2021-07-14,19.79832649230957,19.84149932861328,20.417749404907227,19.75275039672852,20.357749938964844,380100000
2021-07-15,18.924983978271484,18.966249465942383,19.847000122070312,18.85849952697754,19.811750411987305,550564000
2021-07-16,18.121484756469727,18.160999298095703,19.15699958801269,18.072999954223636,19.030500411987305,688224000
2021-07-19,18.738887786865234,18.77975082397461,19.04199981689453,17.86549949645996,17.915250778198242,749060000
2021-07-20,18.57150077819824,18.61199951171875,18.83799934387207,18.16399955749512,18.729999542236328,434687000
2021-07-21,19.367765426635746,19.40999984741211,19.527000427246094,18.742000579833984,18.881999969482425,371017000
2021-07-22,19.551362991333008,19.5939998626709,19.886999130249023,19.275999069213867,19.642000198364254,323826000
2021-07-23,19.51544189453125,19.558000564575195,19.700000762939453,19.25,19.6560001373291,195672000
2021-07-26,19.25202178955078,19.29400062561035,19.441999435424805,18.91399955749512,19.31100082397461,203943000
2021-07-27,19.166202545166016,19.20800018310547,19.621999740600582,18.74099922180176,19.26499938964844,248863000
2021-07-28,19.46056365966797,19.50300025939941,19.645999908447266,18.9950008392334,19.319000244140625,202191000
2021-07-29,19.61921501159668,19.66200065612793,19.85300064086914,19.327999114990234,19.518999099731445,190781000
2021-07-30,19.45656967163086,19.499000549316406,19.6299991607666,19.26300048828125,19.417999267578125,183497000
2021-08-02,19.70702743530273,19.75,19.961000442504883,19.36100006103516,19.700000762939453,217444000
2021-08-03,19.771883010864254,19.815000534057617,20.222000122070312,19.21999931335449,19.739999771118164,301811000
2021-08-04,20.22988510131836,20.27400016784668,20.31800079345703,19.827999114990234,19.989999771118164,231309000
2021-08-05,20.59209632873535,20.636999130249023,20.732999801635746,20.34199905395508,20.5,211435000
2021-08-06,20.32168197631836,20.36599922180176,20.56999969482422,20.209999084472656,20.52400016784668,178497000
2021-08-09,20.25083923339844,20.295000076293945,20.507999420166016,20.14299964904785,20.44599914550781,146443000
2021-08-10,19.892621994018555,19.93600082397461,20.43000030517578,19.834999084472656,20.32200050354004,179238000
2021-08-11,19.65613555908203,19.698999404907227,20.048999786376957,19.43000030517578,20.042999267578125,185925000
2021-08-12,19.861690521240234,19.905000686645508,20.02899932861328,19.6200008392334,19.8700008392334,151652000
2021-08-13,20.14407157897949,20.1879997253418,20.214000701904297,19.85099983215332,19.905000686645508,183063000
2021-08-16,19.906591415405277,19.950000762939453,20.28700065612793,19.452999114990234,20.13500022888184,210876000
2021-08-17,19.415658950805664,19.45800018310547,19.770000457763672,19.267000198364254,19.684999465942383,204585000
2021-08-18,18.99856758117676,19.040000915527344,19.63400077819824,19.0,19.5,285913000
2021-08-19,19.754919052124023,19.79800033569336,20.4950008392334,18.761999130249023,19.49399948120117,766555000
2021-08-20,20.770708084106445,20.81599998474121,20.864999771118164,19.933000564575195,19.99099922180176,675741000
2021-08-23,21.910219192504883,21.95800018310547,21.996999740600582,20.950000762939453,20.97100067138672,575807000
2021-08-24,21.74557876586914,21.792999267578125,21.958999633789062,21.53499984741211,21.75300025939941,297299000
2021-08-25,22.1646671295166,22.21299934387207,22.46999931335449,21.722000122070312,21.73699951171875,347701000
2021-08-26,22.01998519897461,22.06800079345703,22.34000015258789,21.790000915527344,22.200000762939453,237940000
2021-08-27,22.586746215820312,22.63599967956543,22.722000122070312,22.16699981689453,22.18400001525879,304722000
2021-08-30,22.63863182067871,22.6879997253418,23.042999267578125,22.551000595092773,22.82999992370605,262580000
2021-08-31,22.34023094177246,22.38500022888184,22.69499969482422,22.1200008392334,22.69499969482422,259850000
2021-09-01,22.396120071411133,22.44099998474121,22.69700050354004,22.35700035095215,22.48500061035156,201767000
2021-09-02,22.35121154785156,22.395999908447266,22.593000411987305,22.295000076293945,22.51799964904785,187834000
2021-09-03,22.79731750488281,22.843000411987305,22.98600006103516,22.200000762939453,22.325000762939453,280532000
2021-09-07,22.61667823791504,22.66200065612793,22.89900016784668,22.52199935913086,22.83300018310547,198107000
2021-09-08,22.294321060180664,22.339000701904297,22.61000061035156,21.976999282836918,22.51300048828125,254434000
2021-09-09,22.13265037536621,22.177000045776367,22.538000106811523,22.131000518798828,22.312000274658203,196856000
2021-09-10,22.433046340942383,22.47800064086914,22.625999450683597,22.270000457763672,22.347999572753903,248376000
2021-09-13,22.107696533203125,22.152000427246094,22.964000701904297,21.857999801635746,22.68400001525879,297500000
2021-09-14,22.1975212097168,22.242000579833984,22.40999984741211,22.086000442504883,22.274999618530277,199755000
2021-09-15,22.29631805419922,22.340999603271484,22.367000579833984,21.965999603271484,22.30900001525879,166538000
2021-09-16,22.1975212097168,22.242000579833984,22.277000427246094,21.927000045776367,22.183000564575195,156033000
2021-09-17,21.856201171875,21.899999618530277,22.32099914550781,21.82999992370605,22.299999237060547,294503000
2021-09-20,21.070775985717773,21.113000869750977,21.433000564575195,20.66200065612793,21.145999908447266,349440000
2021-09-21,21.20351219177246,21.246000289916992,21.424999237060547,20.950000762939453,21.41699981689453,204688000
2021-09-22,21.89712142944336,21.94099998474121,21.959999084472656,21.19599914550781,21.36599922180176,268726000
2021-09-23,22.43703842163086,22.48200035095215,22.53499984741211,21.88999938964844,22.13999938964844,248555000
2021-09-24,22.036840438842773,22.08099937438965,22.14900016784668,21.86100006103516,22.06999969482422,217655000
2021-09-27,21.616683959960938,21.65999984741211,21.798999786376957,21.325000762939453,21.709999084472656,245215000
2021-09-28,20.65760040283203,20.698999404907227,21.41900062561035,20.650999069213867,21.214000701904297,343069000
2021-09-29,20.47596740722656,20.517000198364254,21.017000198364254,20.46699905395508,20.940000534057617,218394000
2021-09-30,20.674570083618164,20.715999603271484,21.06599998474121,20.6879997253418,20.76799964904785,221009000
2021-10-01,20.700519561767575,20.742000579833984,20.858999252319336,20.202999114990234,20.75,240978000
2021-10-04,19.692537307739254,19.73200035095215,20.54199981689453,19.55500030517578,20.503999710083008,345635000
2021-10-05,20.410097122192383,20.451000213623047,20.64800071716309,19.85400009155273,19.950000762939453,279282000
2021-10-06,20.658597946166992,20.700000762939453,20.71999931335449,20.07999992370605,20.1200008392334,297202000
2021-10-07,21.03285026550293,21.075000762939453,21.32200050354004,20.972000122070312,21.09199905395508,256919000
2021-10-08,20.78933906555176,20.83099937438965,21.20599937438965,20.774999618530277,21.10099983215332,151258000
2021-10-11,20.653610229492188,20.69499969482422,21.0629997253418,20.51099967956543,20.575000762939453,163388000
2021-10-12,20.62965965270996,20.67099952697754,21.05699920654297,20.527999877929688,20.827999114990234,162134000
2021-10-13,20.89712142944336,20.93899917602539,20.989999771118164,20.71299934387207,20.917999267578125,180652000
2021-10-14,21.7025089263916,21.746000289916992,21.7549991607666,21.121999740600582,21.288000106811523,243589000
2021-10-15,21.81827545166016,21.86199951171875,21.93099975585937,21.66200065612793,21.809999465942383,226994000
2021-10-18,22.17755699157715,22.222000122070312,22.291000366210938,21.643999099731445,21.749000549316406,189494000
2021-10-19,22.24542236328125,22.290000915527344,22.378999710083008,22.03700065612793,22.275999069213867,161473000
2021-10-20,22.058799743652344,22.10300064086914,22.433000564575195,21.98200035095215,22.30500030517578,146276000
2021-10-21,22.6466121673584,22.691999435424805,22.711000442504883,22.08300018310547,22.097000122070312,187590000
2021-10-22,22.68054580688477,22.72599983215332,23.1299991607666,22.56100082397461,22.822999954223636,249384000
2021-10-25,23.119665145874023,23.166000366210938,23.354999542236328,22.770000457763672,22.972999572753903,230235000
2021-10-26,24.667560577392575,24.71699905395508,25.25900077819824,23.923999786376957,23.98900032043457,485898000
2021-10-27,24.402101516723636,24.451000213623047,25.09000015258789,24.28199958801269,24.474000930786133,245990000
2021-10-28,24.8911190032959,24.94099998474121,24.950000762939453,24.52300071716309,24.87800025939941,234204000
2021-10-29,25.51586532592773,25.566999435424805,25.708999633789062,25.0,25.000999450683597,292503000
2021-11-01,25.775346755981445,25.82699966430664,25.893999099731445,25.226999282836918,25.64900016784668,265740000
2021-11-02,26.34819793701172,26.400999069213867,26.67799949645996,25.799999237060547,25.82200050354004,294112000
2021-11-03,26.5447998046875,26.597999572753903,26.78400039672852,26.23500061035156,26.670000076293945,239910000
2021-11-04,29.741397857666016,29.801000595092773,31.364999771118164,27.118000030517575,27.22900009155273,1153631000
2021-11-05,29.69249725341797,29.75200080871582,31.399999618530277,29.40999984741211,30.187000274658203,851260000
2021-11-08,30.742395401000977,30.804000854492188,31.100000381469727,29.90699958801269,30.14900016784668,503101000
2021-11-09,30.595684051513672,30.65699958801269,32.310001373291016,29.964000701904297,32.28200149536133,646746000
2021-11-10,29.40008354187012,29.458999633789062,30.850000381469727,28.777999877929688,29.356000900268555,636206000
2021-11-11,30.329221725463867,30.38999938964844,30.59000015258789,29.777000427246094,30.468000411987305,332172000
2021-11-12,30.329221725463867,30.38999938964844,30.68000030517578,29.6299991607666,30.01000022888184,413054000
2021-11-15,29.96495056152344,30.024999618530277,30.643999099731445,29.246999740600582,30.552000045776367,384909000
2021-11-16,30.14259147644043,30.202999114990234,30.38999938964844,29.70599937438965,29.75900077819824,264484000
2021-11-17,29.20248031616211,29.26099967956543,30.50900077819824,28.799999237060547,30.417999267578125,428508000
2021-11-18,31.611648559570312,31.674999237060547,32.7599983215332,31.32099914550781,32.367000579833984,781711000
2021-11-19,32.91903305053711,32.98500061035156,33.0880012512207,31.905000686645508,32.24300003051758,533867000
2021-11-22,31.8920841217041,31.95599937438965,34.64699935913086,31.899999618530277,33.516998291015625,754335000
2021-11-23,31.682512283325195,31.746000289916992,32.36000061035156,30.8799991607666,31.53499984741211,532163000
2021-11-24,32.60865020751953,32.67399978637695,32.85499954223633,30.92799949645996,31.461000442504883,435162000
2021-11-26,31.43999671936035,31.50300025939941,32.709999084472656,31.350000381469727,32.599998474121094,283069000
2021-11-29,33.30925369262695,33.375999450683594,33.4119987487793,32.0359992980957,32.36600112915039,454964000
2021-11-30,32.61064529418945,32.67599868774414,33.35300064086914,31.86400032043457,33.16899871826172,622066000
2021-12-01,31.3759708404541,31.434999465942383,33.28900146484375,31.3799991607666,33.21900177001953,484368000
2021-12-02,32.065673828125,32.125999450683594,32.47800064086914,31.024999618530277,31.214000701904297,472890000
2021-12-03,30.635366439819336,30.69300079345703,32.12900161743164,30.1299991607666,32.0,544325000
2021-12-06,29.98059844970703,30.03700065612793,30.24099922180176,28.038000106811523,29.8799991607666,658938000
2021-12-07,32.36610412597656,32.426998138427734,32.44900131225586,30.650999069213867,30.957000732421875,593053000
2021-12-08,31.7662410736084,31.826000213623047,32.290000915527344,31.42099952697754,31.999000549316406,475551000
2021-12-09,30.4327449798584,30.489999771118164,32.20500183105469,30.42799949645996,31.733999252319336,488507000
2021-12-10,30.141298294067383,30.197999954223636,31.30500030517578,29.86100006103516,31.149999618530277,488825000
2021-12-13,28.108118057250977,28.160999298095703,30.29400062561035,28.11599922180176,30.249000549316406,598344000
2021-12-14,28.283790588378903,28.33699989318848,28.67799949645996,27.25,27.698999404907227,667035000
2021-12-15,30.40180206298828,30.458999633789062,30.5,27.83799934387207,28.399999618530277,698297000
2021-12-16,28.333696365356445,28.386999130249023,31.15999984741211,28.093000411987305,31.152000427246094,707366000
2021-12-17,27.748798370361328,27.801000595092773,28.92200088500977,27.76000022888184,27.98500061035156,713758000
2021-12-20,27.66694641113281,27.7189998626709,28.143999099731445,27.145000457763672,27.30500030517578,461847000
2021-12-21,29.02040100097656,29.075000762939453,29.1200008392334,27.400999069213867,28.374000549316406,524385000
2021-12-22,29.344789505004883,29.399999618530277,29.55500030517578,28.448999404907227,28.891000747680664,395184000
2021-12-23,29.58434295654297,29.63999938964844,30.05900001525879,29.43099975585937,29.7549991607666,343022000
2021-12-27,30.886892318725582,30.94499969482422,31.08699989318848,29.63999938964844,29.65999984741211,403686000
2021-12-28,30.265060424804688,30.32200050354004,31.32999992370605,30.011999130249023,31.312000274658203,420591000
2021-12-29,29.944660186767575,30.000999450683597,30.54800033569336,29.36599922180176,30.27300071716309,343139000
2021-12-30,29.530447006225582,29.586000442504883,30.457000732421875,29.540000915527344,29.82699966430664,308864000
2021-12-31,29.35576820373535,29.410999298095703,30.030000686645508,29.33099937438965,29.673999786376957,266530000
2022-01-03,30.064441680908203,30.121000289916992,30.711000442504883,29.78499984741211,29.815000534057617,391547000
2022-01-04,29.235002517700195,29.290000915527344,30.468000411987305,28.349000930786133,30.277000427246094,527154000
2022-01-05,27.552160263061523,27.60400009155273,29.416000366210938,27.53300094604492,28.948999404907227,498064000
2022-01-06,28.12508201599121,28.17799949645996,28.4379997253418,27.065000534057617,27.63999938964844,454186000
2022-01-07,27.19583320617676,27.246999740600582,28.42200088500977,27.05699920654297,28.141000747680664,409939000
2022-01-10,27.34854888916016,27.399999618530277,27.4689998626709,25.643999099731445,26.58099937438965,594681000
2022-01-11,27.7647647857666,27.816999435424805,28.065000534057617,26.839000701904297,27.322999954223636,404089000
2022-01-12,27.94642639160156,27.999000549316406,28.59499931335449,27.607999801635746,28.066999435424805,383413000
2022-01-13,26.52509307861328,26.575000762939453,28.479999542236328,26.49799919128418,28.378999710083008,540171000
2022-01-14,26.891407012939453,26.941999435424805,27.19700050354004,26.209999084472656,26.299999237060547,395832000
2022-01-18,25.85436248779297,25.902999877929688,26.63800048828125,25.770000457763672,26.26000022888184,424270000
2022-01-19,25.01993179321289,25.066999435424805,26.542999267578125,25.052000045776367,26.07900047302246,488315000
2022-01-20,24.104650497436523,24.149999618530277,25.57900047302246,24.077999114990234,25.304000854492188,435181000
2022-01-21,23.33010673522949,23.374000549316406,24.822999954223636,23.26300048828125,23.506999969482425,718958000
2022-01-24,23.32811164855957,23.371999740600582,23.3799991607666,20.88800048828125,22.32999992370605,913982000
2022-01-25,22.282079696655277,22.323999404907227,22.94300079345703,22.0,22.54599952697754,664616000
2022-01-26,22.72923851013184,22.77199935913086,24.05699920654297,22.299999237060547,23.239999771118164,755959000
2022-01-27,21.902793884277344,21.944000244140625,23.9950008392334,21.674999237060547,23.56800079345703,573353000
2022-01-28,22.79711151123047,22.84000015258789,22.857999801635746,21.29599952697754,22.011999130249023,543774000
2022-01-31,24.440019607543945,24.48600006103516,24.50900077819824,23.052000045776367,23.18199920654297,564680000
2022-02-01,24.591732025146484,24.63800048828125,25.145000457763672,23.88999938964844,25.10400009155273,518925000
2022-02-02,25.194599151611328,25.242000579833984,25.816999435424805,24.55299949645996,25.79400062561035,543419000
2022-02-03,23.90302848815918,23.947999954223636,25.07699966430664,23.780000686645508,24.45800018310547,410178000
2022-02-04,24.273332595825195,24.319000244140625,24.63500022888184,23.631999969482425,23.972000122070312,354829000
2022-02-07,24.68156623840332,24.72800064086914,25.18199920654297,24.20199966430664,24.371999740600582,376868000
2022-02-08,25.060850143432617,25.107999801635746,25.229999542236328,23.979999542236328,24.358999252319336,410359000
2022-02-09,26.65485191345215,26.70499992370605,26.725000381469727,25.35300064086914,25.621999740600582,524282000
2022-02-10,25.7755069732666,25.823999404907227,26.924999237060547,25.600000381469727,25.9950008392334,513200000
2022-02-11,23.904024124145508,23.948999404907227,26.152000427246094,23.77300071716309,25.916000366210938,605472000
2022-02-14,24.221433639526367,24.267000198364254,24.875,23.7549991607666,23.93400001525879,440424000
2022-02-15,26.44524955749512,26.4950008392334,26.545000076293945,24.78400039672852,24.948999404907227,699869000
2022-02-16,26.461219787597656,26.51099967956543,26.582000732421875,25.552000045776367,26.25900077819824,732676000
2022-02-17,24.460981369018555,24.506999969482425,25.78499984741211,24.165000915527344,25.6299991607666,810595000
2022-02-18,23.597604751586918,23.642000198364254,24.98600006103516,23.100000381469727,24.667999267578125,761255000
2022-02-22,23.34607696533203,23.38999938964844,24.06399917602539,23.0,23.03499984741211,633422000
2022-02-23,22.344959259033203,22.386999130249023,24.155000686645508,22.301000595092773,23.802000045776367,566511000
2022-02-24,23.703405380249023,23.74799919128418,23.799999237060547,20.88999938964844,21.01499938964844,735801000
2022-02-25,24.11163902282715,24.15699958801269,24.21699905395508,23.381000518798828,23.72100067138672,528866000
2022-02-28,24.339210510253903,24.38500022888184,24.665000915527344,23.707000732421875,23.992000579833984,477319000
2022-03-01,23.43291664123535,23.476999282836918,24.37700080871582,23.131999969482425,24.291000366210938,412056000
2022-03-02,24.178638458251957,24.21999931335449,24.40900039672852,23.415000915527344,23.756000518798828,389642000
2022-03-03,23.67350196838379,23.714000701904297,24.326000213623047,23.4689998626709,24.261999130249023,365095000
2022-03-04,22.89683151245117,22.93600082397461,23.68000030517578,22.48200035095215,23.38400077819824,431415000
2022-03-07,21.315534591674805,21.351999282836918,23.03300094604492,21.32999992370605,22.816999435424805,450821000
2022-03-08,21.477258682250977,21.513999938964844,22.37299919128418,20.649999618530277,21.30900001525879,557467000
2022-03-09,22.974699020385746,23.013999938964844,23.21999931335449,22.246999740600582,22.386999130249023,492742000
2022-03-10,22.619304656982425,22.65800094604492,22.788000106811523,21.881999969482425,22.5310001373291,428066000
2022-03-11,22.0622615814209,22.100000381469727,23.145000457763672,22.04599952697754,23.02199935913086,367209000
2022-03-14,21.293575286865234,21.32999992370605,22.261999130249023,21.15900039672852,21.86899948120117,385354000
2022-03-15,22.93376922607422,22.972999572753903,23.038000106811523,21.32200050354004,21.51799964904785,491996000
2022-03-16,24.45416641235352,24.496000289916992,24.597000122070312,23.17200088500977,23.5,671422000
2022-03-17,24.72370338439941,24.766000747680664,24.84199905395508,23.9060001373291,24.1200008392334,471941000
2022-03-18,26.407825469970703,26.452999114990234,26.569000244140625,24.624000549316406,24.798999786376957,730719000
2022-03-21,26.688344955444336,26.733999252319336,27.152000427246094,25.96699905395508,26.506999969482425,591727000
2022-03-22,26.47870445251465,26.52400016784668,27.238000869750977,26.07200050354004,26.726999282836918,547007000
2022-03-23,25.59022521972656,25.63400077819824,26.61199951171875,25.575000762939453,26.125999450683597,502120000
2022-03-24,28.101924896240234,28.149999618530277,28.31999969482422,25.90699958801269,26.166000366210938,877379000
2022-03-25,27.644710540771484,27.691999435424805,28.357999801635746,27.270999908447266,27.88599967956543,579016000
2022-03-28,28.170806884765625,28.2189998626709,28.25,27.20599937438965,27.756000518798828,425494000
2022-03-29,28.60706329345703,28.6560001373291,28.94599914550781,27.979999542236328,28.69499969482422,488984000
2022-03-30,27.64271354675293,27.690000534057617,28.496000289916992,27.50300025939941,28.304000854492188,463487000
2022-03-31,27.23940086364746,27.285999298095703,28.24799919128418,27.270000457763672,27.78199958801269,523440000
2022-04-01,26.6663818359375,26.71199989318848,27.496000289916992,26.267000198364254,27.375,517235000
2022-04-04,27.313276290893555,27.36000061035156,27.558000564575195,26.613000869750977,26.72800064086914,397120000
2022-04-05,25.88671875,25.93099975585937,27.319000244140625,25.81999969482422,27.253999710083008,436615000
2022-04-06,24.365318298339844,24.40699958801269,25.299999237060547,24.00300025939941,24.93400001525879,703833000
2022-04-07,24.166662216186523,24.20800018310547,24.722000122070312,23.47800064086914,24.44099998474121,557992000
2022-04-08,23.07952117919922,23.11899948120117,23.92300033569336,23.062000274658203,23.91699981689453,524781000
2022-04-11,21.87957191467285,21.91699981689453,22.31999969482422,21.65999984741211,22.214000701904297,575207000
2022-04-12,21.46727180480957,21.503999710083008,22.725000381469727,21.28199958801269,22.53700065612793,662258000
2022-04-13,22.16508102416992,22.202999114990234,22.5,21.45499992370605,21.72800064086914,516943000
2022-04-14,21.221694946289062,21.257999420166016,22.777000427246094,21.163000106811523,22.5049991607666,569097000
2022-04-18,21.745798110961918,21.78300094604492,22.08799934387207,21.07900047302246,21.200000762939453,525701000
2022-04-19,22.16008949279785,22.197999954223636,22.37299919128418,21.31399917602539,21.71999931335449,512781000
2022-04-20,21.4453125,21.48200035095215,22.670000076293945,21.200000762939453,22.517000198364254,468974000
2022-04-21,20.148534774780277,20.183000564575195,22.392000198364254,20.0,21.708999633789062,656209000
2022-04-22,19.481674194335938,19.51499938964844,20.48600006103516,19.5,20.30299949645996,624713000
2022-04-25,19.86801528930664,19.902000427246094,19.94499969482422,19.09600067138672,19.20199966430664,641566000
2022-04-26,18.75591278076172,18.788000106811523,19.788000106811523,18.670000076293945,19.718000411987305,653143000
2022-04-27,18.383554458618164,18.415000915527344,19.16699981689453,18.290000915527344,18.597999572753903,499460000
2022-04-28,19.74821662902832,19.78199958801269,20.03700065612793,18.489999771118164,18.96699905395508,570327000
2022-04-29,18.51532554626465,18.54700088500977,20.12800025939941,18.517000198364254,19.402000427246094,500435000
2022-05-02,19.499643325805664,19.53300094604492,19.573999404907227,18.391000747680664,18.541000366210938,572049000
2022-05-03,19.568527221679688,19.601999282836918,19.825000762939453,19.132999420166016,19.399999618530277,475751000
2022-05-04,20.29927444458008,20.333999633789062,20.399999618530277,18.750999450683597,19.92300033569336,648855000
2022-05-05,18.811824798583984,18.8439998626709,19.924999237060547,18.5,19.867000579833984,626331000
2022-05-06,18.64310836791992,18.674999237060547,19.511999130249023,17.989999771118164,18.73600006103516,633297000
2022-05-09,16.921051025390625,16.950000762939453,18.2549991607666,16.82699966430664,18.03400039672852,644455000
2022-05-10,17.56494903564453,17.594999313354492,18.197999954223636,17.024999618530273,17.68899917602539,761474000
2022-05-11,16.601600646972656,16.6299991607666,17.753000259399414,16.56800079345703,17.347000122070312,670167000
2022-05-12,16.147375106811523,16.174999237060547,16.788000106811523,15.56700038909912,16.2189998626709,708728000
2022-05-13,17.675764083862305,17.70599937438965,17.92799949645996,16.593000411987305,16.788000106811523,670437000
2022-05-16,17.234519958496094,17.263999938964844,17.788000106811523,17.106000900268555,17.509000778198242,521446000
2022-05-17,18.145959854125977,18.177000045776367,18.371000289916992,17.634000778198242,18.073999404907227,585830000
2022-05-18,16.909074783325195,16.937999725341797,18.118000030517575,16.86400032043457,17.704999923706055,545161000
2022-05-19,17.094758987426758,17.124000549316406,17.687000274658203,16.733999252319336,16.937000274658203,621310000
2022-05-20,16.665491104125977,16.694000244140625,17.40999984741211,15.755000114440918,17.332000732421875,739105000
2022-05-23,16.869144439697266,16.898000717163086,16.915000915527344,16.179000854492188,16.27400016784668,639889000
2022-05-24,16.126413345336914,16.15399932861328,16.597000122070312,15.779999732971191,16.510000228881836,588550000
2022-05-25,16.946012496948242,16.975000381469727,17.111000061035156,16.0,16.020000457763672,781132000
2022-05-26,17.820514678955078,17.85099983215332,18.09199905395508,16.02199935913086,16.035999298095703,996575000
2022-05-27,18.77887725830078,18.81100082397461,18.881000518798828,18.100000381469727,18.18600082397461,738379000
2022-05-31,18.640111923217773,18.67200088500977,19.200000762939453,18.350000381469727,18.979999542236328,664100000
2022-06-01,18.288713455200195,18.31999969482422,19.05299949645996,18.121999740600582,18.724000930786133,544514000
2022-06-02,19.558536529541016,19.59199905395508,19.61899948120117,18.197999954223636,18.29199981689453,648656000
2022-06-03,18.688032150268555,18.71999931335449,19.332000732421875,18.52199935913086,19.082000732421875,598779000
2022-06-06,18.75391387939453,18.785999298095703,19.33699989318848,18.56399917602539,19.138999938964844,422406000
2022-06-07,18.89368057250977,18.926000595092773,19.0,18.1879997253418,18.472000122070312,388914000
2022-06-08,18.62009048461914,18.64800071716309,19.18000030517578,18.53499984741211,18.798999786376957,363252000
2022-06-09,18.0209903717041,18.04800033569336,18.933000564575195,18.041000366210938,18.481000900268555,395574000
2022-06-10,16.94859504699707,16.974000930786133,17.69700050354004,16.868999481201172,17.600000381469727,465248000
2022-06-13,15.623581886291504,15.647000312805176,16.312000274658203,15.605999946594238,16.0,604153000
2022-06-14,15.812300682067873,15.836000442504885,16.06599998474121,15.411999702453612,15.730999946594238,469680000
2022-06-15,16.50226402282715,16.527000427246094,16.868000030517578,15.925999641418455,16.094999313354492,563936000
2022-06-16,15.577651023864746,15.60099983215332,15.94200038909912,15.401000022888184,15.859999656677246,545749000
2022-06-17,15.856233596801758,15.880000114440918,15.994999885559082,15.32800006866455,15.64799976348877,630334000
2022-06-21,16.54120445251465,16.56599998474121,17.007999420166016,16.406999588012695,16.475000381469727,483089000
2022-06-22,16.335514068603516,16.360000610351562,16.66200065612793,16.18000030517578,16.22599983215332,437135000
2022-06-23,16.200712203979492,16.225000381469727,16.584999084472656,15.852999687194824,16.518999099731445,463680000
2022-06-24,17.100366592407227,17.125999450683594,17.139999389648438,16.309999465942383,16.5,472153000
2022-06-27,16.84375,16.868999481201172,17.329999923706055,16.625999450683594,17.312000274658203,427968000
2022-06-28,15.958078384399414,15.982000350952148,17.20199966430664,15.94499969482422,16.899999618530273,461149000
2022-06-29,15.51873779296875,15.541999816894531,15.81999969482422,15.170000076293944,15.814000129699709,482352000
2022-06-30,15.136310577392578,15.159000396728516,15.56700038909912,14.862000465393066,15.361000061035156,686070000
2022-07-01,14.501264572143556,14.52299976348877,15.062999725341797,14.392000198364258,14.89900016784668,577610000
2022-07-05,14.94160270690918,14.96399974822998,14.970999717712402,14.05500030517578,14.175000190734863,651397000
2022-07-06,15.107354164123535,15.130000114440918,15.319000244140623,14.788999557495115,15.010000228881836,529066000
2022-07-07,15.83426570892334,15.857999801635742,15.94499969482422,15.388999938964844,15.456000328063965,492903000
2022-07-08,15.814295768737791,15.838000297546388,16.03700065612793,15.388999938964844,15.43000030517578,467972000
2022-07-11,15.129322052001951,15.152000427246094,15.527000427246094,15.038000106811523,15.526000022888184,437321000
2022-07-12,15.05942726135254,15.08199977874756,15.430999755859377,14.876999855041504,15.267999649047852,458483000
2022-07-13,15.141304969787598,15.163999557495115,15.375,14.46500015258789,14.59000015258789,521918000
2022-07-14,15.348992347717283,15.371999740600586,15.472999572753906,14.727999687194824,15.107999801635742,456235000
2022-07-15,15.738409042358398,15.76200008392334,15.781999588012695,15.44499969482422,15.659000396728516,385935000
2022-07-18,16.076900482177734,16.10099983215332,16.89699935913086,16.00200080871582,16.302000045776367,670517000
2022-07-19,16.96656608581543,16.992000579833984,17.110000610351562,16.172000885009766,16.486000061035156,702366000
2022-07-20,17.78034782409668,17.80699920654297,17.933000564575195,16.801000595092773,16.94700050354004,760538000
2022-07-21,18.022987365722656,18.049999237060547,18.143999099731445,17.545000076293945,17.885000228881836,557049000
2022-07-22,17.29307746887207,17.319000244140625,17.966999053955078,17.136999130249023,17.89299964904785,536671000
2022-07-25,16.998517990112305,17.02400016784668,17.124000549316406,16.64900016784668,17.018999099731445,480748000
2022-07-26,16.508255004882812,16.533000946044922,16.91900062561035,16.47800064086914,16.888999938964844,397865000
2022-07-27,17.76337432861328,17.790000915527344,17.93600082397461,16.913000106811523,17.031999588012695,569776000
2022-07-28,17.957080841064453,17.983999252319336,18.13999938964844,17.440000534057617,17.975000381469727,474646000
2022-07-29,18.13581657409668,18.163000106811523,18.24399948120117,17.691999435424805,17.812999725341797,435460000
2022-08-01,18.413402557373047,18.44099998474121,18.84600067138672,17.989999771118164,18.18199920654297,476469000
2022-08-02,18.498271942138672,18.525999069213867,18.9379997253418,18.09199905395508,18.121999740600582,489527000
2022-08-03,18.864717483520508,18.89299964904785,18.968000411987305,18.136999130249023,18.18400001525879,418146000
2022-08-04,19.186243057250977,19.21500015258789,19.27400016784668,18.76000022888184,18.849000930786133,409652000
2022-08-05,18.960580825805664,18.98900032043457,19.22900009155273,18.666000366210938,18.809999465942383,386068000
2022-08-08,17.76637077331543,17.792999267578125,18.23900032043457,17.242000579833984,17.50200080871582,981859000
2022-08-09,17.060428619384766,17.086000442504883,17.44700050354004,16.724000930786133,17.25200080871582,668263000
2022-08-10,18.069913864135746,18.097000122070312,18.118000030517575,17.316999435424805,17.697999954223633,597422000
2022-08-11,17.915145874023438,17.941999435424805,18.707000732421875,17.875999450683594,18.131000518798828,509327000
2022-08-12,18.680997848510746,18.708999633789062,18.718000411987305,17.952999114990234,18.15999984741211,478094000
2022-08-15,19.00351333618164,19.03199958801269,19.16399955749512,18.613000869750977,18.701000213623047,457666000
2022-08-16,18.85074615478516,18.878999710083008,19.142000198364254,18.500999450683597,18.920000076293945,451240000
2022-08-17,18.30755424499512,18.334999084472656,18.6879997253418,18.145000457763672,18.52300071716309,446799000
2022-08-18,18.74490737915039,18.77300071716309,18.864999771118164,18.183000564575195,18.301000595092773,415447000
2022-08-19,17.822282791137695,17.849000930786133,18.520000457763672,17.770000457763672,18.4060001373291,441588000
2022-08-22,17.008508682250977,17.034000396728516,17.558000564575195,16.965999603271484,17.489999771118164,409593000
2022-08-23,17.155284881591797,17.180999755859375,17.46500015258789,16.969999313354492,16.98900032043457,369986000
2022-08-24,17.19622230529785,17.222000122070312,17.4060001373291,16.895000457763672,17.011999130249023,522661000
2022-08-25,17.886192321777344,17.913000106811523,17.94700050354004,16.83300018310547,16.8439998626709,770691000
2022-08-26,16.23566246032715,16.260000228881836,17.923999786376953,16.23699951171875,17.85700035095215,769127000
2022-08-29,15.777352333068848,15.800999641418455,16.33799934387207,15.767000198364258,16.020000457763672,496132000
2022-08-30,15.444849967956545,15.468000411987305,16.038999557495117,15.182000160217283,15.960000038146973,530181000
2022-08-31,15.071410179138184,15.093999862670898,15.539999961853027,14.958999633789062,15.383999824523926,573710000
2022-09-01,13.916141510009766,13.937000274658203,14.380000114440918,13.270000457763672,14.208999633789062,1178865000
2022-09-02,13.626574516296388,13.647000312805176,14.17099952697754,13.590999603271484,14.100000381469728,743157000
2022-09-06,13.444847106933594,13.46500015258789,13.779000282287598,13.35099983215332,13.730999946594238,535751000
2022-09-07,13.697543144226074,13.71399974822998,13.838000297546388,13.345999717712402,13.562999725341797,512657000
2022-09-08,13.973211288452148,13.989999771118164,14.008000373840332,13.369000434875488,13.458999633789062,624873000
2022-09-09,14.369736671447754,14.38700008392334,14.473999977111816,14.12600040435791,14.156999588012695,486612000
2022-09-12,14.487594604492188,14.505000114440918,14.54699993133545,14.197999954223633,14.369000434875488,484159000
2022-09-13,13.115242958068848,13.130999565124512,13.92199993133545,13.098999977111816,13.802000045776367,714956000
2022-09-14,13.112245559692385,13.128000259399414,13.289999961853027,12.913000106811523,13.253999710083008,588507000
2022-09-15,12.913485527038574,12.928999900817873,13.232999801635742,12.789999961853027,13.015000343322754,523625000
2022-09-16,13.182162284851074,13.197999954223633,13.211999893188477,12.616999626159668,12.741999626159668,670751000
2022-09-19,13.365941047668455,13.381999969482422,13.463000297546388,13.010000228881836,13.01200008392334,569685000
2022-09-20,13.160188674926758,13.175999641418455,13.482999801635742,13.057000160217283,13.21500015258789,524818000
2022-09-21,13.245087623596191,13.26099967956543,14.031000137329102,13.109999656677246,13.213000297546388,807679000
2022-09-22,12.54592514038086,12.560999870300291,13.14900016784668,12.428000450134276,13.06999969482422,759162000
2022-09-23,12.50097942352295,12.515999794006348,12.611000061035156,12.256999969482422,12.420000076293944,663309000
2022-09-26,12.213327407836914,12.227999687194824,12.659000396728516,12.21399974822998,12.491000175476074,547343000
2022-09-27,12.398104667663574,12.413000106811523,12.736000061035156,12.258000373840332,12.506999969482422,553854000
2022-09-28,12.72071647644043,12.736000061035156,12.822999954223633,12.354000091552734,12.40999984741211,542414000
2022-09-29,12.205336570739746,12.220000267028809,12.5,11.946000099182127,12.447999954223633,532763000
2022-09-30,12.124433517456056,12.138999938964844,12.633000373840332,12.074999809265137,12.086999893188477,565638000
2022-10-03,12.496986389160156,12.51200008392334,12.678000450134276,12.104999542236328,12.347000122070312,547478000
2022-10-04,13.151199340820312,13.166999816894531,13.220000267028809,12.878999710083008,12.878999710083008,584182000
2022-10-05,13.193147659301758,13.208999633789062,13.321000099182127,12.621000289916992,12.91100025177002,507131000
2022-10-06,13.114243507385254,13.130000114440918,13.656000137329102,13.102999687194824,13.220000267028809,644157000
2022-10-07,12.06151008605957,12.076000213623049,12.670000076293944,12.022000312805176,12.505000114440918,672478000
2022-10-10,11.655994415283203,11.670000076293944,12.12399959564209,11.407999992370604,12.036999702453612,698699000
2022-10-11,11.572097778320312,11.586000442504885,11.845999717712402,11.282999992370604,11.560999870300291,667482000
2022-10-12,11.486199378967283,11.5,11.734999656677246,11.345000267028809,11.57900047302246,492590000
2022-10-13,11.94564723968506,11.960000038146973,12.07800006866455,10.812999725341797,10.970999717712402,850103000
2022-10-14,11.213528633117676,11.22700023651123,12.111000061035156,11.20400047302246,12.057000160217283,713432000
2022-10-17,11.87373161315918,11.887999534606934,11.947999954223633,11.517000198364258,11.517999649047852,580774000
2022-10-18,11.952640533447266,11.967000007629396,12.491999626159668,11.618000030517578,12.343999862670898,659362000
2022-10-19,12.036538124084473,12.050999641418455,12.350000381469728,11.833999633789062,11.878999710083008,523131000
2022-10-20,12.179368019104004,12.194000244140623,12.769000053405762,12.104999542236328,12.11299991607666,652398000
2022-10-21,12.451040267944336,12.465999603271484,12.498000144958496,11.88700008392334,12.097999572753906,609494000
2022-10-24,12.583881378173828,12.598999977111816,12.710000038146973,12.064000129699709,12.508000373840332,517457000
2022-10-25,13.245087623596191,13.26099967956543,13.300000190734863,12.663999557495115,12.694000244140623,505482000
2022-10-26,12.88052463531494,12.895999908447266,13.387999534606934,12.708000183105469,12.869000434875488,532953000
2022-10-27,13.160188674926758,13.175999641418455,13.838000297546388,13.121999740600586,13.630000114440918,583113000
2022-10-28,13.81739902496338,13.833999633789062,13.850000381469728,13.060999870300291,13.104000091552734,521040000
2022-10-31,13.480804443359377,13.496999740600586,13.838000297546388,13.29699993133545,13.777999877929688,486341000
2022-11-01,13.52674961090088,13.54300022125244,13.925000190734863,13.519000053405762,13.810999870300291,432817000
2022-11-02,13.20313835144043,13.218999862670898,14.210000038146973,13.211000442504885,13.850000381469728,672628000
2022-11-03,13.404894828796388,13.42099952697754,13.781000137329102,12.956000328063965,13.04300022125244,500065000
2022-11-04,14.139013290405272,14.156000137329102,14.229000091552734,13.696999549865724,13.986000061035156,612576000
2022-11-07,14.283838272094728,14.300999641418455,14.411999702453612,13.95400047302246,14.227999687194824,410061000
2022-11-08,14.584477424621582,14.60200023651123,14.890999794006348,14.215999603271484,14.800999641418455,595292000
2022-11-09,13.75946807861328,13.776000022888184,14.211000442504885,13.758999824523926,14.161999702453612,454414000
2022-11-10,15.73110008239746,15.75,15.77299976348877,14.54699993133545,14.800000190734863,700819000
2022-11-11,16.30740737915039,16.32699966430664,16.388999938964844,15.482000350952148,15.807000160217283,655487000
2022-11-14,16.275447845458984,16.295000076293945,16.540000915527344,15.92199993133545,16.218000411987305,527852000
2022-11-15,16.645999908447266,16.666000366210938,16.99799919128418,16.381999969482422,16.722000122070312,545876000
2022-11-16,15.890910148620604,15.90999984741211,16.36199951171875,15.873000144958496,16.16200065612793,649547000
2022-11-17,15.65818691253662,15.677000045776367,16.266000747680664,15.53499984741211,15.71500015258789,710894000
2022-11-18,15.390508651733398,15.409000396728516,16.00200080871582,15.119999885559082,15.965999603271484,492072000
2022-11-21,15.29862117767334,15.31700038909912,15.47700023651123,15.079999923706056,15.147000312805176,404739000
2022-11-22,16.018754959106445,16.038000106811523,16.058000564575195,15.121999740600586,15.32800006866455,472866000
2022-11-23,16.49917984008789,16.518999099731445,16.527000427246094,16.04800033569336,16.097999572753906,427241000
2022-11-25,16.250478744506836,16.270000457763672,16.48699951171875,16.172000885009766,16.31800079345703,167934000
2022-11-28,15.80800724029541,15.82699966430664,16.35700035095215,15.725000381469728,16.025999069213867,303741000
2022-11-29,15.620233535766602,15.638999938964844,15.932000160217283,15.520000457763672,15.82699966430664,298384000
2022-11-30,16.90701675415039,16.92300033569336,16.93000030517578,15.597000122070312,15.696999549865724,565298000
2022-12-01,17.118816375732422,17.135000228881836,17.264999389648438,16.635000228881836,16.999000549316406,470977000
2022-12-02,16.860061645507812,16.875999450683594,16.933000564575195,16.44499969482422,16.659000396728516,371389000
2022-12-05,16.594310760498047,16.610000610351562,16.9950008392334,16.472000122070312,16.679000854492188,352255000
2022-12-06,15.971900939941406,15.987000465393066,16.572999954223633,15.819000244140623,16.530000686645508,352694000
2022-12-07,16.10477638244629,16.1200008392334,16.18600082397461,15.666999816894531,15.772000312805176,372388000
2022-12-08,17.152786254882812,17.16900062561035,17.179000854492188,15.958999633789062,16.273000717163086,515456000
2022-12-09,16.984943389892578,17.000999450683594,17.58300018310547,16.975000381469727,17.15999984741211,465338000
2022-12-12,17.51844024658203,17.53499984741211,17.538000106811523,16.797000885009766,17.03700065612793,457328000
2022-12-13,18.054933547973636,18.07200050354004,18.790000915527344,17.711000442504883,18.5310001373291,656589000
2022-12-14,17.65730857849121,17.673999786376953,18.25200080871582,17.420000076293945,17.98699951171875,496888000
2022-12-15,16.93598747253418,16.95199966430664,17.31999969482422,16.700000762939453,17.145999908447266,478542000
2022-12-16,16.55535125732422,16.570999145507812,17.041000366210938,16.40999984741211,16.86400032043457,478232000
2022-12-19,16.238645553588867,16.253999710083008,16.608999252319336,16.145000457763672,16.57200050354004,354039000
2022-12-20,16.069807052612305,16.084999084472656,16.309999465942383,15.85200023651123,16.06399917602539,403260000
2022-12-21,16.485414505004883,16.500999450683594,16.62700080871582,16.101999282836914,16.11400032043457,325025000
2022-12-22,15.32451343536377,15.33899974822998,16.13800048828125,14.881999969482422,16.0939998626709,565045000
2022-12-23,15.191637992858888,15.206000328063965,15.33899974822998,14.883000373840332,15.196000099182127,349326000
2022-12-27,14.107664108276367,14.121000289916992,15.100000381469728,14.055999755859377,15.074000358581545,464902000
2022-12-28,14.022743225097656,14.03600025177002,14.26200008392334,13.883999824523926,13.927000045776367,351066000
2022-12-29,14.589208602905272,14.602999687194824,14.68299961090088,14.22700023651123,14.402000427246094,354923000
2022-12-30,14.600197792053224,14.61400032043457,14.628999710083008,14.232999801635742,14.333999633789062,310490000
2023-01-03,14.301480293273926,14.3149995803833,14.996000289916992,14.095999717712402,14.85099983215332,401277000
2023-01-04,14.73507022857666,14.74899959564209,14.852999687194824,14.241000175476074,14.56700038909912,431324000
2023-01-05,14.251526832580566,14.265000343322754,14.564000129699709,14.14799976348877,14.491000175476074,389168000
2023-01-06,14.844966888427734,14.859000205993652,15.010000228881836,14.034000396728516,14.473999977111816,405044000
2023-01-09,15.613240242004396,15.628000259399414,16.055999755859375,15.140999794006348,15.284000396728516,504231000
2023-01-10,15.893977165222168,15.909000396728516,15.961999893188477,15.472000122070312,15.506999969482422,384101000
2023-01-11,15.985886573791504,16.000999450683594,16.027999877929688,15.562999725341797,15.84000015258789,353285000
2023-01-12,16.495405197143555,16.51099967956543,16.636999130249023,15.491999626159668,16.100000381469727,551409000
2023-01-13,16.883039474487305,16.89900016784668,16.922000885009766,16.165000915527344,16.277999877929688,447287000
2023-01-17,17.685283660888672,17.70199966430664,17.72800064086914,16.89900016784668,16.89900016784668,511102000
2023-01-18,17.3605899810791,17.37700080871582,17.87299919128418,17.281999588012695,17.66699981689453,439624000
2023-01-19,16.749162673950195,16.764999389648438,17.19700050354004,16.731000900268555,17.035999298095703,452932000
2023-01-20,17.82215118408203,17.839000701904297,17.856000900268555,16.825000762939453,17.01099967956543,564967000
2023-01-23,19.17487335205078,19.19300079345703,19.2450008392334,17.81800079345703,18.06399917602539,655163000
2023-01-24,19.24680519104004,19.26499938964844,19.4950008392334,18.81999969482422,18.82699966430664,496204000
2023-01-25,19.30475234985352,19.322999954223636,19.3700008392334,18.57999992370605,18.913000106811523,449537000
2023-01-26,19.78329849243164,19.802000045776367,20.166000366210938,19.277999877929688,19.701000213623047,489535000
2023-01-27,20.34576797485352,20.364999771118164,20.62800025939941,19.405000686645508,19.46199989318848,542142000
2023-01-30,19.143903732299805,19.16200065612793,20.13999938964844,19.149999618530277,19.950000762939453,488611000
2023-01-31,19.5185489654541,19.53700065612793,19.687000274658203,18.950000762939453,19.170000076293945,498017000
2023-02-01,20.9232234954834,20.94300079345703,21.191999435424805,19.61100006103516,19.69099998474121,660477000
2023-02-02,21.68849754333496,21.708999633789062,21.948999404907227,20.700000762939453,21.0,564276000
2023-02-03,21.08007049560547,21.100000381469727,21.7450008392334,20.78899955749512,21.0,429366000
2023-02-06,21.06908226013184,21.089000701904297,21.56999969482422,20.785999298095703,20.80599975585937,452197000
2023-02-07,22.15205955505371,22.17300033569336,22.25900077819824,21.149999618530277,21.381999969482425,664150000
2023-02-08,22.18402671813965,22.20499992370605,22.87800025939941,22.007999420166016,22.386999130249023,559651000
2023-02-09,22.31590461730957,22.33699989318848,23.020000457763672,22.1200008392334,22.606000900268555,523876000
2023-02-10,21.24491500854492,21.26499938964844,22.077999114990234,20.81100082397461,21.690000534057617,550737000
2023-02-13,21.76742172241211,21.788000106811523,22.04800033569336,20.96199989318848,21.538000106811523,474919000
2023-02-14,22.94930458068848,22.97100067138672,23.048999786376957,21.36599922180176,21.577999114990234,675474000
2023-02-15,22.74250030517578,22.763999938964844,22.854999542236328,22.106000900268555,22.548999786376957,420575000
2023-02-16,21.98122215270996,22.00200080871582,22.549999237060547,21.927000045776367,22.132999420166016,412026000
2023-02-17,21.36780166625977,21.38800048828125,21.739999771118164,20.975000381469727,21.631000518798828,465888000
2023-02-21,20.6354923248291,20.655000686645508,21.49399948120117,20.618000030517575,21.0,410015000
2023-02-22,20.73440361022949,20.753999710083008,21.10400009155273,20.42099952697754,20.707000732421875,513184000
2023-02-23,23.64165306091309,23.66399955749512,23.88800048828125,23.024999618530277,23.440000534057617,1117995000
2023-02-24,23.26400756835937,23.285999298095703,23.474000930786133,22.94700050354004,23.225000381469727,589716000
2023-02-27,23.478803634643555,23.500999450683597,23.8799991607666,23.45400047302246,23.670000076293945,452994000
2023-02-28,23.194074630737305,23.215999603271484,23.825000762939453,23.20599937438965,23.371999740600582,455963000
2023-03-01,22.67656517028809,22.697999954223636,23.256000518798828,22.507999420166016,23.191999435424805,460026000
2023-03-02,23.29197883605957,23.31399917602539,23.3799991607666,22.43199920654297,22.488000869750977,389415000
2023-03-03,23.86743927001953,23.88999938964844,23.899999618530277,23.1299991607666,23.31999969482422,412393000
2023-03-06,23.531753540039062,23.554000854492188,24.24799919128418,23.48699951171875,23.891000747680664,437429000
2023-03-07,23.26995849609375,23.288000106811523,24.125,23.24099922180176,23.600000381469727,515154000
2023-03-08,24.162263870239254,24.18099975585937,24.200000762939453,23.423999786376957,23.48699951171875,513573000
2023-03-09,23.417842864990234,23.43600082397461,24.45400047302246,23.382999420166016,24.174999237060547,501257000
2023-03-10,22.947206497192383,22.96500015258789,23.62700080871582,22.72599983215332,23.40900039672852,474866000
2023-03-13,22.948204040527344,22.965999603271484,23.29800033569336,22.29700088500977,22.75200080871582,421890000
2023-03-14,24.04435539245605,24.0629997253418,24.2189998626709,23.459999084472656,23.496000289916992,474910000
2023-03-15,24.209228515625,24.22800064086914,24.285999298095703,23.36000061035156,23.76099967956543,524486000
2023-03-16,25.521211624145508,25.541000366210938,25.58799934387207,23.893999099731445,24.027000427246094,583253000
2023-03-17,25.70506858825684,25.725000381469727,26.39900016784668,25.667999267578125,25.98200035095215,848547000
2023-03-20,25.879932403564453,25.899999618530277,26.02400016784668,25.1299991607666,25.614999771118164,432747000
2023-03-21,26.17870140075684,26.198999404907227,26.392000198364254,25.381000518798828,26.18000030517578,547408000
2023-03-22,26.447492599487305,26.468000411987305,27.589000701904297,26.23699951171875,26.424999237060547,797295000
2023-03-23,27.1699333190918,27.19099998474121,27.499000549316406,26.690000534057617,27.114999771118164,564889000
2023-03-24,26.75825500488281,26.77899932861328,27.16699981689453,26.354999542236328,27.0310001373291,454920000
2023-03-27,26.510446548461918,26.5310001373291,27.0,26.364999771118164,26.83699989318848,361026000
2023-03-28,26.389537811279297,26.40999984741211,26.51300048828125,25.850000381469727,26.44700050354004,356104000
2023-03-29,26.96309280395508,26.983999252319336,27.077999114990234,26.597000122070312,26.825000762939453,393694000
2023-03-30,27.36178398132324,27.382999420166016,27.499000549316406,27.101999282836918,27.22900009155273,364516000
2023-03-31,27.755481719970703,27.777000427246094,27.833999633789062,27.104999542236328,27.13999938964844,433933000
2023-04-03,27.943330764770508,27.96500015258789,28.0,27.336000442504883,27.50900077819824,398716000
2023-04-04,27.43173217773437,27.452999114990234,28.0,27.30699920654297,27.965999603271484,368592000
2023-04-05,26.86017227172852,26.881000518798828,26.99799919128418,26.395000457763672,26.82900047302246,515015000
2023-04-06,27.016054153442383,27.03700065612793,27.07999992370605,26.427000045776367,26.583999633789062,397654000
2023-04-10,27.55763435363769,27.57900047302246,27.621000289916992,26.66900062561035,26.822999954223636,395279000
2023-04-11,27.147953033447266,27.16900062561035,27.790000915527344,27.125999450683597,27.724000930786133,314378000
2023-04-12,26.474475860595703,26.4950008392334,27.468000411987305,26.447999954223636,27.3700008392334,446259000
2023-04-13,26.442495346069336,26.46299934387207,26.886999130249023,26.32900047302246,26.733999252319336,353615000
2023-04-14,26.737266540527344,26.757999420166016,26.882999420166016,26.21999931335449,26.503999710083008,395660000
2023-04-17,26.981081008911133,27.00200080871582,27.006000518798828,26.433000564575195,26.565000534057617,321471000
2023-04-18,27.645565032958984,27.66699981689453,28.11000061035156,27.35700035095215,27.53300094604492,604812000
2023-04-19,27.90935707092285,27.93099975585937,28.0,27.23200035095215,27.36100006103516,358660000
2023-04-20,27.08300399780273,27.10400009155273,28.030000686645508,27.0,27.67099952697754,427713000
2023-04-21,27.09798812866211,27.11899948120117,27.183000564575195,26.722000122070312,26.95199966430664,345103000
2023-04-24,27.02104949951172,27.04199981689453,27.36599922180176,26.67099952697754,27.01300048828125,339282000
2023-04-25,26.220666885375977,26.24099922180176,27.246999740600582,26.225000381469727,27.077999114990234,378527000
2023-04-26,26.935115814208984,26.95599937438965,27.32999992370605,26.70499992370605,27.00200080871582,406337000
2023-04-27,27.20490837097168,27.22599983215332,27.4950008392334,26.625,27.363000869750977,377161000
2023-04-28,27.72750473022461,27.749000549316406,27.757999420166016,27.07099914550781,27.225000381469727,292216000
2023-05-01,28.887603759765625,28.90999984741211,29.058000564575195,27.780000686645508,27.84000015258789,570329000
2023-05-02,28.188140869140625,28.209999084472656,28.836000442504883,28.08300018310547,28.68000030517578,402730000
2023-05-03,27.780460357666016,27.802000045776367,28.367000579833984,27.472000122070312,27.84000015258789,383387000
2023-05-04,27.540645599365234,27.562000274658203,27.858999252319336,27.239999771118164,27.650999069213867,321850000
2023-05-05,28.65777969360352,28.68000030517578,28.7549991607666,27.731000900268555,27.826000213623047,361494000
2023-05-08,29.12841033935547,29.150999069213867,29.21999931335449,28.350000381469727,28.52199935913086,344979000
2023-05-09,28.54886054992676,28.57099914550781,28.972999572753903,28.450000762939453,28.89900016784668,314869000
2023-05-10,28.862621307373047,28.88500022888184,29.113000869750977,28.461000442504883,29.0049991607666,369350000
2023-05-11,28.555858612060547,28.577999114990234,28.950000762939453,28.246000289916992,28.895999908447266,322149000
2023-05-12,28.318042755126957,28.34000015258789,28.780000686645508,28.04599952697754,28.52899932861328,274222000
2023-05-15,28.930566787719727,28.952999114990234,28.9689998626709,28.152000427246094,28.507999420166016,293926000
2023-05-16,29.19036674499512,29.21299934387207,29.8700008392334,28.832000732421875,28.840999603271484,449405000
2023-05-17,30.154617309570312,30.17799949645996,30.198999404907227,29.43000030517578,29.583999633789062,432535000
2023-05-18,31.65345573425293,31.67799949645996,31.827999114990234,30.31999969482422,30.40999984741211,748725000
2023-05-19,31.23977851867676,31.263999938964844,31.57999992370605,30.916000366210938,31.535999298095703,473908000
2023-05-22,31.15184593200684,31.176000595092773,31.520000457763672,30.68000030517578,30.900999069213867,372000000
2023-05-23,30.664220809936523,30.6879997253418,31.288000106811523,30.631000518798828,31.0,356253000
2023-05-24,30.51433753967285,30.538000106811523,30.60700035095215,29.80599975585937,30.209999084472656,721419000
2023-05-25,37.95057678222656,37.97999954223633,39.47999954223633,36.6349983215332,38.52299880981445,1543911000
2023-05-26,38.91582489013672,38.94599914550781,39.16999816894531,37.54999923706055,37.88999938964844,714397000
2023-05-30,40.07992172241211,40.11100006103516,41.9379997253418,39.94900131225586,40.595001220703125,923401000
2023-05-31,37.8046875,37.83399963378906,40.29499816894531,37.821998596191406,39.48799896240234,1002580000
2023-06-01,39.73918533325195,39.77000045776367,40.04999923706055,38.34000015258789,38.48899841308594,635873000
2023-06-02,39.29652786254883,39.32699966430664,40.5,39.05799865722656,40.09700012207031,482731000
2023-06-05,39.1406478881836,39.17100143432617,39.56499862670898,38.70700073242188,38.90900039672852,396094000
2023-06-06,38.62405776977539,38.65399932861328,39.15999984741211,38.14799880981445,38.83000183105469,388729000
2023-06-07,37.4498405456543,37.47499847412109,39.499000549316406,37.35599899291992,38.915000915527344,511998000
2023-06-08,38.48414611816406,38.5099983215332,38.86399841308594,37.505001068115234,37.7239990234375,417772000
2023-06-09,38.74397277832031,38.77000045776367,39.71099853515625,38.56700134277344,39.0369987487793,427717000
2023-06-12,39.45549392700195,39.48199844360352,39.52999877929688,38.61800003051758,39.20000076293945,388701000
2023-06-13,40.99445343017578,41.02199935913086,41.10100173950195,39.7400016784668,40.18600082397461,613208000
2023-06-14,42.9681396484375,42.99700164794922,43.0,40.55199813842773,40.82400131225586,740465000
2023-06-15,42.62437057495117,42.65299987792969,43.28900146484375,42.14699935913086,42.60200119018555,568622000
2023-06-16,42.66333770751953,42.69200134277344,43.72100067138672,42.6609992980957,43.45000076293945,655709000
2023-06-20,43.778587341308594,43.80799865722656,43.9900016784668,42.67399978637695,42.99800109863281,451153000
2023-06-21,43.01610565185547,43.04499816894531,43.6150016784668,42.08000183105469,43.5009994506836,551603000
2023-06-22,42.9961166381836,43.025001525878906,43.42599868774414,42.23400115966797,42.25299835205078,417737000
2023-06-23,42.18066787719727,42.20899963378906,42.80899810791016,42.01499938964844,42.4640007019043,358140000
2023-06-26,40.60471725463867,40.63199996948242,42.76399993896485,40.09999847412109,42.46099853515625,594322000
2023-06-27,41.84788513183594,41.8759994506836,41.93999862670898,40.448001861572266,40.79899978637695,462175000
2023-06-28,41.089393615722656,41.117000579833984,41.845001220703125,40.51800155639648,40.65999984741211,582639000
2023-06-29,40.79459381103516,40.821998596191406,41.59999847412109,40.59999847412109,41.55799865722656,380514000
2023-06-30,42.27360534667969,42.30199813842773,42.54999923706055,41.5009994506836,41.68000030517578,501148000
2023-07-03,42.38451766967773,42.41299819946289,42.89799880981445,42.20199966430664,42.516998291015625,198209000
2023-07-05,42.28858947753906,42.31700134277344,43.17699813842773,42.084999084472656,42.1349983215332,323618000
2023-07-06,42.07473373413086,42.10300064086914,42.17900085449219,41.34600067138672,41.84400177001953,303582000
2023-07-07,42.47446060180664,42.50299835205078,43.2140007019043,42.18000030517578,42.321998596191406,355881000
2023-07-10,42.15167236328125,42.18000030517578,42.81100082397461,41.64899826049805,42.65700149536133,353908000
2023-07-11,42.37652206420898,42.40499877929688,42.757999420166016,42.06700134277344,42.48099899291992,298244000
2023-07-12,43.87252426147461,43.902000427246094,43.935001373291016,42.777000427246094,43.03300094604492,481277000
2023-07-13,45.94613265991211,45.97700119018555,46.15499877929688,44.492000579833984,44.51800155639648,478204000
2023-07-14,45.438472747802734,45.46900177001953,48.0880012512207,45.060001373291016,46.58300018310547,772075000
2023-07-17,46.429805755615234,46.46099853515625,46.49599838256836,45.262001037597656,46.28900146484375,510488000
2023-07-18,47.46210861206055,47.49399948120117,47.89599990844727,45.73400115966797,46.70100021362305,569164000
2023-07-19,47.04539489746094,47.07699966430664,47.81800079345703,46.742000579833984,47.4640007019043,427502000
2023-07-20,45.48943710327149,45.52000045776367,47.08700180053711,45.0620002746582,46.50699996948242,537865000
2023-07-21,44.27924346923828,44.30899810791016,45.86600112915039,44.09999847412109,45.78799819946289,963769000
2023-07-24,44.58204650878906,44.61199951171875,45.10900115966797,44.040000915527344,44.73099899291992,382516000
2023-07-25,45.64833068847656,45.67900085449219,46.18299865722656,44.92300033569336,44.94100189208984,348081000
2023-07-26,45.421485900878906,45.45199966430664,46.053001403808594,44.630001068115234,46.02099990844727,364237000
2023-07-27,45.86918640136719,45.900001525878906,47.39500045776367,45.75,46.51900100708008,455976000
2023-07-28,46.71861267089844,46.75,47.027000427246094,46.38100051879883,46.667999267578125,331194000
2023-07-31,46.69762420654297,46.729000091552734,47.130001068115234,46.50600051879883,46.75400161743164,251055000
2023-08-01,46.475772857666016,46.50699996948242,46.900001525878906,46.027000427246094,46.459999084472656,237858000
2023-08-02,44.2392807006836,44.26900100708008,45.84000015258789,43.387001037597656,45.83100128173828,530142000
2023-08-03,44.48511505126953,44.51499938964844,45.11800003051758,43.79999923706055,43.79999923706055,324176000
2023-08-04,44.650001525878906,44.68000030517578,45.641998291015625,44.39300155639648,44.98500061035156,362666000
2023-08-07,45.38650894165039,45.41699981689453,45.540000915527344,44.5629997253418,45.11100006103516,322154000
2023-08-08,44.6340217590332,44.66400146484375,45.242000579833984,44.055999755859375,44.85300064086914,353843000
2023-08-09,42.525428771972656,42.55400085449219,44.3120002746582,42.13399887084961,44.27399826049805,586449000
2023-08-10,42.35954666137695,42.38800048828125,43.57400131225586,41.834999084472656,42.15999984741211,492705000
2023-08-11,40.82756805419922,40.85499954223633,42.01800155639648,40.63899993896485,41.7509994506836,533085000
2023-08-14,43.7236213684082,43.75299835205078,43.79999923706055,40.31100082397461,40.48600006103516,690286000
2023-08-15,43.91049957275391,43.93999862670898,45.26800155639648,43.709999084472656,44.560001373291016,676512000
2023-08-16,43.4567985534668,43.48600006103516,44.67499923706055,43.40599822998047,44.52000045776367,527451000
2023-08-17,43.31489562988281,43.34400177001953,44.0620002746582,43.0009994506836,43.970001220703125,452395000
2023-08-18,43.26993179321289,43.29899978637695,43.57799911499024,41.65999984741211,42.6349983215332,583768000
2023-08-21,46.93546295166016,46.96699905395508,47.06499862670898,44.22200012207031,44.49399948120117,692573000
2023-08-22,45.637332916259766,45.667999267578125,48.1870002746582,45.33300018310547,48.1349983215332,755293000
2023-08-23,47.08437347412109,47.11600112915039,47.20000076293945,45.20800018310547,45.86600112915039,779046000
2023-08-24,47.13133239746094,47.16299819946289,50.26599884033203,47.15900039672852,50.21599960327149,1156044000
2023-08-25,45.98710250854492,46.01800155639648,47.80500030517578,45.02399826049805,47.012001037597656,925341000
2023-08-28,46.80355072021485,46.834999084472656,46.97999954223633,44.88800048828125,46.48199844360352,685192000
2023-08-29,48.751243591308594,48.78400039672852,49.08100128173828,46.39099884033203,46.66600036621094,701397000
2023-08-30,49.23092269897461,49.26399993896485,49.92699813842773,48.42499923706055,49.04399871826172,735206000
2023-08-31,49.321868896484375,49.35499954223633,49.74399948120117,48.95800018310547,49.380001068115234,528570000
2023-09-01,48.47643661499024,48.50899887084961,49.79999923706055,48.141998291015625,49.762001037597656,463830000
2023-09-05,48.515403747558594,48.54800033569336,48.85100173950195,47.86000061035156,48.22299957275391,382653000
2023-09-06,47.03327560424805,47.06100082397461,48.54899978637695,46.58000183105469,48.44100189208984,468670000
2023-09-07,46.21376419067383,46.24100112915039,46.34400177001953,45.152000427246094,45.525001525878906,433330000
2023-09-08,45.54515075683594,45.571998596191406,46.60599899291992,45.27099990844727,45.94200134277344,473069000
2023-09-11,45.15138626098633,45.178001403808594,46.16299819946289,44.3120002746582,46.14799880981445,473966000
2023-09-12,44.84356689453125,44.869998931884766,45.67300033569336,44.53099822998047,44.73799896240234,349256000
2023-09-13,45.45820999145508,45.48500061035156,45.93000030517578,44.50299835205078,44.59999847412109,398355000
2023-09-14,45.55414962768555,45.58100128173828,45.98699951171875,45.13100051879883,45.95000076293945,370097000
2023-09-15,43.874141693115234,43.900001525878906,45.5989990234375,43.80799865722656,45.34099960327149,506831000
2023-09-18,43.94009780883789,43.96599960327149,44.242000579833984,42.0,42.74800109863281,500271000
2023-09-19,43.49436569213867,43.52000045776367,43.96599960327149,43.00199890136719,43.83300018310547,373064000
2023-09-20,42.21411895751953,42.23899841308594,43.90299987792969,42.22299957275391,43.59999847412109,367108000
2023-09-21,40.99283218383789,41.016998291015625,42.09999847412109,40.97999954223633,41.58300018310547,450736000
2023-09-22,41.58549118041992,41.61000061035156,42.1150016784668,41.23099899291992,41.571998596191406,479236000
2023-09-25,42.19712448120117,42.22200012207031,42.5359992980957,41.17699813842773,41.59099960327149,419091000
2023-09-26,41.88631439208984,41.9109992980957,42.81999969482422,41.65499877929688,42.0009994506836,402282000
2023-09-27,42.4429817199707,42.46799850463867,42.87200164794922,41.62900161743164,42.33000183105469,444935000
2023-09-28,43.06361770629883,43.0890007019043,43.44599914550781,42.1150016784668,42.459999084472656,424663000
2023-09-29,43.47338104248047,43.499000549316406,44.14400100708008,43.30699920654297,43.82699966430664,397830000
2023-10-02,44.755619049072266,44.78200149536133,45.17499923706055,43.86100006103516,44.02999877929688,433298000
2023-10-03,43.49136352539063,43.516998291015625,45.130001068115234,43.24599838256836,44.80799865722656,470850000
2023-10-04,44.01506042480469,44.04100036621094,44.14300155639648,43.29199981689453,43.742000579833984,361821000
2023-10-05,44.66168212890625,44.6879997253418,44.900001525878906,43.88800048828125,44.04999923706055,393483000
2023-10-06,45.73504638671875,45.762001037597656,45.78900146484375,44.0260009765625,44.19300079345703,434436000
2023-10-09,45.24633026123047,45.27299880981445,45.60499954223633,44.36800003051758,44.84199905395508,409675000
2023-10-10,45.7710189819336,45.79800033569336,46.25899887084961,45.0880012512207,45.310001373291016,368582000
2023-10-11,46.7784309387207,46.805999755859375,46.85900115966797,46.04999923706055,46.19599914550781,378137000
2023-10-12,46.91735076904297,46.94499969482422,47.60900115966797,46.33000183105469,46.777000427246094,481325000
2023-10-13,45.43421936035156,45.46099853515625,47.11600112915039,45.27999877929688,46.959999084472656,474115000
2023-10-16,46.06785202026367,46.095001220703125,46.22499847412109,44.9119987487793,45.0629997253418,375099000
2023-10-17,43.9121208190918,43.9379997253418,44.75400161743164,42.47999954223633,44.0,812333000
2023-10-18,42.171142578125,42.19599914550781,43.21900177001953,41.82500076293945,42.59099960327149,627294000
2023-10-19,42.076202392578125,42.10100173950195,43.297000885009766,41.88199996948242,42.81100082397461,501233000
2023-10-20,41.36262512207031,41.387001037597656,42.470001220703125,41.07799911499024,41.88999938964844,477266000
2023-10-23,42.94968795776367,42.97499847412109,43.24800109863281,40.94499969482422,41.229000091552734,478530000
2023-10-24,43.63727951049805,43.66299819946289,43.696998596191406,42.69100189208984,43.07699966430664,401463000
2023-10-25,41.754390716552734,41.77899932861328,43.650001525878906,41.55500030517578,43.39799880981445,398379000
2023-10-26,40.30224609375,40.32600021362305,42.25600051879883,39.880001068115234,41.85300064086914,541001000
2023-10-27,40.47614288330078,40.5,41.20600128173828,40.01499938964844,41.130001068115234,416784000
2023-10-30,41.136756896972656,41.1609992980957,41.76599884033203,40.48099899291992,41.08700180053711,388028000
2023-10-31,40.7559814453125,40.77999877929688,40.87900161743164,39.22999954223633,40.45000076293945,517969000
2023-11-01,42.300071716308594,42.32500076293945,42.38100051879883,40.86899948120117,40.88399887084961,437593000
2023-11-02,43.48037338256836,43.50600051879883,43.88399887084961,42.89400100708008,43.32799911499024,409172000
2023-11-03,44.97848892211914,45.005001068115234,45.30899810791016,43.72299957275391,44.02000045776367,424610000
2023-11-06,45.72404479980469,45.7509994506836,45.935001373291016,44.89899826049805,45.28499984741211,400733000
2023-11-07,45.92792892456055,45.95500183105469,46.21799850463867,45.15800094604492,45.71900177001953,343165000
2023-11-08,46.54656600952149,46.57400131225586,46.867000579833984,45.96799850463867,46.09999847412109,346719000
2023-11-09,46.922340393066406,46.95000076293945,48.22999954223633,46.75,47.46699905395508,540496000
2023-11-10,48.3065299987793,48.334999084472656,48.47200012207031,47.28300094604492,47.5,421245000
2023-11-13,48.59135818481445,48.619998931884766,49.11600112915039,48.0989990234375,48.31999969482422,384136000
2023-11-14,49.62674331665039,49.65599822998047,49.83399963378906,49.040000915527344,49.68000030517578,416954000
2023-11-15,48.85920333862305,48.88800048828125,49.959999084472656,48.20000076293945,49.935001373291016,475497000
2023-11-16,49.45085144042969,49.47999954223633,49.525001525878906,48.33000183105469,48.67900085449219,339756000
2023-11-17,49.26896286010742,49.29800033569336,49.71699905395508,49.00699996948242,49.52399826049805,325205000
2023-11-20,50.37930679321289,50.40900039672852,50.54800033569336,49.180999755859375,49.3120002746582,414120000
2023-11-21,49.914581298828125,49.94400024414063,50.516998291015625,49.22200012207031,50.1259994506836,565747000
2023-11-22,48.68730545043945,48.71599960327149,50.334999084472656,47.68999862670898,49.85200119018555,899420000
2023-11-24,47.747859954833984,47.7760009765625,48.92100143432617,47.744998931884766,48.470001220703125,294645000
2023-11-27,48.21358871459961,48.242000579833984,48.52999877929688,47.652000427246094,47.79999923706055,395662000
2023-11-28,47.79282760620117,47.82099914550781,48.323001861572266,47.47299957275391,48.23600006103516,401491000
2023-11-29,48.11164855957031,48.13999938964844,48.762001037597656,47.86000061035156,48.37900161743164,382005000
2023-11-30,46.742454528808594,46.77000045776367,48.11000061035156,46.422000885009766,48.02399826049805,526247000
2023-12-01,46.73746109008789,46.76499938964844,47.20000076293945,46.1870002746582,46.525001525878906,369317000
2023-12-04,45.483192443847656,45.5099983215332,46.07699966430664,45.0099983215332,46.07699966430664,437543000
2023-12-05,46.54266357421875,46.56600189208984,46.59999847412109,45.27099990844727,45.46599960327149,371718000
2023-12-06,45.48019027709961,45.50299835205078,47.387001037597656,45.4119987487793,47.21500015258789,380590000
2023-12-07,46.57264709472656,46.59600067138672,46.62900161743164,45.604000091552734,45.70000076293945,350823000
2023-12-08,47.48219299316406,47.50600051879883,47.74100112915039,46.54999923706055,46.595001220703125,359224000
2023-12-11,46.60363006591797,46.62699890136719,47.53099822998047,45.83000183105469,47.49100112915039,509728000
2023-12-12,47.633113861083984,47.65700149536133,47.66600036621094,46.04600143432617,46.04600143432617,372387000
2023-12-13,48.06390380859375,48.0880012512207,48.59400177001953,47.608001708984375,47.62900161743164,447792000
2023-12-14,48.32576370239258,48.34999847412109,48.66999816894531,47.422000885009766,48.38999938964844,391232000
2023-12-15,48.86549758911133,48.88999938964844,49.40399932861328,48.119998931884766,48.19400024414063,479948000
2023-12-18,50.05189895629883,50.07699966430664,50.43299865722656,49.150001525878906,49.400001525878906,412587000
2023-12-19,49.57913589477539,49.604000091552734,49.70000076293945,48.89500045776367,49.42399978637695,464444000
2023-12-20,48.08688354492188,48.11100006103516,49.999000549316406,48.09799957275391,49.65499877929688,397894000
2023-12-21,48.965450286865234,48.9900016784668,49.095001220703125,48.41899871826172,48.81100082397461,300425000
2023-12-22,48.80552673339844,48.83000183105469,49.382999420166016,48.46699905395508,49.19499969482422,252507000
2023-12-26,49.25429916381836,49.27899932861328,49.59999847412109,48.959999084472656,48.96799850463867,244200000
2023-12-27,49.39223098754883,49.41699981689453,49.68000030517578,49.084999084472656,49.51100158691406,233648000
2023-12-28,49.4971809387207,49.52199935913086,49.88399887084961,49.4119987487793,49.64300155639648,246587000
2023-12-29,49.4971809387207,49.52199935913086,49.99700164794922,48.7509994506836,49.8129997253418,389293000
2024-01-02,48.143856048583984,48.167999267578125,49.29499816894531,47.595001220703125,49.24399948120117,411254000
2024-01-03,47.54516220092773,47.56900024414063,48.18399810791016,47.31999969482422,47.48500061035156,320896000
2024-01-04,47.97394561767578,47.99800109863281,48.5,47.507999420166016,47.766998291015625,306535000
2024-01-05,49.0723876953125,49.09700012207031,49.547000885009766,48.305999755859375,48.46200180053711,415039000
2024-01-08,52.226810455322266,52.25299835205078,52.275001525878906,49.479000091552734,49.512001037597656,642510000
2024-01-09,53.11336898803711,53.13999938964844,54.32500076293945,51.68999862670898,52.4010009765625,773100000
2024-01-10,54.3227653503418,54.34999847412109,54.59999847412109,53.48899841308594,53.61600112915039,533796000
2024-01-11,54.794525146484375,54.821998596191406,55.34600067138672,53.560001373291016,54.999000549316406,596759000
2024-01-12,54.682579040527344,54.709999084472656,54.970001220703125,54.33000183105469,54.619998931884766,352994000
2024-01-16,56.3537483215332,56.38199996948242,56.834999084472656,54.900001525878906,55.01800155639648,449580000
2024-01-17,56.0249137878418,56.053001403808594,56.47100067138672,54.7400016784668,56.34700012207031,474394000
2024-01-18,57.0783805847168,57.10699844360352,57.59999847412109,56.10699844360352,57.2599983215332,491650000
2024-01-19,59.461185455322266,59.49100112915039,59.5,57.22499847412109,57.98899841308594,543501000
2024-01-22,59.62409973144531,59.65399932861328,60.33100128173828,59.06999969482422,60.04899978637695,452955000
2024-01-23,59.842994689941406,59.87300109863281,59.90999984741211,58.584999084472656,59.56999969482422,294654000
2024-01-24,61.331241607666016,61.36199951171875,62.8489990234375,59.9379997253418,60.30400085449219,560271000
2024-01-25,61.58611679077149,61.617000579833984,62.71900177001953,60.84999847412109,62.34999847412109,482777000
2024-01-26,61.00041198730469,61.03099822998047,61.78300094604492,60.573001861572266,60.959999084472656,390309000
2024-01-29,62.43370056152344,62.46500015258789,62.48899841308594,60.90700149536133,61.23199844360352,348733000
2024-01-30,62.74253463745117,62.77399826049805,63.49300003051758,62.2599983215332,62.900001525878906,410735000
2024-01-31,61.49616622924805,61.527000427246094,62.26900100708008,60.70000076293945,61.43999862670898,453795000
2024-02-01,62.99541473388672,63.027000427246094,63.19100189208984,61.650001525878906,62.09999847412109,369146000
2024-02-02,66.12684631347656,66.16000366210938,66.5999984741211,63.68999862670898,63.9739990234375,476578000
2024-02-05,69.29725646972656,69.33200073242188,69.49700164794922,67.20500183105469,68.2249984741211,680078000
2024-02-06,68.18881225585938,68.2229995727539,69.75399780273438,66.30000305175781,69.62999725341797,683111000
2024-02-07,70.0638656616211,70.0989990234375,70.22000122070312,67.5999984741211,68.31900024414062,495575000
2024-02-08,69.60609436035156,69.64099884033203,70.79399871826172,69.45500183105469,70.0739974975586,414422000
2024-02-09,72.09685516357422,72.13300323486328,72.18499755859375,70.21199798583984,70.53299713134766,436637000
2024-02-12,72.2117919921875,72.24800109863281,74.61100006103516,71.25,72.5999984741211,613710000
2024-02-13,72.09186553955078,72.12799835205078,73.44999694824219,69.62000274658203,70.4000015258789,602580000
2024-02-14,73.86296844482422,73.9000015258789,74.23600006103516,71.93800354003906,73.2020034790039,504917000
2024-02-15,72.62158203125,72.65799713134766,73.9749984741211,72.4000015258789,73.86900329589844,420122000
2024-02-16,72.57660675048828,72.61299896240234,74.4020004272461,72.5009994506836,74.0999984741211,495327000
2024-02-20,69.41720581054688,69.4520034790039,71.95600128173828,67.73400115966797,71.9469985961914,704833000
2024-02-21,67.43818664550781,67.47200012207031,68.88800048828125,66.24800109863281,68.00599670410156,673755000
2024-02-22,78.49864959716797,78.53800201416016,78.57499694824219,74.22000122070312,75.0250015258789,865100000
2024-02-23,78.77750396728516,78.81700134277344,82.39399719238281,77.56999969482422,80.79000091552734,829388000
2024-02-26,79.0523681640625,79.09200286865234,80.64600372314453,78.50499725341797,79.69999694824219,503973000
2024-02-27,78.66155242919922,78.70099639892578,79.4800033569336,77.16200256347656,79.38099670410156,391705000
2024-02-28,77.62407684326172,77.66300201416016,78.93299865722656,77.125,77.62000274658203,393110000
2024-02-29,79.07235717773438,79.11199951171875,79.98999786376953,78.3499984741211,79.09400177001953,507289000
2024-03-01,82.23776245117188,82.27899932861328,82.30000305175781,79.43499755859375,80.0,479135000
2024-03-04,85.19428253173828,85.23699951171875,87.69499969482422,83.71900177001953,84.12999725341797,615616000
2024-03-05,85.9249496459961,85.96399688720703,86.09700012207031,83.41699981689453,85.2699966430664,520639000
2024-03-06,88.65969848632812,88.69999694824219,89.7239990234375,87.02999877929688,88.02200317382812,582520000
2024-03-07,92.62689971923828,92.66899871826172,92.76699829101562,89.60199737548828,90.15799713134766,608119000
2024-03-08,87.48823547363281,87.52799987792969,97.4000015258789,86.50599670410156,95.13800048828124,1142269000
2024-03-11,85.73503875732422,85.77400207519531,88.7969970703125,84.16600036621094,86.42900085449219,678364000
2024-03-12,91.87124633789062,91.91300201416016,91.95999908447266,86.1500015258789,88.04900360107422,668075000
2024-03-13,90.84671020507812,90.88800048828124,91.50399780273438,88.43499755859375,91.05500030517578,635713000
2024-03-14,87.904052734375,87.94400024414062,90.64600372314452,86.5999984741211,89.5770034790039,602318000
2024-03-15,87.7970962524414,87.83699798583984,89.5459976196289,86.25700378417969,86.93000030517578,642086000
2024-03-18,88.41481018066406,88.45500183105469,92.40499877929688,87.08499908447266,90.38800048828124,668976000
2024-03-19,89.35739135742188,89.39800262451172,90.54399871826172,85.01000213623047,86.69999694824219,672171000
2024-03-20,90.33094024658205,90.37200164794922,90.41000366210938,88.2229995727539,89.7969970703125,479063000
2024-03-21,91.3934555053711,91.43499755859376,92.64800262451172,90.40499877929688,92.3000030517578,480372000
2024-03-22,94.24617004394533,94.28900146484376,94.77799987792967,90.83399963378906,91.14099884033205,586719000
2024-03-25,94.9588394165039,95.0019989013672,96.76599884033205,93.51000213623048,93.94100189208984,552136000
2024-03-26,92.51895141601562,92.56099700927734,96.375,92.5019989013672,95.85099792480467,513648000
2024-03-27,90.20899963378906,90.25,93.23999786376952,89.12300109863281,93.11199951171876,586067000
2024-03-28,90.31495666503906,90.3560028076172,91.3000030517578,89.19300079345703,90.0,435212000
2024-04-01,90.32195281982422,90.36299896240234,92.2249984741211,89.2040023803711,90.29900360107422,452441000
2024-04-02,89.41136169433594,89.4520034790039,90.09400177001952,87.62000274658203,88.447998046875,433064000
2024-04-03,88.92359161376953,88.96399688720703,90.3740005493164,88.4000015258789,88.48400115966797,370067000
2024-04-04,85.86597442626953,85.90499877929688,90.63400268554688,85.87999725341797,90.40599822998048,434965000
2024-04-05,87.968017578125,88.00800323486328,88.48100280761719,85.9260025024414,86.86599731445312,399678000
2024-04-08,87.09341430664062,87.13300323486328,88.83000183105469,86.73200225830078,88.69999694824219,283220000
2024-04-09,85.3152084350586,85.35399627685547,87.63500213623047,83.02200317382812,87.44200134277344,501700000
2024-04-10,86.99945831298828,87.03900146484375,87.4000015258789,83.70899963378906,83.9260025024414,431929000
2024-04-11,90.5748291015625,90.61599731445312,90.73899841308594,86.9260025024414,87.41999816894531,431637000
2024-04-12,88.14592742919922,88.18599700927734,90.1750030517578,87.52999877929688,89.6989974975586,426805000
2024-04-15,85.96192169189453,86.0009994506836,90.61299896240234,85.92900085449219,89.0979995727539,443077000
2024-04-16,87.37528991699219,87.41500091552734,88.11799621582031,86.06400299072266,86.43299865722656,370453000
2024-04-17,83.996826171875,84.03500366210938,88.7750015258789,83.94999694824219,88.33999633789062,495400000
2024-04-18,84.63253021240234,84.6709976196289,86.19000244140625,82.4020004272461,84.97000122070312,447260000
2024-04-19,76.1653823852539,76.19999694824219,84.3239974975586,75.60600280761719,83.1500015258789,875198000
2024-04-22,79.48187255859375,79.51799774169922,80.072998046875,76.4000015258789,78.10399627685547,596341000
2024-04-23,82.38555908203125,82.4229965209961,82.76899719238281,80.26399993896484,80.76899719238281,438559000
2024-04-24,79.64081573486328,79.677001953125,84.08200073242188,79.18299865722656,83.94999694824219,512208000
2024-04-25,82.59446716308594,82.63200378417969,83.322998046875,78.2229995727539,78.86799621582031,424641000
2024-04-26,87.69515228271484,87.73500061035156,88.33100128173828,83.38700103759766,83.81800079345703,551011000
2024-04-29,87.71713256835938,87.75700378417969,87.99199676513672,85.26599884033203,87.59500122070312,388971000
2024-04-30,86.36274719238281,86.4020004272461,88.81900024414062,86.30000305175781,87.23999786376953,363709000
2024-05-01,83.00326538085938,83.04100036621094,86.0,81.25499725341797,85.0770034790039,559863000
2024-05-02,85.77801513671875,85.81700134277344,86.23699951171875,83.19999694824219,84.4489974975586,377898000
2024-05-03,88.74866485595703,88.78900146484375,89.28099822998047,87.04000091552734,87.78900146484375,398341000
2024-05-06,92.09813690185548,92.13999938964844,92.22000122070312,89.05500030517578,89.38999938964844,376203000
2024-05-07,90.51286315917967,90.5540008544922,91.78099822998048,89.01100158691406,91.0979995727539,437342000
2024-05-08,90.37093353271484,90.41200256347656,91.19400024414062,89.41999816894531,89.48300170898438,325721000
2024-05-09,88.70668029785156,88.74700164794922,91.0719985961914,88.23100280761719,90.52899932861328,378013000
2024-05-10,89.83717346191406,89.87799835205078,91.4010009765625,89.22699737548828,90.30500030517578,335325000
2024-05-13,90.35794067382812,90.39900207519533,90.9980010986328,88.52899932861328,90.47799682617188,289680000
2024-05-14,91.31450653076172,91.3560028076172,91.6510009765625,88.93399810791016,89.5989990234375,296507000
2024-05-15,94.58702087402344,94.62999725341795,94.86199951171876,91.5989990234375,92.47200012207033,417735000
2024-05-16,94.3161392211914,94.35900115966795,95.81900024414062,94.10299682617188,94.91000366210938,323952000
2024-05-17,92.4369888305664,92.47899627685548,94.73999786376952,91.80599975585938,94.36900329589844,359691000
2024-05-20,94.73694610595705,94.77999877929688,95.1999969482422,93.44000244140624,93.75,318764000
2024-05-21,95.34266662597656,95.38600158691406,95.4000015258789,93.18000030517578,93.5989990234375,328946000
2024-05-22,94.90686798095705,94.9499969482422,96.0199966430664,93.2490005493164,95.45899963378906,548648000
2024-05-23,103.75184631347656,103.79900360107422,106.31999969482422,101.5199966430664,102.02799987792967,835065000
2024-05-24,106.42063903808594,106.46900177001952,106.4749984741211,103.0,104.4489974975586,429494000
2024-05-28,113.84925079345705,113.9010009765625,114.93900299072266,109.88300323486328,110.24400329589844,652728000
2024-05-29,114.7728271484375,114.8249969482422,115.49199676513672,110.9010009765625,113.0500030517578,557442000
2024-05-30,110.44979095458984,110.5,115.81900024414062,109.66300201416016,114.6500015258789,484553000
2024-05-31,109.58319854736328,109.63300323486328,112.71700286865234,106.94000244140624,112.5199966430664,613263000
2024-06-03,114.94775390625,115.0,115.0,112.00299835205078,113.62100219726562,438392000
2024-06-04,116.38410949707033,116.43699645996094,116.5999984741211,114.04499816894533,115.71600341796876,403324000
2024-06-05,122.3843765258789,122.44000244140624,122.4489974975586,117.46800231933594,118.37100219726562,528402000
2024-06-06,120.94303894042967,120.9980010986328,125.58699798583984,118.31999969482422,124.0479965209961,664696000
2024-06-07,120.83308410644533,120.88800048828124,121.69200134277344,118.02200317382812,119.7699966430664,412386000
2024-06-10,121.73467254638672,121.79000091552734,123.0999984741211,117.01000213623048,120.37000274658205,313434100
2024-06-11,120.86500549316406,120.91000366210938,122.87000274658205,118.73999786376952,121.7699966430664,222551200
2024-06-12,125.15340423583984,125.1999969482422,126.87999725341795,122.56999969482422,123.05999755859376,299595000
2024-06-13,129.561767578125,129.61000061035156,129.8000030517578,127.16000366210938,129.38999938964844,260704500
