Price,Adj Close,Close,High,Low,Open,Volume
2020-01-02,0.006194056281355102,0.00623852908025083,0.004290217028668716,0.008168001255501003,0.005586632008391108,0.09657634331862407
2020-01-03,0.005645920041377678,0.005687945716658007,0.0039924666710370905,0.007786126742817465,0.005059046102792404,0.07434162709271681
2020-01-06,0.005787233146983983,0.005829892007270857,0.0039123000677925325,0.007373647002344011,0.004657213474501848,0.1139342488072491
2020-01-07,0.006196913991957105,0.00624139786991738,0.004556477946730173,0.008119901368933556,0.0055071322713762735,0.15004699082382278
2020-01-08,0.006261142746894217,0.006305919656955549,0.004595129165541865,0.008376427610582562,0.005732621381887668,0.12394236068897745
2020-01-09,0.006637991368434168,0.006684446744970058,0.00515198412274771,0.008771418252316227,0.006323807628490503,0.10873102646077841
2020-01-10,0.006823564805230366,0.0068708414993107585,0.005527036918002704,0.009192643932169009,0.006826820737723102,0.15104282285185544
2020-01-13,0.007916995982490967,0.007969144906400227,0.006162625030453939,0.009629901980871311,0.006874521682716531,0.15349367612084697
2020-01-14,0.007246090307330394,0.007295252813278998,0.0059178385286084954,0.009629901980871311,0.007250334109940852,0.18063563128489302
2020-01-15,0.007001992598195915,0.007050068381662857,0.005547077886219557,0.009306330024024811,0.00689331037420482,0.11425789421635972
2020-01-16,0.0074816148846588645,0.007531830875895474,0.005615790557356528,0.009634274950560982,0.006883192326110614,0.12884130102688263
2020-01-17,0.007531576963796298,0.007582014184171242,0.005734605649035631,0.00972026927440741,0.007169389725187228,0.10781818043508178
2020-01-21,0.007340301779052559,0.007389884585282624,0.005632970090329339,0.009603666942752193,0.006896202426643731,0.08300813193667893
2020-01-22,0.007650066669704685,0.0077010210965924135,0.0062485145041865815,0.009957846907407482,0.007178063125542637,0.09775474455179607
2020-01-23,0.008042606720368363,0.00809531969081,0.006192686482779226,0.00983395814628208,0.007461371229141672,0.10140336245450467
2020-01-24,0.007702872786187656,0.007754073194534746,0.007094535513291925,0.009855820214711535,0.008296835277744184,0.19061054876568695
2020-01-27,0.006235453432640405,0.00628011148909732,0.004625190617867144,0.007513568132318939,0.005512913619292771,0.25770749785446606
2020-01-28,0.00734457603902474,0.007394186402389865,0.005630105924708157,0.008749553403867898,0.006179262902732741,0.14736377674829032
2020-01-29,0.0069977101342698494,0.007045769299340813,0.0055685523024355706,0.00922033570017839,0.006835494138078511,0.11131465733350761
2020-01-30,0.007036244105650562,0.007084480183735562,0.005212107027398268,0.008558618927545003,0.00600002733251466,0.13320636474975917
2020-01-31,0.0056973014045365936,0.005739562052374466,0.00494012050847158,0.007880867006043214,0.006341151672239996,0.1884722761054946
2020-02-03,0.0062540135109713235,0.006298751784966954,0.004461998706511133,0.007982893698739162,0.005145771835462533,0.10904360706957754
2020-02-04,0.007224675253048769,0.007273743727742813,0.005433991125782824,0.00923199787935712,0.006638914524110938,0.12009457638066233
2020-02-05,0.0077428397148463154,0.007794219841155362,0.006078166274343325,0.009726098973987338,0.007500396016818359,0.07630286294792558
2020-02-06,0.00824101661033759,0.00829461989647241,0.006342993744405629,0.009940357808667692,0.007522079517706892,0.08326262234384281
2020-02-07,0.007861321216800811,0.007913226753576533,0.006239927468077316,0.010186678601028225,0.007594350502105107,0.06353131718840659
2020-02-10,0.00948575330903198,0.00954490899061507,0.007595559718713268,0.010438831872987567,0.007574114405916696,0.29855874060442855
2020-02-11,0.010188055515696494,0.010250344096142446,0.008955489582969569,0.01226511801230163,0.009716259577294252,0.3739017321253338
2020-02-12,0.010851821016328998,0.01091706831727508,0.008998435685024456,0.012792743354540025,0.010105082105051691,0.19139338338772377
2020-02-13,0.010600591336620328,0.010664716013670337,0.009095776360487539,0.012888940347656037,0.010133991601595511,0.2974577929734369
2020-02-14,0.013314169407534736,0.013390399840691108,0.012172078633660297,0.015350711001503245,0.012598469664248789,0.6528508803777523
2020-02-18,0.014281973439010179,0.014362525728585613,0.012507052222858733,0.01518455205339033,0.012364307153381979,0.3611827441672943
2020-02-19,0.01686994077204719,0.016962032036411414,0.015098073645206659,0.017608425489939683,0.014655333750695006,0.4124736260111326
2020-02-20,0.016013472598695587,0.016101745188949485,0.015228339938616203,0.016859254883550737,0.016285792412484554,0.4924997942638692
2020-02-21,0.01392511511842779,0.014004071963881409,0.013636508222244072,0.016029919652895297,0.015045603683152567,0.4635432118487414
2020-02-24,0.010957452391854,0.011023169778374541,0.010296809196631031,0.012727154369232788,0.010131099549156593,0.5249085943761769
2020-02-25,0.009354427149950578,0.00941299662687219,0.009855905165483108,0.011263794133953342,0.011014264542752547,0.6622365972419602
2020-02-26,0.01015380127359055,0.010215932294069748,0.009377783363522654,0.011852638271828177,0.008955955808567534,0.44940239705067747
2020-02-27,0.008027057493111903,0.008058041833855934,0.008168163491269902,0.009941814538557955,0.00792102009355853,0.5591403203398
2020-02-28,0.010522295535427988,0.01056291636967811,0.008949763982104345,0.008906969192620358,0.006122891314345229,0.7160087605556466
2020-03-02,0.01143069747149985,0.011474822287641687,0.00968412621801783,0.011706884662254453,0.011100993032384002,0.548302348434711
2020-03-03,0.009925266464968996,0.009963582725250202,0.010182288988195131,0.011919683987025677,0.011356836287178006,0.3837466382024679
2020-03-04,0.012584766806548818,0.012633345664662083,0.01072912346129255,0.012610552037577584,0.010132546953856722,0.3454458319243002
2020-03-05,0.010982220128621809,0.011024605540600415,0.01048719839469114,0.013237290612731392,0.011043174039296368,0.30597215681311624
2020-03-06,0.009946689723204505,0.00998508907600119,0.008367142455816424,0.01126962383353327,0.009537024007076178,0.2887414965280731
2020-03-09,0.007004393622031854,0.007031430820578426,0.007080220145940296,0.008380800580272227,0.005752857478076072,0.3570306778504136
2020-03-10,0.00923825642833933,0.009273916391140714,0.0073207117645425444,0.00951913212881491,0.008158071899902919,0.33385545359803104
2020-03-11,0.0071515041883809805,0.007179111955739188,0.0066793980512260785,0.00902065528447616,0.008001964478312161,0.27805843182734485
2020-03-12,0.002843761145755009,0.0028547274010970944,0.003747677438814507,0.005118845973688099,0.0036656392473472382,0.496986570790172
2020-03-13,0.006347371771489828,0.006371874471434395,0.0044491140567815245,0.00567416586395475,0.004394141467091224,0.37132916605291605
2020-03-16,0.0,0.0,0.0023133120329331507,0.0019414289610601328,0.001779337330763693,0.43504581864653985
2020-03-17,0.002980862888368886,0.0029923718746027034,0.001563203712046015,0.0015041709123578273,0.00011707987695273522,0.5088065437229042
2020-03-18,0.0009169641292726995,0.0009205095521780497,0.0,0.0,0.0,0.5369083703139707
2020-03-19,0.002366698492903045,0.0023758336965310385,0.0009719924192716882,0.001852521177433182,0.0002688505983657885,0.46169815639680317
2020-03-20,0.0013354614900169814,0.0013406190490390518,0.002917405245059946,0.0035636617149823017,0.0027318840132802696,0.4887543593584352
2020-03-23,0.0023267069523827434,0.002335684315125229,0.0009362053660811887,0.002600232273912994,0.000810891252236403,0.37758077822889896
2020-03-24,0.007538577671108389,0.007567675705408856,0.006115386775532989,0.006904321435923788,0.004177325756935246,0.6941502475403295
2020-03-25,0.007030104813496016,0.007057238988436649,0.0074266422064920325,0.009179525023100016,0.00776202061952886,0.48100623294032546
2020-03-26,0.008689786560904064,0.008723333027547884,0.007483903675898549,0.010103600516981205,0.0077822567157172645,0.4137018188457062
2020-03-27,0.008045631244699286,0.008076682129725569,0.0076127392516860785,0.009911206530749173,0.007212753970002955,0.3740898337306289
2020-03-30,0.009882419948497985,0.009920567288963029,0.00801928694726552,0.010626852889529935,0.007987509730040247,0.348795700218599
2020-03-31,0.009598191231627216,0.009635238945511462,0.009370627045035409,0.01123318612614456,0.009698912776583427,0.5892531743874768
2020-04-01,0.006665882076979469,0.00669161461695866,0.007385129552436306,0.008832634267933792,0.008029429327117185,0.3865958242826725
2020-04-02,0.008436978987398883,0.008469547696502464,0.006593508577493436,0.008982760847197187,0.006380179216878022,0.39963292524966687
2020-04-03,0.0067858649024942555,0.006812057291605705,0.006540541991330123,0.00841140858808101,0.007785148768156183,0.3909525894053154
2020-04-06,0.01028377104563024,0.010323469517395083,0.008580436787714567,0.010530655896413915,0.007970165686290755,0.4356765122642939
2020-04-07,0.008945454579662546,0.008979984413474671,0.009778605458236871,0.011167597140837322,0.01115880926851031,0.47484313916683435
2020-04-08,0.010076670433849362,0.010115565677518198,0.008304155385544677,0.011648582106417407,0.009151090774796318,0.3074354766543087
2020-04-09,0.009505344350900655,0.009542040200948513,0.009015612487620128,0.011622347068298296,0.010392726908828427,0.2957621123257035
2020-04-13,0.010490882596016285,0.010531373357271969,0.008626244325013497,0.011123873003978421,0.008737695450672767,0.20782737805034074
2020-04-14,0.012504783725508214,0.012553052371420851,0.010790677083565129,0.013585640877806754,0.01082635832914039,0.2994854176305145
2020-04-15,0.012060580642602362,0.012107134706701616,0.010626054454587096,0.013802813172267642,0.011144354520238403,0.18551797442233098
2020-04-16,0.014040205652777998,0.0140944019187778,0.012748974559082995,0.015430875625769738,0.01257245222014388,0.44794184340956295
2020-04-17,0.013700277558355435,0.013753155422502546,0.012728933590866142,0.01548771867169764,0.014150873236762292,0.30513676438959997
2020-04-20,0.012947559320438715,0.012997534273914205,0.011961648467383335,0.015244311339117633,0.012595580368771203,0.24308259804277516
2020-04-21,0.010442317923689971,0.010482623076436878,0.010711943928319732,0.012597435908527459,0.01188297754503792,0.4407082302059367
2020-04-22,0.012819000628466623,0.012868490699837875,0.011155712125088844,0.013805729412067043,0.011148691220416104,0.2665731691040347
2020-04-23,0.01251335412266294,0.01256165327085013,0.011910112598842042,0.014913450172782068,0.012682306101441332,0.22563617415165832
2020-04-24,0.013310354568979901,0.01336172288316632,0.011413380546286756,0.014563643177816443,0.012069439110911288,0.17596075315329518
2020-04-27,0.014380139216503149,0.01443565114983825,0.013393152438020643,0.01651673431805531,0.01371579716871154,0.26382909862678916
2020-04-28,0.013563153938531206,0.01361550821421174,0.013493357279104914,0.01609988160789219,0.01487359410858978,0.2385985877165503
2020-04-29,0.014577252881759123,0.014633518328059977,0.012975153540710754,0.0164802966106666,0.013973085071244333,0.19451642327563734
2020-04-30,0.013694562137151423,0.013747420577954628,0.012671674851836765,0.016184419201848356,0.013903703382323704,0.19227303501248594
2020-05-01,0.012337669184945055,0.012385295178164581,0.011303155221094065,0.014598624155314897,0.01217784558750861,0.1688848133541075
2020-05-04,0.013553153318749837,0.013605471552556588,0.011724018284025129,0.014604453854894825,0.011676277126014808,0.15191417587638406
2020-05-05,0.01390309297155895,0.01395675744527219,0.012930776721033845,0.016121743676321645,0.013785178857632176,0.18741835387582667
2020-05-06,0.014481551025081849,0.014537450793830477,0.013178427388500471,0.016722247213356342,0.013996213219871656,0.15599985339139588
2020-05-07,0.015492792257707756,0.01555259211801215,0.013952868830470522,0.017583647181710828,0.014928521049238502,0.19076268976996974
2020-05-08,0.016582583614096334,0.016646593707994383,0.014717292518709294,0.018322615118830182,0.015560179488218154,0.16689314929804216
2020-05-11,0.018028040983103198,0.018097616035240138,0.01639931132243441,0.01901639940918149,0.016217855371302714,0.2566867700257326
2020-05-12,0.016525451279266593,0.016589239792944823,0.01674286921736497,0.019098020763338247,0.018044893647059836,0.2732839704929438
2020-05-13,0.016396898056597088,0.016460198953653683,0.016204624510753957,0.017943656845946045,0.016853850510460074,0.3651162806780233
2020-05-14,0.017828077811199106,0.017896882802137044,0.015961271456907674,0.018484401097253432,0.01641588238997041,0.34883719321976703
2020-05-15,0.020457576293434823,0.020536535756583468,0.018621002820015418,0.01957171929944814,0.016693406388691615,0.6153246101213877
2020-05-18,0.02194015108445222,0.02202483320599809,0.021003027524085543,0.02427371256297313,0.0217278796951179,0.46788614597099504
2020-05-19,0.022255795475385982,0.02234170729664099,0.021982173531467326,0.024753238018644076,0.02189988651271936,0.42837097785864303
2020-05-20,0.023195618554823424,0.023285158961795904,0.021727369275890588,0.025487835766092634,0.023060578261997845,0.3386188501321207
2020-05-21,0.022082965513618817,0.022168217993622005,0.021781763849298797,0.024606030459198958,0.023410376002078598,0.45862490811029116
2020-05-22,0.02351698383626378,0.023607765162201536,0.02201367116216892,0.0244646498193149,0.02210224747460343,0.6506655823162362
2020-05-26,0.02175445732299909,0.0218384357168722,0.02252185441645466,0.02422415594651542,0.024018903535469593,0.46534124189935594
2020-05-27,0.020654679020085616,0.020734402934805194,0.019378267459389805,0.020287365658228904,0.020944450534725198,0.7454964533857251
2020-05-28,0.02043616397380449,0.020515029405832472,0.02010976826005925,0.022517385598637085,0.019714377096526077,0.44052566100079743
2020-05-29,0.02265573275779935,0.022743173762847176,0.02076825877597138,0.02313392150452131,0.020536833801556804,0.44769011920247687
2020-06-01,0.02226007247000946,0.02234600637896304,0.020569279811424864,0.024326182639211366,0.022148503771858077,0.20192707328424714
2020-06-02,0.0223686381263727,0.02245497662972905,0.02054923884320801,0.024142534592358662,0.02193458011414101,0.20292567151235769
2020-06-03,0.022050122351580465,0.022135236484204793,0.020715294920185204,0.024387398654828932,0.02208490618781527,0.18502835700854825
2020-06-04,0.02205584871138965,0.02211803468534623,0.021156196220955988,0.024256220684214465,0.02153997072454441,0.2257191601539944
2020-06-05,0.022933234232487408,0.02299839485611847,0.02146396979307318,0.024434041811506116,0.021924462066046806,0.26546115667273157
2020-06-08,0.022275911570303057,0.022338841241759628,0.020849853366460818,0.024304320570781912,0.022402899621951952,0.20044715624258747
2020-06-09,0.023653415589310688,0.023721034495289606,0.02210957838963284,0.02468619508346545,0.021956260858068212,0.2562912034145974
2020-06-10,0.025486764101781793,0.025560620572205015,0.024344157267320605,0.027031357845619705,0.024082506633435072,0.36949240920121135
2020-06-11,0.022225911206047506,0.022288657933483853,0.02297706835419992,0.024888791738967082,0.02397987599083156,0.33593286985651033
2020-06-12,0.023004685201491404,0.023070084515145233,0.022553346586401953,0.02440634726347786,0.024052152489152462,0.32711975640842117
2020-06-15,0.02438360030056662,0.024453716265686275,0.022524715851698688,0.0246424653865688,0.022044433995438456,0.20893109188141024
2020-06-16,0.023782026239657354,0.023850078069365923,0.023008565984901506,0.02519632854694518,0.02441351292506621,0.30278272812333384
2020-06-17,0.024739427657611245,0.024810737002949782,0.023193226851719238,0.026545999910349942,0.02377029179025355,0.21467095704298744
2020-06-18,0.024636544606636487,0.024707504331516878,0.023098750341877344,0.026803985661908093,0.02442507562089919,0.10824417524707354
2020-06-19,0.02488374067568682,0.024955549348443993,0.024029224646339036,0.027461332244870677,0.024514693406008224,0.29479117609837163
2020-06-22,0.02640129712605433,0.026478261334716518,0.024523095263650267,0.027729515105660678,0.024847144345378158,0.20786887105150875
2020-06-23,0.025962609834808026,0.02603808124933039,0.025160114093723537,0.028512212739676683,0.02629836467998828,0.1917142625967565
2020-06-24,0.02473656174305535,0.02480787094806842,0.024667679654788586,0.026978887769381475,0.025866177907415133,0.24307153324246367
2020-06-25,0.02619122668296841,0.026267491439958265,0.024372788002023863,0.027198976303641757,0.025169477236653873,0.19238091681552283
2020-06-26,0.024276434785665796,0.024346179042360926,0.024344157267320605,0.02686520167752566,0.026003496637517602,0.34176401962065717
2020-06-29,0.02453365061705655,0.02460426619051358,0.022652120709864196,0.025553421971380996,0.024094069329268067,0.1689899289570665
2020-06-30,0.026235544441835477,0.026311942638471312,0.024494464528947008,0.027690166718510302,0.024928088730131796,0.1867240376562817
2020-07-01,0.0264198708776417,0.02649690163058614,0.024777904979981284,0.028544277477375736,0.026123468566909253,0.15820174865337921
2020-07-02,0.02688999572016134,0.026968630197948786,0.0257040871315769,0.02950770413842617,0.026807161894098715,0.18407125178160577
2020-07-06,0.02818747837301023,0.028270530158237526,0.02668466385658071,0.030290396212404418,0.027401237436179136,0.15076343664399072
2020-07-07,0.028373254174002188,0.02845692764736341,0.027607984572932297,0.031096412644740154,0.028583609929384822,0.17974491485981936
2020-07-08,0.030340906880813638,0.030431289408117883,0.028495520966470515,0.03176541862686261,0.028858241875667094,0.18505601900932694
2020-07-09,0.032015662026153024,0.0321117219259915,0.030470992514206912,0.03332788931503861,0.031092896884592616,0.2743129969219109
2020-07-10,0.03184560500079775,0.031941098677853885,0.03095913480027578,0.0341747164244527,0.032298394769464285,0.27647616538280406
2020-07-13,0.02940496153691078,0.0294921422948554,0.0317435994567314,0.03211230938202882,0.032334533018624725,0.24839923459243846
2020-07-14,0.03126115532629017,0.031354667749962484,0.029513318192663975,0.03071599486194688,0.029328011545139504,0.30759591625882504
2020-07-15,0.03040520947133568,0.03049581392994123,0.029686527857751287,0.03229158723921074,0.03128947925552152,0.21168346095888946
2020-07-16,0.029876508398103185,0.029965303889658724,0.028391018511765887,0.031357311856078825,0.028981108614459003,0.17086817880993926
2020-07-17,0.0302580360080068,0.030348130059995284,0.0286300794127461,0.03247815430588172,0.030198169195163667,0.1164570232782652
2020-07-20,0.032025648972677914,0.03212175858764667,0.03024911114619949,0.0328804285970667,0.030480029894062573,0.12929772403973094
2020-07-21,0.030983943724639244,0.031076507278499522,0.03041373650555466,0.03363834514283499,0.03186042389201329,0.12389256908757583
2020-07-22,0.03161412770738409,0.031708822432344644,0.03065708955940095,0.033666039690863236,0.031019181252455598,0.1863091076446014
2020-07-23,0.029847931292083137,0.029936626932133944,0.030339295503175333,0.032148749869436416,0.03149617416062196,0.21699179890831916
2020-07-24,0.030218022590276145,0.03030798341337466,0.02929572897752263,0.030666443805526918,0.02817165925300006,0.2596134097081175
2020-07-27,0.03151552165103281,0.03160988884323378,0.029736630278293413,0.03323606529161225,0.0302371967398017,0.13433220818145164
2020-07-28,0.030338068312770694,0.030428423353236516,0.02939450310098488,0.033186514235192276,0.03105820879709363,0.1201581989824533
2020-07-29,0.03176701112261439,0.03186223841205332,0.030163218942089707,0.033989611647709736,0.031153605173157836,0.12905983083303424
2020-07-30,0.032615814068389516,0.03271392709487117,0.030774473933458033,0.03368790175929269,0.031062542740310006,0.14591428790748723
2020-07-31,0.032620091063012994,0.03271822617719321,0.031596159091103304,0.034490999171810144,0.032150957991267604,0.1993019494103499
2020-08-03,0.034880701493624974,0.03498652265039891,0.03349862581483669,0.03613655350407089,0.033129524874850415,0.2177248419289543
2020-08-04,0.0361238849103845,0.03623394022008983,0.03423728020361623,0.03724865001449446,0.034965236550962966,0.14692118473583138
2020-08-05,0.03646112757723656,0.03657232066148372,0.03506182679650556,0.03876593983592128,0.03608690075560342,0.10514326495978292
2020-08-06,0.03673977760546801,0.036851914160387356,0.03498309364126016,0.038838815250698704,0.03669831758447201,0.10126505245061122
2020-08-07,0.03596243109799947,0.036071920606166666,0.03582338904950029,0.03801531249964208,0.03648294927901616,0.1691752643622837
2020-08-10,0.03576522445459951,0.035874053427944946,0.03527082624516051,0.03696005625512754,0.036608705313285625,0.22815065002244084
2020-08-11,0.03396475738928486,0.03406744886044674,0.03371621502997803,0.036605876290472246,0.03510254976714278,0.17747109839581143
2020-08-12,0.03733851309833432,0.03745268630182634,0.035607230551980965,0.037553273362692034,0.03462266756349884,0.2534724455352494
2020-08-13,0.037354237343273575,0.03746845507324423,0.0370659345396995,0.03987074713685578,0.037832989132684264,0.1912661381841418
2020-08-14,0.03804584159407681,0.038162423224460965,0.036968591133859266,0.04036485101150487,0.03774048205209764,0.18571714082793755
2020-08-17,0.04246415752711566,0.042595778029869066,0.04100543189419614,0.04256134948432374,0.039597874472137376,0.36196834498940894
2020-08-18,0.042028330681122675,0.04215846399936431,0.04149930251150738,0.04412965265209851,0.04305970810986175,0.28046779209516837
2020-08-19,0.041329578051837484,0.04145733071094418,0.04046288957396478,0.044198152317167415,0.042172209173049424,0.3628839572151834
2020-08-20,0.04134385293159103,0.04147166645492137,0.040806452929649614,0.042919899638649804,0.0403133721052709,0.5694942072312619
2020-08-21,0.04444469591082341,0.04458304797673043,0.043290113192426025,0.04476513160659391,0.04162438441430097,0.6237670527590425
2020-08-24,0.0446547390073964,0.044793817871488686,0.04388418865082154,0.04658558804632807,0.04556755041733075,0.2715578616443538
2020-08-25,0.04482480150205426,0.0449644411196263,0.0430181239431222,0.04697183274868239,0.04410476187296494,0.1322188313219601
2020-08-26,0.04495626165904906,0.045096350748583994,0.043632240369734565,0.04757816598529701,0.045078989299408734,0.15446461234817882
2020-08-27,0.04412889837941719,0.04426617388608753,0.04352631265816222,0.046929565341713754,0.04497636417072791,0.15194737027731847
2020-08-28,0.04709824838583926,0.047245640309368536,0.0452326618525931,0.04737265587001487,0.04436060788472028,0.30378132635144434
2020-08-31,0.04839431448931798,0.048546112711786965,0.04767767089655783,0.04967701351512847,0.04729629750762342,0.2786642296443981
2020-09-01,0.050970071604328246,0.05110690540043282,0.05007543895522444,0.05200177093874354,0.04901492654982188,0.28590890764833576
2020-09-02,0.05397464391941424,0.054120786360571715,0.054272612922050434,0.054704032685371336,0.0560903645466837,0.536731333508987
2020-09-03,0.046364601606045386,0.04648715310589882,0.04944987132688165,0.048750021781447876,0.05103131844389129,0.5859116046934116
2020-09-04,0.044117615208179056,0.044233197846240704,0.04538726672783985,0.0419054596312514,0.044989371514299686,0.9445190165882102
2020-09-08,0.04006103894828199,0.04016402891529952,0.04180850680124659,0.04190254617147087,0.03892285454530331,0.4825940317850221
2020-09-09,0.04464649676839694,0.044763707886523216,0.04329297462767007,0.044977930931365144,0.04277061865834621,0.4414274422261825
2020-09-10,0.0423409013240022,0.042450965684374856,0.044758837664252996,0.04460043216839015,0.04617752811238321,0.41548325169585354
2020-09-11,0.04149898969948741,0.04160644760833081,0.042395423210777716,0.043019012871565225,0.04326496388114606,0.3727758886936413
2020-09-14,0.04554557354355698,0.045665574408046444,0.046188905456513996,0.04730706966472651,0.04670800607042083,0.7633744044889895
2020-09-15,0.04622452182817258,0.04634663984272666,0.04609585966429412,0.04845268764273938,0.047858574257682446,0.43544968385790866
2020-09-16,0.043500125476739954,0.0436137854089321,0.04491629851398951,0.04662202853373563,0.04599250843728728,0.31707568392568053
2020-09-17,0.04320852413998115,0.043321289193491944,0.042036116500496365,0.04382939949357175,0.04122255178601042,0.48037000692241577
2020-09-18,0.04164050790394076,0.041748393898943637,0.04228090027196468,0.04356121663278175,0.04389083821524789,0.4153283444914929
2020-09-21,0.04351584972167921,0.043629559649920366,0.0416510404907558,0.043070026217913206,0.040024282653755364,0.43094631013113865
2020-09-22,0.04420480136072749,0.044320656276685355,0.042369653911318486,0.04453338923321152,0.04378242898168923,0.3793622110790463
2020-09-23,0.04126599193995441,0.0413727328658105,0.042822011874574004,0.044088841975020145,0.04378531827716681,0.3797494790899479
2020-09-24,0.042548160545558114,0.04265886405468135,0.041920162844061304,0.043708424192226876,0.04087564885532992,0.43799735412962554
2020-09-25,0.0455541548793169,0.04567417804226091,0.043718132573844326,0.04505955784555966,0.04304525611855117,0.3389507941414649
2020-09-28,0.04647609880859557,0.04659898941154621,0.044681535226629626,0.047999394445168674,0.04647239615485389,0.32912525146487587
2020-09-29,0.047566716029674855,0.047692991001528434,0.04692040625718344,0.04906776681873332,0.04587832061277347,0.36207899299252366
2020-09-30,0.049309131917325055,0.04944081409610679,0.04794966014586166,0.05033290336820081,0.04715031089108819,0.4089135265109158
2020-10-01,0.04978939137753946,0.04992257385555421,0.04875272959215783,0.052143151578627596,0.050622262576906774,0.2953748443148019
2020-10-02,0.04663188642349987,0.046755276915706634,0.047359876840332216,0.049754259119576684,0.04754058082354577,0.3143869374499923
2020-10-05,0.049949499741487935,0.05008316044203669,0.048074198108028834,0.05075558299792498,0.04760417840758856,0.26412784823519897
2020-10-06,0.05048692982165019,0.05062227411653365,0.05092432412995099,0.05333395598342739,0.051038547196507925,0.47477398416488764
2020-10-07,0.05178768311744647,0.05192704560127413,0.05079405783654145,0.05449123336060011,0.05202000337556832,0.221434316233376
2020-10-08,0.05107156545244576,0.051208705044425054,0.05059507887199492,0.05387615974464393,0.05245507944361906,0.19433662027057585
2020-10-09,0.050637023892560834,0.05077282404136098,0.04910488271432906,0.05330918045521741,0.05067429746511659,0.17220148724747186
2020-10-12,0.05328567040315564,0.053429684264236346,0.052098156949013236,0.054776913660186534,0.051960739734741884,0.2329555395576985
2020-10-13,0.05341289185064507,0.053557294810872,0.05210674671549964,0.055396363025851277,0.053735743122289195,0.17061922080293107
2020-10-14,0.052538109717578996,0.05267980069498113,0.052073818367176034,0.05505384246035585,0.053701049520867544,0.1232452782693546
2020-10-15,0.05182198658327569,0.051961460138132035,0.05014415162636142,0.053933000010552935,0.05092724866747168,0.11710708029656432
2020-10-16,0.05091575049102852,0.05105241754026463,0.0508069397558939,0.054077294110217534,0.05223392703328539,0.09993451021315645
2020-10-19,0.049121879404634486,0.04925298357954021,0.050016746768195924,0.051828325561160425,0.05146061592098687,0.13843724909700855
2020-10-20,0.049966640535797385,0.050100367710465624,0.0489645959368111,0.0524127967293456,0.049613341549041345,0.09081988095657965
2020-10-21,0.049276255939471186,0.049407832586689585,0.048917354951513004,0.05224080808165276,0.049853285407824646,0.0841699359693837
2020-10-22,0.048340009783926025,0.04846868547342709,0.047888101062834795,0.050808053074163216,0.04926065451348302,0.13318976754929196
2020-10-23,0.04965075549554977,0.049783493619822705,0.04778217335126243,0.05115494938936719,0.04884147508448164,0.09377418263974323
2020-10-26,0.04708359065490457,0.04720835971762927,0.048351910227820746,0.04968138370479926,0.048708495811518204,0.1652887532528784
2020-10-27,0.04854441402953122,0.04867372325842259,0.04691611410431737,0.05057339168096254,0.04800890033135671,0.10555542877138531
2020-10-28,0.04414334827685355,0.044259003279313744,0.0458739782962867,0.04717734842400229,0.04738447064499367,0.19269073122424413
2020-10-29,0.046413196359535946,0.04653590338673391,0.045488902286546146,0.047999394445168674,0.04530592581462024,0.15365964812551908
2020-10-30,0.04361162814859272,0.043725627184149865,0.04402160853234119,0.045375840592917084,0.045372418208063314,0.22056019700876955
2020-11-02,0.04387890749674461,0.04399375099395768,0.04345044093816086,0.04592970375329348,0.04426087205151705,0.1395326643278445
2020-11-03,0.046387474229466596,0.04651009248409051,0.04498644190274849,0.04714090793659471,0.04455429544624895,0.12103231820705977
2020-11-04,0.05081711161886171,0.05095348395115376,0.04912349296492391,0.051421675520266906,0.0484902326966621,0.2160014992804422
2020-11-05,0.052908310401823755,0.05305115717622183,0.05205234668133715,0.05523457704742802,0.05296098736225191,0.1529321375050397
2020-11-06,0.0552067684063417,0.055356734241166786,0.053482419934352446,0.05467488696749059,0.05265599575776435,0.1974126347571657
2020-11-09,0.049882309359199656,0.05001576986533195,0.054070767061505584,0.05301767323606996,0.05521587295344316,0.3354653820433505
2020-11-10,0.0449609543206692,0.04507914894972544,0.04785803961050951,0.04728957778596784,0.04974632082200478,0.3777135558326366
2020-11-11,0.048665909117211456,0.04879559622572513,0.04687603216788368,0.04915521509245114,0.046550451244129945,0.21220903897368448
2020-11-12,0.04888744868782352,0.04901783580957922,0.048771339842752656,0.05129924348903179,0.049009147958866725,0.18528561361579005
2020-11-13,0.047974091563607324,0.04810162807450841,0.04821448488554682,0.04980235900614414,0.04986629275139644,0.17180038823618093
2020-11-16,0.04922192388756627,0.04935335019609176,0.04810425956035412,0.05036642483579012,0.04723703386679699,0.21845511874951162
2020-11-17,0.04869020922860803,0.0488199686313575,0.047799347423480965,0.05122782480414461,0.049434105978823265,0.14809128736876975
2020-11-18,0.048727367670387975,0.048857249223096755,0.04785374745764345,0.05053550002370245,0.048929648221851876,0.28563782004070465
2020-11-19,0.0487931305647009,0.04892320677236078,0.047176646691136484,0.050039939419163106,0.04746975448688634,0.3236813697116306
2020-11-20,0.04677769256118186,0.04690152775821191,0.047216728627570176,0.04983588047373345,0.04886460599007028,0.16818773093448464
2020-11-23,0.04707644227642262,0.04720119458042586,0.04657541218387659,0.04954729227440428,0.04722981062810304,0.1822040667290445
2020-11-24,0.04603443074743904,0.04615594327127873,0.04531282572546051,0.048786462268855475,0.04706358240145675,0.17193039963984075
2020-11-25,0.047618176697721296,0.04774460733724489,0.04592837286969491,0.04957353009254226,0.04642759001926071,0.1120532327542985
2020-11-27,0.047769681848699536,0.04789659028951289,0.04671856585739288,0.05045095964972741,0.04840784366416967,0.0479880389508633
2020-11-30,0.04857156911687849,0.04870096171893633,0.046747196592096155,0.04929513900244494,0.04777185128197364,0.13074997908061192
2020-12-01,0.04850582809977591,0.048635009639242666,0.04741284615687266,0.050787647735624046,0.04908575840040398,0.1376627130752054
2020-12-02,0.04938917516069412,0.04952110738934802,0.04824168490262806,0.05082263149314135,0.04826619099085083,0.12826593141068598
2020-12-03,0.04856274166250217,0.048669418706530174,0.04816438246500468,0.05137503792362747,0.04963646694070732,0.07028637777856155
2020-12-04,0.049490696355324576,0.04959996765514857,0.047591784153202324,0.05172338540868395,0.04883280168412622,0.07217016003159
2020-12-07,0.049768072036053115,0.049878122657041155,0.04857236087820614,0.05237198605226722,0.049715966677722184,0.08669271044039979
2020-12-08,0.0482996736773427,0.048405599448614806,0.04781366552120975,0.051098103563420406,0.04962201494939676,0.12035459918798196
2020-12-09,0.04590188219922932,0.04600108879455897,0.04675578089782827,0.04868880576583031,0.04797710153933529,0.20982734070663966
2020-12-10,0.04613923352362202,0.046239102619401326,0.04477887863246986,0.04857948986364529,0.045482272089360745,0.07598751613904857
2020-12-11,0.046373729872064035,0.0464742503893623,0.04449973579505592,0.04842499309471112,0.04605032743037492,0.07702484116824927
2020-12-14,0.048063755310227926,0.04816901865121313,0.04661120196744423,0.04990876144854863,0.046748478262797655,0.11913470495364194
2020-12-15,0.04835972115045162,0.04846581941854572,0.047042082784106584,0.05054570269297203,0.0487822114436552,0.06578853645194731
2020-12-16,0.04768485843486893,0.04778905853575793,0.04688891408723614,0.05069582371219767,0.048682475610451956,0.08660419203790799
2020-12-17,0.04824961315075868,0.04835541614033903,0.046558238111658046,0.05049760280640459,0.04836014271917624,0.09232192759886225
2020-12-18,0.047853575481090246,0.04795824875645488,0.046704247759664114,0.04986795077147025,0.04843096905583566,0.16886268375348457
2020-12-21,0.048198141544107065,0.04830379433505218,0.046503838077495585,0.049267444454416685,0.046671867821260385,0.1413860183800164
2020-12-22,0.04788930096559223,0.04799409085118307,0.04631631031467952,0.04977175099833537,0.048085510772893955,0.06064617050718969
2020-12-23,0.046350851779340244,0.04645130554160025,0.045959865039642195,0.04948607625878671,0.047719810879841174,0.056195354581899226
2020-12-24,0.046262188915093164,0.046362408614144535,0.0451439082132393,0.049099831556432376,0.046455049354143074,0.0
2020-12-28,0.04572601130522347,0.045824727967088225,0.04474308884890221,0.04807664560965464,0.046601041484600966,0.07930695623249083
2020-12-29,0.04597336598404883,0.04607277845358573,0.04480035031830873,0.04853722245667665,0.045806049628375256,0.05012907781113354
2020-12-30,0.047131501745571666,0.047234170620272686,0.04560914809584726,0.0488549674939621,0.04618330670333837,0.08818092608229307
2020-12-31,0.04661249774582693,0.04671369724164533,0.04524984138556591,0.04896136437632884,0.047028894313957764,0.06537913884042275
2021-01-04,0.04694707686231886,0.04704920615858747,0.04812143909332693,0.049238293176498145,0.04684242999112305,0.32001892080853267
2021-01-05,0.04861279671978358,0.048719602014805935,0.04692469841004951,0.049964144984567395,0.046816409790056815,0.15551300217769104
2021-01-06,0.044093189302822966,0.04418731362028698,0.045788086092176924,0.047043256993607306,0.04752612331831252,0.3337005463936704
2021-01-07,0.04826535927290829,0.048371184911756904,0.046548217627549626,0.048795208208234804,0.04605177207811373,0.2514448208781717
2021-01-08,0.04788074150704269,0.04798548721696862,0.046795862834261986,0.04970178904333846,0.048335572679771455,0.13460606198916064
2021-01-11,0.04985243055916379,0.04996272050217482,0.04988791665316268,0.05157034536964004,0.04866079486652476,0.2907691211851508
2021-01-12,0.049070331227746636,0.0491784223960617,0.048705494067614,0.05146831867694409,0.050590458270962715,0.1338785513686812
2021-01-13,0.04933913104201787,0.049447979233310194,0.04796397278283615,0.05170152334025451,0.049072745542909524,0.07755318538312216
2021-01-14,0.047443208238642384,0.04754674015902316,0.04781938839169782,0.05050926220556445,0.04956419595630912,0.12809995940601387
2021-01-15,0.045494391809942525,0.045592451721579,0.04624759764354254,0.04857366294408425,0.04755792211033391,0.12440708230205937
2021-01-19,0.04644235321163026,0.04654307399350771,0.04492345756285389,0.04854742512594625,0.046333632777012634,0.08872863369771104
2021-01-20,0.04838974215235477,0.04849592940351119,0.04685026286842446,0.04978778614720377,0.04688579147897745,0.11112378952813469
2021-01-21,0.05125936489539511,0.05137359618279995,0.050106936585926035,0.05093194739532637,0.048659350218785966,0.16590008347008733
2021-01-22,0.05037287845479163,0.05048462690824285,0.049205087555413335,0.05311386744916711,0.0505181872865645,0.10299669369935692
2021-01-25,0.05003401140507105,0.050144813439408284,0.04912921583541198,0.05083574762219146,0.050759575793086584,0.10596482638290987
2021-01-26,0.04878724012581409,0.04889452981483601,0.048077059543272876,0.05171609619919489,0.04959599474833053,0.04570869008669963
2021-01-27,0.04582753796915649,0.04592653308065085,0.04571794270341793,0.048254461176908535,0.047569484806166906,0.18906147672208057
2021-01-28,0.046589630591708314,0.04669075239388326,0.04633062841240829,0.049226633777338304,0.04621800030476002,0.09020025213913709
2021-01-29,0.04623932176097455,0.04633946923595286,0.046301997677705015,0.048940959037789646,0.04667331246899918,0.12010010878081807
2021-02-01,0.047653393537082644,0.04775751552335179,0.045935531918559286,0.048889945691441665,0.046547561948652366,0.08251574832281831
2021-02-02,0.049482131427472445,0.049591364020934114,0.04766049136358502,0.05112142236174013,0.048545162394272146,0.08475360418581397
2021-02-03,0.0493319881328385,0.04944081409610679,0.04972042985856347,0.0524681858254021,0.049916882991867445,0.10202022507186935
2021-02-04,0.050096930262038444,0.05020790493379096,0.04824168490262806,0.05142605126997545,0.049309800106215246,0.07154499881399172
2021-02-05,0.04967799809173845,0.04978779270214477,0.04860671994415176,0.05263871218316695,0.05043146431085571,0.04928538678738363
2021-02-08,0.05452647467328957,0.05464986337341354,0.052823929418440316,0.053696881887462,0.050444471654427475,0.2328725535553624
2021-02-09,0.05352274279311639,0.05364332568344633,0.053450927764405146,0.056584248410832795,0.053991583620121866,0.13117044149244794
2021-02-10,0.056388061195020295,0.056516687910842675,0.05529327158348796,0.05727803548120298,0.054699852500638774,0.2679535029428911
2021-02-11,0.05917045950039408,0.05930689079011642,0.057396153450144136,0.06067991121776203,0.05768902717341319,0.24407843007080782
2021-02-12,0.05751474299736202,0.057646537065123474,0.05750494805771482,0.05980538956031966,0.05809230444944252,0.19147083698990408
2021-02-16,0.05962514997101161,0.059762845116490784,0.0579701879403228,0.06082566204731688,0.058174693481934936,0.15495976216211732
2021-02-17,0.05719875404036524,0.05732966297448058,0.05711701061273021,0.059834540838238186,0.05879189441568136,0.12231583504319075
2021-02-18,0.056758382203921987,0.05688804986165377,0.055111472151914254,0.058639366243767595,0.05623635667714158,0.09403973784721863
2021-02-19,0.057316015887842714,0.05744723685946107,0.056850749694668745,0.0602237045604108,0.05794486767124585,0.1202190553841664
2021-02-22,0.05405177202450413,0.054173835723728844,0.05660023759195808,0.057181835708068084,0.05650087057532968,0.15767340443850636
2021-02-23,0.05282928444873597,0.052947924504788926,0.05147831765191278,0.05172775559835475,0.052456524091357856,0.20324378452131253
2021-02-24,0.05487104073630639,0.05499540895201084,0.0530128878988784,0.05386449478544631,0.05273116155156281,0.24234402262198423
2021-02-25,0.04805660146244338,0.048161848044439334,0.052257053977126044,0.050717691340664874,0.052284517273756395,0.5024470497438844
2021-02-26,0.050384325705107424,0.05049610206690908,0.04927809237941637,0.05156159943026071,0.050590458270962715,0.27872785224618907
2021-03-01,0.05111209298461965,0.051225912312854005,0.04968177863975176,0.052682441880063595,0.05129872715147962,0.17655271996995908
2021-03-02,0.048621367116938305,0.04872820564902043,0.049656009340292545,0.0517656528156526,0.05144326912027604,0.11495774283606046
2021-03-03,0.04518127423680422,0.045278449155387854,0.04697050867772558,0.04828361245482706,0.04870416186830183,0.19343207284511288
2021-03-04,0.042696252851721725,0.042786474601317,0.04424206464348088,0.044115074233120395,0.04508766269976415,0.3288043722558431
2021-03-05,0.04321814464323269,0.04330981950439611,0.04180850680124659,0.041756789781878266,0.0436378870128928,0.3077093304620177
2021-03-08,0.038252439030019625,0.03833018041771721,0.04135757955561309,0.04109944319891568,0.04305970810986175,0.30789743206731274
2021-03-09,0.04357886702609319,0.04364676691834932,0.042190715914988824,0.043972236863346066,0.041210989090177425,0.29317571525289643
2021-03-10,0.04328135884253981,0.04334853312357603,0.04427068991742984,0.04629408638721836,0.04531748851045324,0.19812354817717792
2021-03-11,0.0462864179255561,0.046360975586703865,0.044650043056682326,0.04790902715163258,0.045950591597171686,0.13971523353298382
2021-03-12,0.04549975719578092,0.04557237839826869,0.04374819402616961,0.047066575791927016,0.044205942353906985,0.1010216268437588
2021-03-15,0.04741778145091277,0.047495123823306715,0.04556906615941356,0.04809996440797435,0.04545769653603331,0.08582412361594909
2021-03-16,0.0479898923787828,0.04806865203466158,0.047319794903898496,0.05013759036215051,0.048300879078349804,0.12049844159203114
2021-03-17,0.04827595331202039,0.04835541614033903,0.04698052916183401,0.04939570896525062,0.0464695068593763,0.1009524718418121
2021-03-18,0.04473597455872956,0.04480672058802519,0.04543879986600399,0.04780700045893665,0.047028894313957764,0.1355521024157917
2021-03-19,0.045441109864134424,0.04551359145577845,0.04393572178898569,0.04719775376254149,0.04479423930503225,0.1392256161192011
2021-03-22,0.047389187936984975,0.04746644686578193,0.04664412485501357,0.04891326448976139,0.045735223291715824,0.13825467989186924
2021-03-23,0.04672837585974976,0.046804027196541725,0.04635782296873524,0.049580813741993586,0.047709692831746975,0.0858656166171171
2021-03-24,0.04428115282484994,0.04435076626165081,0.04529708237086401,0.047339134402425535,0.04711417264192776,0.10231897468027913
2021-03-25,0.04366469132229732,0.04373279232135327,0.04275186848581501,0.04521259788460357,0.043345908265899694,0.13641515684008665
2021-03-26,0.04540393501444673,0.04547631086403921,0.04356209698097557,0.04580435270224006,0.04366390170003637,0.18401039537989267
2021-03-29,0.046027528487573535,0.04610145541111052,0.04474308884890221,0.04770788722602121,0.04520040587653916,0.1214610792191294
2021-03-30,0.0455898748945163,0.04566270835316508,0.04424349536110288,0.047737038503939754,0.04532616191080867,0.07075939799187704
2021-03-31,0.048316015953474345,0.048395562786959626,0.04707930328529625,0.04935489828817224,0.04632929883379626,0.14999166682226545
2021-04-01,0.050967779966544044,0.05105385603727569,0.049366846018770186,0.05243757225755558,0.04954829931725975,0.14549659169572904
2021-04-05,0.051973278431453024,0.05206182675468357,0.050191392611659516,0.053730403355051325,0.05125536566362522,0.10911829447167999
2021-04-06,0.05125241341180631,0.05133918164594205,0.05042186374615333,0.05396652703818002,0.05202000337556832,0.06490888482718511
2021-04-07,0.052865792043508,0.052956528139003395,0.05150551220823975,0.05360505786403565,0.0513319705912398,0.10608377298625822
2021-04-08,0.05385841030082324,0.053951596139874755,0.05281104749908784,0.05673874517976698,0.05348279191993412,0.10133420745255793
2021-04-09,0.05433326062077855,0.05442761831998906,0.05244744317518614,0.056307319610663466,0.053258744700200186,0.06727951829391844
2021-04-12,0.058961701689929175,0.05906744393783339,0.05785566500150975,0.05609889047556304,0.05369671557765117,0.5334893470177251
2021-04-13,0.06165353381375541,0.06176588383477005,0.059845454646974924,0.061850304723984874,0.05914169215576211,0.39994273965838817
2021-04-14,0.059350760529495866,0.05945744618451412,0.059962839021032,0.06244352183154938,0.06141681935706443,0.19890085039905897
2021-04-15,0.06427241091036608,0.06439120651480966,0.06279006263949326,0.06479889282301096,0.061633637824181756,0.346187173545169
2021-04-16,0.0629865724027261,0.06310220380148707,0.06251235051970135,0.06616168031546588,0.06389141271085058,0.1641214168200179
2021-04-19,0.05983562514248901,0.05994350502628358,0.06046100179120931,0.06247558656924843,0.06090513284747642,0.2119849767673771
2021-04-20,0.05874574080795644,0.05885094193331242,0.058683073029643124,0.06090145648191259,0.05967217011379973,0.16337730899907127
2021-04-21,0.05982847129470445,0.059936339889080176,0.05791292647091628,0.06171329983380935,0.05848979762059403,0.08221976491448639
2021-04-22,0.05690923103858972,0.05700992282895631,0.058348104901198974,0.05985494617677737,0.059971377613409454,0.12441261470221511
2021-04-23,0.059283531862089484,0.0593900556078094,0.05775546016042549,0.06053561711809744,0.05742306311356364,0.0896359473232519
2021-04-26,0.06050070327574253,0.060610229247416214,0.05858000675331482,0.06184593453431409,0.05887284431435766,0.0690941455450002
2021-04-27,0.059950042952620936,0.060058212856382714,0.059676537134753696,0.06318394649855899,0.0611479660017373,0.04611808769822416
2021-04-28,0.05934932757221793,0.05945600768750306,0.05888491889018796,0.062373559876552485,0.059910669324844235,0.07712995677120828
2021-04-29,0.05962394125513974,0.05973130210408466,0.05833664823871425,0.06153402197662745,0.06011591958220587,0.052082015066108725
2021-04-30,0.05782033481013983,0.05792325903957539,0.05792723910789077,0.06109967738770567,0.058812136025792425,0.0719405654251269
2021-05-03,0.05683199901675065,0.056932495590596446,0.0572501383413838,0.059878270535134843,0.05852593586975448,0.07332366546406117
2021-05-04,0.054054348066022884,0.05414802482108544,0.05376156277176637,0.055346806409393566,0.05570587871910396,0.2126101379849754
2021-05-05,0.05466796006192738,0.0547631327065016,0.05476934497460571,0.057546218341992965,0.05612071869096631,0.13425752077934922
2021-05-06,0.05503698484611581,0.05513305616030165,0.05338221509326818,0.056558016152732545,0.054884866661812026,0.06604026065903333
2021-05-07,0.05669182626073385,0.05679198232742427,0.055669757826742106,0.059203432073413574,0.05669456365078099,0.09090010075883782
2021-05-10,0.0535651955198011,0.053657661427423536,0.054726396142173686,0.05674457765936578,0.05657314155972788,0.11826888432926909
2021-05-11,0.053796913462528614,0.053889937672932764,0.052142531038313,0.053829516587966746,0.0510096376999641,0.12980393865398088
2021-05-12,0.05066312340450872,0.05074845163572861,0.05160142489645794,0.05359194173498553,0.052076372206994515,0.14213012620096305
2021-05-13,0.05012962575290693,0.05021363704355368,0.05057360718615604,0.05213294890935801,0.052216580232574555,0.12967945965047678
2021-05-14,0.05343504252612473,0.05352718482590653,0.05198936234144255,0.0538207706485874,0.05138545564111108,0.11115421772899124
2021-05-17,0.052991651634653136,0.053082700188627985,0.051080354262065475,0.05443293636480084,0.05292918305630784,0.08236084111845766
2021-05-18,0.05213489632291568,0.05222384636860673,0.05242597148934727,0.05531036592198598,0.05356518095242653,0.06111365832034947
2021-05-19,0.052420962725455864,0.05251061047428417,0.05056644813729165,0.052624139324226556,0.049515050363576896,0.17020152459117294
2021-05-20,0.05554902095436398,0.05564636440172559,0.05402639297220582,0.056864096230820387,0.05377043120978818,0.1547052717549534
2021-05-21,0.05771877533039127,0.057821459395583155,0.057108420846243804,0.06035633926091551,0.05874997757556576,0.39771594859570397
2021-05-24,0.06126736823525754,0.06137875858211146,0.06010312579854998,0.06214326867302259,0.05903183827446465,0.31599133349515607
2021-05-25,0.061471881866914505,0.0615837908975366,0.06052398613110391,0.06393020364516741,0.06223204730947854,0.23341472877062464
2021-05-26,0.06177081206914066,0.06188345771975054,0.06038226863596391,0.06453508015189177,0.06204847779604408,0.18848610710588393
2021-05-27,0.06055792858871625,0.060667583162465774,0.06013175653325324,0.06379902567455295,0.061849006129637604,0.33442805701414985
2021-05-28,0.0648860119676654,0.06500630346108507,0.06315223078501864,0.06403806281746216,0.06069988259011477,0.3780372012417472
2021-06-01,0.06500041883919215,0.0651210112911842,0.06378638817984786,0.06638322557961643,0.06514606170237713,0.25927593329861753
2021-06-02,0.06793969861998776,0.06806750167461836,0.06682404196458608,0.06832028713102464,0.06504343657369631,0.3432052098612267
2021-06-03,0.06903530931432951,0.06916580234692264,0.06877231895599552,0.07034625368604092,0.06763655720913532,0.3334128615855721
2021-06-04,0.07251666261318421,0.0726557164263166,0.07107416886568965,0.07333419573225514,0.07001719332067338,0.3590776659080363
2021-06-07,0.07274978616667674,0.07288942022969615,0.07194166429101101,0.07390117502168164,0.07266958862478415,0.33047239090279784
2021-06-08,0.07182294721158218,0.0719603152476592,0.07084799534481619,0.07424077100732104,0.07241518726076761,0.15626540859887128
2021-06-09,0.0712807314916558,0.07139395217350772,0.070581739887509,0.07426847111538706,0.07234870038124723,0.19624253212422732
2021-06-10,0.07166271852297677,0.07177677834384429,0.07010647952079259,0.07380351851865649,0.07139036959385281,0.13131705009657496
2021-06-11,0.07395314212199358,0.07407232421670447,0.07266744222119238,0.07536453247694222,0.07213910515282386,0.2202061233988024
2021-06-14,0.07506043524666237,0.07518208910853419,0.07324146578986249,0.07664132842556956,0.07460503062017726,0.1545558969507485
2021-06-15,0.07374284743750156,0.07386154885237584,0.07310834352196315,0.07702174620836283,0.07465707102230974,0.10037710222561542
2021-06-16,0.07386731782578945,0.07398628787455974,0.07275619039979192,0.07618511620818058,0.07393868409369862,0.1446999260733029
2021-06-17,0.07871422471749794,0.07884405399393611,0.07779651028859348,0.07718644564656663,0.07384472685145055,0.49222594045616025
2021-06-18,0.07860839371242849,0.07873795526762181,0.08088856410749418,0.08201232489119811,0.07968142352368052,0.6023207035553277
2021-06-21,0.07739809174282543,0.07752494676521841,0.07608730511967284,0.07757414707881122,0.07766502611568842,0.39729548618386795
2021-06-22,0.08002759022506115,0.0801602951677724,0.07853374488125958,0.0808579609738059,0.0778746213441118,0.3335069123882196
2021-06-23,0.08100327005226268,0.08113815590021482,0.07961595716496968,0.08389982426611087,0.08097508903199976,0.16214911616449762
2021-06-24,0.08185162451522562,0.08198841155559199,0.08114623525906924,0.08495216149080714,0.08224708482423712,0.15424331634194938
2021-06-25,0.08085302831018218,0.08098761144495789,0.0807196520560272,0.08382258422170041,0.08255207091480203,0.12481094751342818
2021-06-28,0.08631230019680519,0.08645905242230971,0.08491825127972091,0.08629746822457887,0.08301894577487416,0.2749270933391977
2021-06-29,0.08655121027243537,0.08669849927459276,0.0850327632970254,0.08826804568353863,0.08603269048705336,0.18654423465122022
2021-06-30,0.08641245406578878,0.08655941903886127,0.08539780379930341,0.08947342850731657,0.08670771592781008,0.15814642465182188
2021-07-01,0.08761132519298381,0.08776095238259848,0.08707838369427508,0.09037854705249221,0.08743477074285394,0.2643463780413506
2021-07-02,0.08918501856511009,0.0893381467594688,0.08736039888844162,0.09194539905041449,0.08925747507539471,0.16934676876711152
2021-07-06,0.09039532053471315,0.0905511552618722,0.08928862399012566,0.09230978168433937,0.0909760986036705,0.24122924399060325
2021-07-07,0.08852548630468034,0.08867716011766928,0.089477587931318,0.09220338480197263,0.09164679010121084,0.2216722094400727
2021-07-08,0.08584165577053972,0.08598732385494708,0.08522888082632789,0.08852311797531626,0.08588236992730176,0.28036544269228725
2021-07-09,0.08668567854585332,0.08683326948886143,0.08492683558545308,0.08883502497296514,0.08649523140390916,0.137438650868898
2021-07-12,0.08933095049675159,0.08948440307154445,0.08751785427742384,0.0913623846121196,0.08809967262159378,0.15497635936258453
2021-07-13,0.08782878466386553,0.0879788928841305,0.08710845060735464,0.09093241577290634,0.08902764375078293,0.13334744095373047
2021-07-14,0.08549112816770246,0.08563603522744628,0.08685936376151171,0.0888262845936236,0.08878047665330567,0.19516648029393646
2021-07-15,0.0804825268142951,0.08061624949414678,0.08359124430303395,0.08361269279667197,0.08562363462006885,0.3130508628123818
2021-07-16,0.07587447530519091,0.07599793022705346,0.07964029028605257,0.07903313434440101,0.08110662917114705,0.40824963849222734
2021-07-19,0.07941526898456731,0.07954663124893767,0.07898179977014046,0.07782338133095226,0.07465851567004853,0.4503207754765299
2021-07-20,0.07845530793300244,0.07858453381834275,0.07781368982156629,0.07956367314641993,0.07936920316657631,0.23291612120658883
2021-07-21,0.08302186931267734,0.08316127341137478,0.08175892096805958,0.08293348970531766,0.08024803421695591,0.1888851314671165
2021-07-22,0.08407481944683605,0.08421656138217706,0.08382027925915148,0.08604676612247203,0.08464217844100842,0.15625019449844296
2021-07-23,0.08386880175696751,0.08401009603931124,0.0827495236379261,0.08589518837335613,0.08472312282576207,0.06762529330365201
2021-07-26,0.08235810381204481,0.0824959876872532,0.08127220393885844,0.08393626475351848,0.08272841718954253,0.07334510351466465
2021-07-27,0.0818659322107947,0.08200275276913957,0.08230288854515865,0.08292765166568114,0.08246244761577035,0.10440953038912827
2021-07-28,0.08355407620886847,0.083694654976109,0.0824403138874326,0.08440851211977585,0.08277466797287451,0.07213350788055824
2021-07-29,0.08446396032594156,0.0846065636288578,0.08362560336897959,0.08634993274077934,0.08393101475109128,0.06424292215843826
2021-07-30,0.08353117076963172,0.08367171559791735,0.08234869335208046,0.08597098280795185,0.08334705725710506,0.059205671816639674
2021-08-02,0.08496750807657384,0.08511126276649689,0.08424401194845801,0.08654233228704916,0.08497752418977862,0.08268172032749042
2021-08-03,0.08533947534555436,0.08548405774474867,0.08573850025898992,0.085720280705845,0.08520878913428384,0.14102572081987402
2021-08-04,0.08796614072904972,0.0881165400924213,0.08628820162808566,0.0892649938121784,0.08665423087793882,0.09227006134740222
2021-08-05,0.09004337091320312,0.09019843360693072,0.08866449254015915,0.09226167623773421,0.0896029333583364,0.07852619626051242
2021-08-06,0.08849258298031355,0.08864417860825209,0.08773115133969912,0.09149210029280605,0.08974169673617767,0.055747921719304
2021-08-09,0.08808629036829345,0.08823698003228315,0.08737613678228384,0.09110148540078092,0.08929071300123219,0.03358097739530451
2021-08-10,0.08603191093035088,0.0861780258959654,0.08692951261102498,0.08930580448925676,0.08857378174820522,0.05626036028372915
2021-08-11,0.08467566609050116,0.08481876108148634,0.08474789758912342,0.08694461213827187,0.0869606616162425,0.06088475526390587
2021-08-12,0.08585450863162053,0.08600023204105399,0.08463337465031036,0.08805233845902463,0.08596042501657782,0.037183261446708804
2021-08-13,0.08747395818919441,0.08762330517430768,0.08569269545206813,0.08939909080261113,0.08616278597846189,0.05890553910819092
2021-08-16,0.0861120252746536,0.08625831918920664,0.08611069434937801,0.08707869800862911,0.0874925897359416,0.07813961979963029
2021-08-17,0.08329657050444056,0.08343656782795637,0.08315034300226318,0.08599430160627153,0.08489079018622449,0.07378907862716257
2021-08-18,0.08090456007916225,0.08103923325024473,0.0823716066770499,0.08443765783765661,0.0838211663837165,0.13003145861038556
2021-08-19,0.08524219832973187,0.08538655718307848,0.08730170670141307,0.08305008369691624,0.08378647278229484,0.4624194430671073
2021-08-20,0.09106769471761848,0.09122505008977862,0.08942032646191149,0.08987716508842955,0.086660009468894,0.39961701959921914
2021-08-23,0.09760281123903179,0.09777471841612444,0.09590217626621304,0.09580640046414304,0.09232614948518392,0.33050765995379067
2021-08-24,0.09665857990170876,0.09682839522651777,0.09568458705107173,0.0992170165800437,0.09684748887732206,0.13790544713203834
2021-08-25,0.0990620211693951,0.09923720496289563,0.09861057933224092,0.1003072510220378,0.0967549762828128,0.17276095121322077
2021-08-26,0.09823229515104541,0.09840560054252888,0.09786620207297332,0.10070370395369949,0.09943194162632835,0.09685572952648878
2021-08-27,0.10148265792441673,0.10166322196770246,0.10005353996536297,0.10290165359637085,0.09933942903181905,0.14303882292654285
2021-08-30,0.10178022080099601,0.10196145576247574,0.10189158617082543,0.10514042503619614,0.1030744499680869,0.11389552200615895
2021-08-31,0.10006889789855612,0.10022367479912293,0.09989893509011623,0.10262764381601983,0.10229391010317179,0.11200759045301369
2021-09-01,0.10038940996879282,0.10054484797208786,0.09991039175260095,0.10400937991712364,0.10107974433186737,0.07184029067230417
2021-09-02,0.10013184957133904,0.10028676082393521,0.09931488557658343,0.1036479107429793,0.1012705370839958,0.06220492425106862
2021-09-03,0.10269029087435703,0.10285042503703283,0.10156520780886773,0.10309405314264064,0.10015466249815583,0.1263102279556329
2021-09-07,0.10165430651682499,0.10181234433465948,0.10106704503869039,0.10497134428824606,0.10309179676879776,0.06930921760105448
2021-09-08,0.09980564942641125,0.09995985554120755,0.09941222898242362,0.10179392727561812,0.10124163310137466,0.10826215554757969
2021-09-09,0.09887843855874075,0.09903073962002983,0.09899995295560184,0.10269177329141793,0.10007949670435737,0.0684440885267011
2021-09-10,0.10060119230358865,0.10075705636385716,0.09950383859626726,0.10350215991342443,0.10028763625719658,0.10407274552964778
2021-09-13,0.09873532878723444,0.0988873603019763,0.1014392391290785,0.10110014576528567,0.10223031251912901,0.13804444868595123
2021-09-14,0.09925043864353682,0.09940353459828162,0.09826702143731038,0.10242941735018898,0.09986556753271766,0.0704488920331363
2021-09-15,0.0998170693302141,0.099971319760733,0.09802080694822006,0.10172979780021998,0.10006214990364654,0.04747767503649655
2021-09-16,0.09925043864353682,0.09940353459828162,0.09750546464506994,0.10150242561650838,0.0993336504408639,0.040212942081994316
2021-09-17,0.09729300806326154,0.09744207008449328,0.09775740200464832,0.10093690305697212,0.10001010950151407,0.13597187327760824
2021-09-20,0.09278861077679695,0.09292842745541431,0.09267270802654701,0.094127324664293,0.09333795429460427,0.17396355669707414
2021-09-21,0.09354983924953993,0.09369121374120605,0.09262689229811666,0.09580640046414304,0.09490481261538969,0.07386030827916769
2021-09-22,0.09752767396008376,0.09767721785445425,0.09569030992155982,0.09724060108144733,0.09460993905899635,0.11814578842580394
2021-09-23,0.1006240977428254,0.10077999574204884,0.09898277342262903,0.10128670727191891,0.09908502766780253,0.1041965329831324
2021-09-24,0.09832893772776773,0.09848015078686663,0.09677253312677848,0.10111763764404433,0.09868030574403439,0.082827637381598
2021-09-27,0.09591937084118334,0.09606560894072602,0.09476842538358456,0.09799269626769233,0.09659886610426072,0.10188675591811218
2021-09-28,0.09041904636933802,0.09055402131675357,0.0925925441536796,0.09406318406881939,0.09373111903646208,0.169557691523049
2021-09-29,0.0893773958143252,0.08951020850461747,0.09029068332247688,0.09299044150558397,0.09214691391496584,0.0833386928459842
2021-09-30,0.09051634526237086,0.09065152187842375,0.09057125687751284,0.09427890241340892,0.09115244487841098,0.08514709614689077
2021-10-01,0.09066518686298895,0.09080064424538077,0.08938596739596587,0.09145128961572765,0.09104837510199137,0.09895665848562994
2021-10-04,0.08488444030887381,0.08500803009506398,0.0875708235939643,0.08767337740612163,0.08962605875000239,0.1713322088730017
2021-10-05,0.08899964202320704,0.08913168141660298,0.08817778643246658,0.08941658268136976,0.08642296593343358,0.125445790431299
2021-10-06,0.0904247781984498,0.09055976436565706,0.08859005153777978,0.0907341893070755,0.08740586676023279,0.13783836678015005
2021-10-07,0.09257108567428417,0.09271048695388227,0.09203711991409577,0.09593465941493926,0.0930257339375001,0.10998065734595551
2021-10-08,0.09117455395157438,0.09131107549278258,0.091372895606187,0.0947861224171081,0.09307777433963256,0.03691079073903876
2021-10-11,0.09039616280731164,0.0905310819385619,0.09055407734454005,0.09324697052725181,0.09003657029257102,0.045299292475175085
2021-10-12,0.09025878486491708,0.09039343473027109,0.09051971827859441,0.09334608376016723,0.09149934780909148,0.04443208875076329
2021-10-13,0.09179268359141624,0.09193048246052081,0.09013607844723015,0.09442465324296373,0.09201970771903491,0.057238212011255674
2021-10-14,0.09641157525824898,0.09655884385883967,0.09451647710249755,0.09680917551234383,0.0941589663518962,0.10076229558645862
2021-10-15,0.09707550483795914,0.09722412958296124,0.09552425930533688,0.09995744680709107,0.09717704500729177,0.08928602301340154
2021-10-18,0.09913598801758937,0.09928882676818247,0.09758562851793735,0.09985249553453909,0.0968243634856561,0.06335289728338407
2021-10-19,0.0995251617125104,0.0996788290148632,0.09808951415860274,0.10214374261064033,0.0998713461236728,0.04397497418789552
2021-10-20,0.0984548738891491,0.09860633377563198,0.09839872390909622,0.10182308411357435,0.10003902451198055,0.0334654885420535
2021-10-21,0.10182599886365394,0.10198439514066739,0.09999055562546837,0.10241192547143033,0.09883641592258646,0.06203618604631862
2021-10-22,0.10202060758832483,0.10217939626400775,0.10238974894100274,0.10519872759203316,0.10303397777571013,0.10476982794927066
2021-10-25,0.10453896984198112,0.10470291383048476,0.10367810469887802,0.10641722098482348,0.10390124061633402,0.09152733662649452
2021-10-26,0.11341612924023271,0.1135982949292554,0.11458044601638927,0.1131451780233459,0.10977552018546322,0.26833108925352017
2021-10-27,0.11189368323335193,0.11207272235767189,0.11361274574998366,0.1152323605939797,0.11257968069706437,0.10242270718319922
2021-10-28,0.11469818845978468,0.11488299856025593,0.11281110702130952,0.11663742661347878,0.11491551067300923,0.09427209865375959
2021-10-29,0.11828111764629569,0.11847326831706066,0.1171571466106313,0.11941839069444504,0.11562666333508109,0.13458877323867396
2021-11-01,0.11976922737153171,0.11996443729092705,0.11821645649088051,0.12074182423971183,0.11937325248110461,0.11608082006767508
2021-11-02,0.12305447335680657,0.1232564732529585,0.1227056552144729,0.1240824839606533,0.12037350010861461,0.1357014772199966
2021-11-03,0.12418205759407523,0.1243863224072393,0.12331261805297518,0.1266185950992248,0.12527643603285493,0.09821808306483905
2021-11-04,0.14251445979687405,0.14275636680417972,0.14954349322867835,0.13176658957081255,0.1285084438598902,0.7301018584023673
2021-11-05,0.14223400489878868,0.14247534027783537,0.1497439029108469,0.1451292284545785,0.145610911629489,0.5209971874660708
2021-11-08,0.1482551491788378,0.14850883430787587,0.14802610251468554,0.14802679764721885,0.1453912038668941,0.2802278242384133
2021-11-09,0.14741376260737143,0.1476657437897021,0.15495458741175455,0.14835912110348246,0.1577237204991387,0.3795655267847696
2021-11-10,0.1405570182779936,0.14079490229039138,0.14659459854404824,0.14144459143825133,0.14080626689071316,0.37227658957958604
2021-11-11,0.14588559570998405,0.14613442816921515,0.1451058331040044,0.14726888666148835,0.14723558894336206,0.1620218709609157
2021-11-12,0.14588559570998405,0.14613442816921515,0.14562117540715452,0.1464118513227669,0.144587538610313,0.21795581963545635
2021-11-15,0.14379651901642604,0.14404105949603951,0.14541503193298935,0.14417891792257817,0.14772125525188382,0.1984921443375539
2021-11-16,0.14481530788662272,0.1450619329299839,0.14396062555889116,0.146854941851068,0.14313631827570283,0.11521223324322437
2021-11-17,0.13942375690463904,0.13965932102634784,0.14464202939977272,0.14157285038904752,0.14694649397792386,0.2286430336363014
2021-11-18,0.15324030910135483,0.15350423669640226,0.157531277084488,0.15627058777727781,0.15821516539861563,0.47290057516215117
2021-11-19,0.16073812132562681,0.16101743548078368,0.1594094270694013,0.15967538809369292,0.1574982231177433,0.3015040521373391
2021-11-22,0.1548486122202553,0.15511584561013048,0.16833627499615905,0.15964623125573665,0.1648641841860141,0.45396870182921895
2021-11-23,0.15364666734500604,0.15391144621151193,0.1552408838372786,0.15369950400126448,0.15340473104103927,0.3003256509041671
2021-11-24,0.15895806022826636,0.15923376482190676,0.15807525558309565,0.15397935182125208,0.15297688372560514,0.2332446074658357
2021-11-26,0.15225585651280288,0.15251777779931572,0.15724498065896397,0.1564396685252279,0.1595623049289608,0.12806469035502105
2021-11-29,0.16297602868119776,0.16325991558177558,0.16126464188632803,0.1604391259989845,0.15820938680766045,0.24693868095132387
2021-11-30,0.15896948013206924,0.1592452290414322,0.1609268177833941,0.1594363509507837,0.16285213174908372,0.36249807230432074
2021-12-01,0.15188866941428386,0.15212777555263501,0.16056035748500266,0.15661456507266353,0.16314123774236725,0.26727301772373546
2021-12-02,0.15584412373863937,0.15609084028769155,0.15591655388616354,0.15454487438078834,0.15154878878266098,0.2593354066002917
2021-12-03,0.14764134028804016,0.14787222007170872,0.15391817993496623,0.14932691239416593,0.15609325356646514,0.30873628224092636
2021-12-06,0.14388629214909837,0.1441098885697553,0.14310744823129856,0.1371303023869898,0.14383590272801902,0.3879969046221129
2021-12-07,0.15756710719419592,0.15781714609237812,0.15575050326994064,0.1523644054968001,0.1500628748466292,0.34243413158952085
2021-12-08,0.15412686117358937,0.15437026659276767,0.15484006447294152,0.15685360221557273,0.15608747497550998,0.26117562120209376
2021-12-09,0.146479310383075,0.14670795638057002,0.15435335836524894,0.15106429074985306,0.15455529922830089,0.27013534325430993
2021-12-10,0.14480784775789335,0.14503326144202952,0.14919993533374779,0.1477586147864289,0.15117874943246917,0.2703552561605005
2021-12-13,0.13314763373795746,0.13335053257972573,0.14341093511130396,0.13758504675441305,0.14596938276992516,0.3460931227425214
2021-12-14,0.13415509021319277,0.1343599417941447,0.13415768697957134,0.1325361655157407,0.13122587036793726,0.39359638512973827
2021-12-15,0.14630185339131874,0.1465301625256586,0.1445904908008543,0.1359642735104,0.1352788902522645,0.4152156218383198
2021-12-16,0.13444128787899506,0.13464670043025173,0.1483696604096161,0.13745096088405578,0.15119031764222482,0.4214872889648672
2021-12-17,0.13108693178622366,0.13128584633364526,0.13555484280577162,0.13550952914297681,0.13287946269227677,0.42590767668930113
2021-12-20,0.1306175343609482,0.13081555079372328,0.13109999222661628,0.13192400535956503,0.12894785938508,0.25169861973531615
2021-12-21,0.13837957953183078,0.13859256883602009,0.13668859368840014,0.13341650853270637,0.13512856969251288,0.2949467748527517
2021-12-22,0.14023990811396636,0.14045652184899748,0.13917940753928665,0.13952647849549205,0.13811774436528726,0.20559782078757866
2021-12-23,0.1416137312923325,0.14183298299276473,0.14206531788402216,0.14525166048581362,0.14311318185619154,0.16952518867213406
2021-12-27,0.14908383602969583,0.14931749935005098,0.14795166151230624,0.14647015387860396,0.14256391796362697,0.21147737905308822
2021-12-28,0.1455176429091028,0.14574443686167518,0.1493430835465098,0.14863895780339456,0.15211539947593639,0.22316803213218012
2021-12-29,0.14368017601178323,0.14390341228774872,0.14486534148540217,0.14487269943291065,0.14610814614776646,0.16960610002441173
2021-12-30,0.1413046281872935,0.141523284978466,0.14434427631176397,0.14588715056038454,0.14352947198971533,0.14590322310717574
2021-12-31,0.14030290354116998,0.14051960787380977,0.14189926726779925,0.14466864604751872,0.1426448623483806,0.11662714458305413
2022-01-03,0.14436707666236115,0.14459164832920268,0.14579868268586216,0.14731552425812777,0.14346009581471736,0.20308265336677672
2022-01-04,0.13961026012287509,0.1398256506617338,0.14440726065165857,0.13894347517727262,0.14613127153943242,0.2968616768566562
2022-01-05,0.12995924910150847,0.13015599717936444,0.1383834916811006,0.13418609559771,0.1384530790862121,0.27674448679035735
2022-01-06,0.1332449216923851,0.13344803314139592,0.1327834444783406,0.1314575960329442,0.13088474602821193,0.24640065503617847
2022-01-07,0.12791569888268928,0.12810850726257214,0.132691834864497,0.13141094731622927,0.13378141913432234,0.21580164132481622
2022-01-10,0.12879149830603664,0.12898600137846306,0.127234935874499,0.12317298410573138,0.1247618547138667,0.3435599750212133
2022-01-11,0.1311784769729344,0.13137760384641195,0.13064764518486935,0.13013998940723848,0.12905192916149966,0.21175607371093352
2022-01-12,0.13222031348423519,0.1324214275976888,0.13368242661285493,0.13462334808637458,0.13335356079104288,0.19745758550843107
2022-01-13,0.12406907274122127,0.12425441824785201,0.13302393609694282,0.12815190894944456,0.13515747367513403,0.3058635834600599
2022-01-14,0.12616984280371152,0.12635925114055313,0.12567746322407247,0.12647283314959448,0.12313717739999364,0.20604594520019337
2022-01-18,0.1202223481523066,0.12040031829399113,0.12247662025835539,0.1239075874132177,0.12290591245548843,0.2257122446537997
2022-01-19,0.11543691622168238,0.11560563819942705,0.12193264175974773,0.11972155731275236,0.1218594140446464,0.27000256565057223
2022-01-20,0.11018781869489445,0.11034640561384455,0.11641276935136367,0.11404301291907021,0.11737854684488505,0.2332577469162056
2022-01-21,0.105745826150954,0.10589584900957787,0.11208389837350617,0.10929147137914413,0.1069887064745729,0.4295037367905302
2022-01-24,0.10573436249273048,0.10588437385091161,0.10382125291164006,0.0954449312899987,0.10018356648077698,0.5643725877870883
2022-01-25,0.09973540170397653,0.09987381919906281,0.10131899331977738,0.10192802426605083,0.10143242585350304,0.39192352563264726
2022-01-26,0.1022998592398409,0.10244321552192313,0.10769776592624207,0.10367705646086006,0.10544497354545346,0.4550917790608336
2022-01-27,0.09756020537187461,0.09769442512288319,0.10734276229033536,0.10003323012161125,0.10734139902405387,0.3288105962060183
2022-01-28,0.10268912044360333,0.10283321776860387,0.10083227629057624,0.09782361551974225,0.09834495999526419,0.3083552381802
2022-01-31,0.11211116458144398,0.11227345559077499,0.11028593410447736,0.10806131302715621,0.10510962779668329,0.32281278288717985
2022-02-01,0.11298124311428477,0.11314521759690312,0.11392767837096525,0.11294695155751505,0.11622218903882292,0.2911709117464612
2022-02-02,0.11643866274501628,0.11660931530408329,0.11777555519010972,0.11681232316091439,0.12021161133910738,0.30810973792328916
2022-02-03,0.10903153155764621,0.10918788497160935,0.11353830474760433,0.11230564568345858,0.11248716810255507,0.21596692177946886
2022-02-04,0.11115520705937325,0.11131566818164286,0.11100740896028415,0.1114427834251761,0.10967722899999877,0.17769031975198252
2022-02-07,0.11349641860221822,0.11366139189320844,0.11413953379410995,0.11476595126735889,0.11198993358427764,0.19293139063101866
2022-02-08,0.11567161493432011,0.11584078596938806,0.11441438447865783,0.11347166343997289,0.11191476779047918,0.21609209233299242
2022-02-09,0.12481317135825994,0.12499999726521478,0.12297478302853267,0.12147642754719815,0.11921714230255248,0.2948755452007466
2022-02-10,0.11977015715297161,0.11994723002249809,0.12411997965213738,0.12291646620413899,0.12137374773612464,0.28721178788501184
2022-02-11,0.10903725244815281,0.10919361708137205,0.11969377618994818,0.11226483500638024,0.12091698541022403,0.35102249128128316
2022-02-14,0.11085756761255776,0.11101743438686958,0.1123816514615149,0.11215988373382824,0.10945752123740388,0.2368835436682718
2022-02-15,0.12361111709695895,0.12379559786659626,0.12194409842223246,0.11815908662457639,0.11532601118773256,0.41630273846892213
2022-02-16,0.12370267322227484,0.12388735537936295,0.12215596476688571,0.12263661838415141,0.12290013386453322,0.4389904199575803
2022-02-17,0.11223140172952913,0.11239389553063685,0.117592325040914,0.11455024404284489,0.11926339308588449,0.4928753059244399
2022-02-18,0.10727991083374115,0.10743289673982755,0.11301723957396616,0.10834116084714382,0.1137013338738595,0.45875422796393156
2022-02-22,0.1058374369692958,0.10598760652234455,0.10773784786267578,0.1077581464088489,0.10425971175677021,0.37035131432538954
2022-02-23,0.1000960475166008,0.10023513901864838,0.10825892395782254,0.10368289450049661,0.10869432817319957,0.3240790109728242
2022-02-24,0.10788669714001635,0.10804082854889956,0.10622618001917107,0.09545658512912084,0.09258053982135515,0.44115151376841516
2022-02-25,0.11022789774425616,0.11038655226046513,0.10861392759372927,0.1099794259699155,0.10822600866538862,0.29804561048998396
2022-02-28,0.11153300460491215,0.11169419526965739,0.11117919336850367,0.11188004703391613,0.10979286698617405,0.26239828163651163
2022-03-01,0.10633542790849908,0.10648657355022094,0.10953010018272503,0.10852772235377706,0.11152161407646671,0.21726565271602816
2022-03-02,0.11061212718963802,0.1107478720800507,0.10971333033192078,0.11017765243574634,0.1084283696272727,0.2017652505796918
2022-03-03,0.10771520168808056,0.10784583836469998,0.10923806996520434,0.11049247289317576,0.11135393568815896,0.18478977225183213
2022-03-04,0.10326100166076464,0.10338380660176709,0.10553906422930996,0.1047381451849734,0.10627755381250104,0.2306533695428924
2022-03-07,0.09419230728589646,0.09429914555027807,0.10183433562292747,0.09802184198557307,0.10299928417428847,0.24407358922067157
2022-03-08,0.09511978068009115,0.09522826147145577,0.09805515509265712,0.09405735714925836,0.09428038292902666,0.3178246325967634
2022-03-09,0.10370754833982933,0.10383115182435661,0.10290509124415283,0.10336806292299167,0.10051312261074666,0.27306405758675323
2022-03-10,0.1016693908533615,0.10178940495646778,0.10043145692623916,0.10124006967527949,0.10134570287779426,0.22833736852769693
2022-03-11,0.09847473839614716,0.09858912650720301,0.10247564660586679,0.10219620712684083,0.10418454596297172,0.18625170899298565
2022-03-14,0.0940663601859099,0.09417297350065346,0.09741956698020589,0.09702489385693339,0.09751816934701707,0.19879988409621674
2022-03-15,0.10347282774998119,0.1035960040543956,0.10186296089687645,0.09797520438893367,0.0954887701093759,0.27254816127223075
2022-03-16,0.11219227433881764,0.11233080950582454,0.11078981974514278,0.10876093257712521,0.10694823428219608,0.39663021506514057
2022-03-17,0.11373808520635252,0.11387933239474048,0.11219268752032256,0.11304023787086939,0.11053293465871236,0.2586791256318174
2022-03-18,0.12339646884760723,0.12355470704773179,0.12208152376450639,0.11722626797133473,0.11445874834710865,0.4376370565694832
2022-03-21,0.12500526420374053,0.12516631596146002,0.12541979207249743,0.12505611329097335,0.12433400739843259,0.3415171362637074
2022-03-22,0.12380298023173085,0.12396191656284146,0.12591223197218665,0.1256682845672245,0.12560599216282464,0.3105910193931372
2022-03-23,0.11870755916904839,0.11885753845397866,0.1223277382535967,0.12277071537458414,0.12213115118152848,0.279549413669316
2022-03-24,0.1331121379641641,0.13328744655491345,0.13210777442945562,0.12470630907602656,0.12236242715387899,0.5390597824245329
2022-03-25,0.1304899902246061,0.13066069631700353,0.132325363644597,0.13265859754697584,0.1323070623802009,0.3327268439662607
2022-03-28,0.13350715287424864,0.1336831809113569,0.13170695506511854,0.13227963649407282,0.13155543752575224,0.2265587018776275
2022-03-29,0.13600908534293193,0.13618949120940496,0.13569225722653694,0.13679215201116518,0.13698451195089115,0.27046521261359574
2022-03-30,0.13047853750498772,0.13064923209747809,0.13311555663229496,0.13401118793019887,0.13472384776874474,0.2528327617672423
2022-03-31,0.12816553662488944,0.12833217987386691,0.1316954984026338,0.1326527706274148,0.13170575808550383,0.2942932600843553
2022-04-01,0.12487930616514882,0.12504014391183546,0.12738954074974573,0.12680515660585803,0.12935258130884814,0.2900021922135617
2022-04-04,0.12858923255774318,0.12875659665740552,0.12774455530716103,0.12882238278153277,0.1256117817816251,0.20693666162526703
2022-04-05,0.12040794346631316,0.12056090488047357,0.1263760356764183,0.12419908907232738,0.12865298582868664,0.2342494296441215
2022-04-06,0.11168274317115458,0.11182036731928192,0.11481520384299489,0.11360576043040563,0.11523928821202375,0.41904404274608986
2022-04-07,0.11054343274913815,0.11067905394547568,0.11150557173046143,0.11054494852945176,0.11238887691709062,0.3181876963569837
2022-04-08,0.10430873408025483,0.10443335152366585,0.10693048626351355,0.10811961558299327,0.1093592300519394,0.2952206286604607
2022-04-11,0.09742702785386732,0.09753957064616346,0.09775167913416026,0.09994578184789346,0.09951288601108196,0.33009272994211036
2022-04-12,0.09506251708199931,0.0951709075564062,0.10007071949833578,0.09774199416558549,0.1013803964792159,0.3902928506867438
2022-04-13,0.0990644386011388,0.09917985104784609,0.0987823637404605,0.09875060725342286,0.09670294690852566,0.2898002596078773
2022-04-14,0.09365413884988484,0.09376003187578107,0.10036847258634456,0.09704821265525307,0.10119537129019734,0.3258673593231662
2022-04-18,0.09665987065711942,0.09677105225060896,0.09642324143985127,0.09655848453031252,0.09365017465170845,0.2958568546783705
2022-04-19,0.09903582321000064,0.09915117955989171,0.09805515509265712,0.09792855567221873,0.09665668509734832,0.2869220284268551
2022-04-20,0.09493658092061796,0.09504473550678162,0.09975578687735422,0.09726393099984257,0.10126475849304062,0.25662729672405843
2022-04-21,0.08749957640251461,0.08759463368635326,0.09816395516098204,0.09026777998045468,0.09659308751330553,0.3861096646189871
2022-04-22,0.08367514469094688,0.08376347311068406,0.08725016810249465,0.08735271890905566,0.08846392235298511,0.36432860520585025
2022-04-25,0.08589080292359164,0.08598302477262504,0.08415239141310586,0.08499735347763179,0.082098197884379,0.37598329768392985
2022-04-26,0.07951292885157094,0.0795939430327617,0.08325340927859148,0.08251371797533627,0.08508159396619823,0.38398937225930085
2022-04-27,0.07737742871764959,0.07745469560320271,0.07969755175545912,0.08029827645390622,0.07860601010237199,0.27770989061753343
2022-04-28,0.08520377100975163,0.08529478873117101,0.0846791903787407,0.08146429421042053,0.08073947911643284,0.32671796584711077
2022-04-29,0.078133187887805,0.07821174977923175,0.08520025555237888,0.08162170999917298,0.08325455569044111,0.2783841518865139
2022-05-02,0.08377819729030185,0.0838667167212577,0.0820280378606108,0.0808871178117622,0.07827645397240234,0.3279088149806332
2022-05-03,0.0841732231389916,0.08426244013856043,0.08346527562324475,0.0852130607021458,0.08324298748068547,0.26131393120598717
2022-05-04,0.08836407624671604,0.08846065264357791,0.08675772820280543,0.08298595422151817,0.0862668557548815,0.3810240057758258
2022-05-05,0.07983355030785938,0.07991511620572665,0.08403786847429283,0.08152259676625759,0.08594307821586698,0.36544753313734807
2022-05-06,0.07886597598709262,0.07894585363792832,0.08167302330319551,0.07854923313902151,0.07940389676799799,0.37026487057295615
2022-05-09,0.06899005630471997,0.06905253848340497,0.07447542151357528,0.07176880046422313,0.0753450982927156,0.3779811856901704
2022-05-10,0.07268278720997902,0.07275177302140534,0.07414904315161755,0.07292316438161534,0.0733503816286507,0.4589056774181948
2022-05-11,0.06715799307835692,0.0672172460192412,0.0716009678313245,0.0702588054123231,0.07137302279314198,0.3957623197907093
2022-05-12,0.06455302988752903,0.06460770304976025,0.06607536163094381,0.06442285078992624,0.06485118814598378,0.4224291800913815
2022-05-13,0.07331827641623379,0.0733883872575725,0.0726030162421672,0.07040455624187797,0.06814101496610671,0.39594903829596545
2022-05-16,0.07078777231083307,0.07085340547157006,0.07180137751349304,0.0733954117478727,0.0723096728366092,0.29291430934553786
2022-05-17,0.0760148285481931,0.07608969867896093,0.07513964582148405,0.07647371552758525,0.07557636323722079,0.33743906579890975
2022-05-18,0.06892133998700975,0.06898370940968918,0.07369096231787392,0.07198451880881263,0.07344289422315999,0.3093144180572009
2022-05-19,0.06998623507801971,0.0700504725391577,0.07122305087044832,0.0712265967030066,0.06900249921577545,0.3619752604896036
2022-05-20,0.0675244035359085,0.06758430888773026,0.06963694202456427,0.0655189121514814,0.07128629981743319,0.4434363950327345
2022-05-23,0.06869234028766825,0.0687543046886317,0.0668025702787472,0.06799088825461708,0.06516918709404312,0.3748235683012835
2022-05-24,0.06443279273944394,0.0644872631098984,0.06498169268474899,0.06566466298103626,0.06653368445294447,0.33932008185186036
2022-05-25,0.06913317701483146,0.06919591780145849,0.06792486449889101,0.0669472914092624,0.06370061995872217,0.4725001677008797
2022-05-26,0.07414843997879048,0.07422000261708003,0.0735420803131153,0.06707555036005858,0.06379312152538612,0.6214897785449373
2022-05-27,0.07964460778066924,0.07972585813128978,0.07805991523216518,0.07919055013315346,0.07622392934309516,0.4429343297186014
2022-05-31,0.07884880237696765,0.07892865730864015,0.07988651569665149,0.08064808066885296,0.08081464491023128,0.39156668582260223
2022-06-01,0.07683356126834177,0.07690983887980223,0.07904478411003507,0.07931880908394962,0.07933452059299999,0.30886698519460565
2022-06-02,0.08411599235671527,0.08420508622351086,0.08228570901218583,0.07976189961225078,0.07683679081970253,0.38088638732195185
2022-06-03,0.07912360201617745,0.07920394078608095,0.08064234961840384,0.08165085571705377,0.081404392023018,0.34639394700098963
2022-06-06,0.07950147613195259,0.07958246787409548,0.08067097489235285,0.08189571977952403,0.08173394815298768,0.224423195417513
2022-06-07,0.08030300242616074,0.08038541174564862,0.07874130815153822,0.07970359705641372,0.07787751063958936,0.20126180216551975
2022-06-08,0.07873397983844424,0.07879101010034935,0.07977199275783844,0.08172665015164948,0.0797681464993893,0.18351524556595417
2022-06-09,0.07529814207572327,0.07534985177136085,0.07835766832017396,0.07884657283776775,0.07792955104172183,0.20586752529517088
2022-06-10,0.06914799882484376,0.06919018569169576,0.07128031233985484,0.07201366452669339,0.07283581133750779,0.25405058135152386
2022-06-13,0.06154906466503027,0.06157949181521455,0.06334977903194314,0.06465022297363784,0.06358498197254689,0.350110336805606
2022-06-14,0.06263135213826869,0.06266345674354164,0.061941177464766725,0.06351917785456535,0.06202968634759447,0.2571155310378022
2022-06-15,0.0665882995822306,0.06662652147859816,0.06653344246468741,0.06651586028012113,0.06413424586511146,0.3222982696726963
2022-06-16,0.061285641175202604,0.06131566708772879,0.06123115381069043,0.06345504837916727,0.06277553261108794,0.3097210494686476
2022-06-17,0.06288331196987279,0.06291580631236117,0.06153462976918729,0.06302944972962482,0.061549798630027866,0.368215807865275
2022-06-21,0.06681163308409138,0.06685019408989291,0.06733508119336157,0.06932014871944492,0.0663313234910604,0.266388525248837
2022-06-22,0.06563198108618905,0.06566873406946604,0.06535388677513708,0.06799671517417813,0.0648916603383606,0.2346090356542444
2022-06-23,0.06485890610404141,0.06489447262500807,0.06491297455285773,0.06609026163057871,0.06658571382723162,0.2529662309209994
2022-06-24,0.07001839457723462,0.07006193675868315,0.06809091511511392,0.06875462615990866,0.06647586545985683,0.25882573423594446
2022-06-27,0.06854671463697165,0.06858797505324572,0.06917886119082067,0.07059694466807226,0.07117066183125792,0.22826959662578916
2022-06-28,0.06346738973180444,0.06350080421281189,0.0684459296725292,0.06662663291219645,0.06878857004413573,0.2512159178217281
2022-06-29,0.06094778047715814,0.060977286646334894,0.06053257589759033,0.06210829047554301,0.06250957406516108,0.26587885288448976
2022-06-30,0.058754584670240556,0.05878068530172634,0.059083897854734474,0.06031261512405662,0.05989043322865582,0.4067600397502952
2022-07-01,0.05511258701578377,0.05513305616030165,0.0561979820492447,0.05757245616013095,0.057219257503940774,0.3317545246388899
2022-07-05,0.05763793356884442,0.05766230583654136,0.055671188544364134,0.055607705620732216,0.053033258346650125,0.38278192592531124
2022-07-06,0.0585885147664716,0.058614361135910745,0.057663845085827614,0.05988701091447641,0.05786103399101464,0.2981839204938774
2022-07-07,0.06275732658476817,0.0627896287931662,0.06124832788290899,0.06338508642417037,0.06043970263514306,0.2731753971398875
2022-07-08,0.06264280485788705,0.06267492643263747,0.06177512684854382,0.06338508642417037,0.060289376561468794,0.25593436360455235
2022-07-11,0.058714494682273646,0.058740538655105715,0.05885485743786269,0.06133871453061488,0.0608444245589112,0.23473766395786527
2022-07-12,0.05831364949563077,0.05833906671932916,0.05830515606876696,0.060400063397774435,0.05935272651800158,0.24937224546982872
2022-07-13,0.05878322193858905,0.05880935678968072,0.05798450057729729,0.0579980548096734,0.05543269142056047,0.2932407209547263
2022-07-14,0.059974304778899395,0.060002291968773824,0.058545647687369196,0.05953137421993087,0.05842764468429003,0.24781764102606663
2022-07-15,0.0622075796351787,0.062239045429573384,0.06031498668244897,0.0637115718407974,0.06161340172799333,0.19920167465752714
2022-07-18,0.0641488593649129,0.0641832972053624,0.06669949308091032,0.06695895636846,0.06533107586355039,0.39600436229752284
2022-07-19,0.06925105142419874,0.06929341836312868,0.06791914162840293,0.06795007757753871,0.06639492107510321,0.4180295388675315
2022-07-20,0.07391804013798657,0.07396764757869011,0.07263165243762473,0.0716172227151072,0.06906031820886309,0.4582583865999736
2022-07-21,0.07530959479534165,0.0753613159908863,0.07383983340112404,0.07595483056468844,0.07448361404304682,0.31753556468862615
2022-07-22,0.07112359842831495,0.07116884653477228,0.07282632832779662,0.07357613521486939,0.0745298648263788,0.3034431583919249
2022-07-25,0.06943431681530299,0.06947694432780281,0.06799930550127034,0.070731041658505,0.06947659731454156,0.26476960665326443
2022-07-26,0.06662266867969088,0.06666093601545604,0.06682547268220809,0.06973409352986526,0.06872497246009292,0.20745186638977003
2022-07-27,0.07382071936774337,0.0738701579561607,0.07264883197059754,0.07227019354836126,0.06955176310834002,0.32633692178638435
2022-07-28,0.07493165504793547,0.07498278890287179,0.07381693099766316,0.07534267040851275,0.07500397395299024,0.260549768434476
2022-07-29,0.07595667892308207,0.07600940538571968,0.07441243717368065,0.07681185478333438,0.07406732390952302,0.23345068937163693
2022-08-01,0.07754861788864047,0.07760380703101896,0.07785950554999665,0.07854923313902151,0.07620079292358384,0.2618104641199646
2022-08-02,0.0780353420645134,0.0780912989002291,0.07838629359412295,0.07914390141643854,0.07585388999290331,0.2708407242741664
2022-08-03,0.08013693252239182,0.08019614273207097,0.07855807800234249,0.07940625735766746,0.0762123611333395,0.22147719233458296
2022-08-04,0.08198084225815952,0.08204289941576018,0.08031023746444946,0.08303842985779417,0.08005724146482748,0.21560316646922917
2022-08-05,0.08068667400267869,0.08074673156523418,0.08005256631287438,0.08249039917701656,0.07983174408343209,0.1992936508101163
2022-08-08,0.07383791485507868,0.07388735428544888,0.0743838118997317,0.07418830649112057,0.07226920064423238,0.611312928458459
2022-08-09,0.06978935112347241,0.06983253203762566,0.06984880836921753,0.07116830526724505,0.07082375890057742,0.3944456085536439
2022-08-10,0.07557871729846555,0.07563087829770518,0.07369096231787392,0.07462555897978512,0.07340242203078318,0.3454555136245727
2022-08-11,0.07469111512013421,0.07474190902314808,0.07706358969181058,0.07788459734656983,0.0759059303950358,0.2845334146596156
2022-08-12,0.07908328231750192,0.07914085476126868,0.07712657403170518,0.07833351479443201,0.07607359775549823,0.2629342329015987
2022-08-15,0.08093291294377622,0.0809933435547206,0.07968037222248632,0.08218140563914819,0.07920153580611389,0.2488072491039241
2022-08-16,0.0800567744236684,0.08011584943882974,0.07955440354269708,0.08152842368581864,0.08046774197955078,0.2443633486788283
2022-08-17,0.07694161281026178,0.07699586428280619,0.07695478962348565,0.07945290607438238,0.07817238419598274,0.24129217504237477
2022-08-18,0.07944979122250007,0.07950791762975776,0.07796829469681305,0.07967445133853293,0.076888831221835,0.2196106988320412
2022-08-19,0.07415858006578784,0.07420853839755459,0.07599282314907664,0.07726661027083312,0.07749591410748721,0.23768850789093154
2022-08-22,0.06949158041339483,0.06953429824285239,0.07048439648166878,0.07257918708622962,0.07219981344138908,0.21556236501808057
2022-08-23,0.07033337171325268,0.07037737782188537,0.06995187464554585,0.07260250588454936,0.06930315136312398,0.18817214339704585
2022-08-24,0.0705681251189163,0.07061252559184635,0.06961403962110338,0.07216525339588478,0.06943612512216475,0.2937545426191904
2022-08-25,0.07452507803218081,0.07457559032690288,0.07271181631049214,0.07180378422174044,0.06846479250512122,0.4652796939476234
2022-08-26,0.06505933416666544,0.06509520585811117,0.0725801138387063,0.06832902751036621,0.07432172527353957,0.46419810971717684
2022-08-29,0.062430929544947236,0.06246271804086814,0.06349865011519323,0.06558887410647829,0.06370061995872217,0.2754084121527468
2022-08-30,0.06052404078988369,0.060552880801937034,0.061786572589519986,0.062178252430539906,0.063353711514119,0.29895499876558324
2022-08-31,0.05838236034403839,0.05840789032347454,0.058929292979487735,0.06087813212355512,0.06002341250161927,0.3290574795629681
2022-09-01,0.05175691829039139,0.05177219659412477,0.05228711542945132,0.05103106062824179,0.05322983520365636,0.747552431593601
2022-09-02,0.05009626847642536,0.05010897134468009,0.05109037474617391,0.05290252485428614,0.05259962692633817,0.44623855571161536
2022-09-06,0.049054060052548615,0.04906515306297364,0.048845780845132,0.05150329687442367,0.05046615239835468,0.3028069323740152
2022-09-07,0.05050326662847926,0.05049323054245733,0.04918361586957448,0.05147414559650514,0.049494814267388484,0.2868362762244412
2022-09-08,0.05208421776513926,0.052076162498660775,0.050157039006468174,0.05160824258693789,0.04889350997269144,0.36443925320896503
2022-09-09,0.05435828268011665,0.05435306260608096,0.05282536013606233,0.05602164487111482,0.05292918305630784,0.26882485596741973
2022-09-12,0.055034195501796154,0.05502982348886873,0.053243359033372226,0.056441411041058466,0.05415492255129058,0.26712848376966686
2022-09-13,0.04716379797735126,0.04714957277513902,0.04966459910677895,0.05003410693956429,0.05087665842700066,0.42673615361262274
2022-09-14,0.04714661342862113,0.047132370976280466,0.046045757243751984,0.04894970497716899,0.04770824818400818,0.33929034520102325
2022-09-15,0.046006717791227836,0.04599105213290383,0.04571937342103996,0.04823259910847908,0.04632640953831868,0.2944211968379567
2022-09-16,0.04754757347061837,0.04753383744248664,0.04559912761173883,0.04722398602064173,0.0447479830077776,0.3961661850020781
2022-09-19,0.04860154636436094,0.04858912541328894,0.047036359913618514,0.049515227536705224,0.04630906273760785,0.3262739907346129
2022-09-20,0.04742156073900079,0.04740765992329167,0.04715087739167727,0.04978924287709401,0.04748276183045812,0.295246216011181
2022-09-21,0.04790845446325391,0.047895157262072205,0.05028873601749975,0.05009823641496238,0.047471199134625136,0.4908587460676737
2022-09-22,0.04389877200374266,0.043880476191299214,0.045238390183835464,0.046122097739525504,0.04664440297245537,0.4573068137731869
2022-09-23,0.043641014711395726,0.04362238904314657,0.04215779302741951,0.04512514405084802,0.04288625664452149,0.39101966975720376
2022-09-26,0.041991325379815175,0.041970633482797726,0.04243264371196738,0.04487444750877894,0.04329676267316747,0.3108233801996782
2022-09-27,0.043051024633366936,0.04303165903293314,0.04287354501273816,0.04513097653044682,0.04338926975375408,0.3153260623764287
2022-09-28,0.04490119672059742,0.04488414782638507,0.043371707782915464,0.045690666610384255,0.04282843765143385,0.30741473015372467
2022-09-29,0.04194549809343394,0.04192475472641438,0.041522204914968275,0.04331197682060294,0.04304814541402875,0.3007405809158474
2022-09-30,0.041481515277720135,0.04146019676582553,0.04228376716796299,0.04406406088677243,0.04096092718329991,0.3234752878058294
2022-10-03,0.04361810927215899,0.043599449664954895,0.042541438319538036,0.0442389629942458,0.04246418792004253,0.31091673945230625
2022-10-04,0.04736999615420519,0.047356043587575225,0.04564493787941491,0.048751478511338146,0.04554008556852572,0.3362993913668279
2022-10-05,0.047610579836427164,0.047596923467298935,0.04622326452245962,0.0472473103789992,0.045725105243621625,0.2830147708168658
2022-10-06,0.04715807708684466,0.0471438406653763,0.048141480061543784,0.05005742573788401,0.047511671327001945,0.3777751037843692
2022-10-07,0.04112065069299235,0.04109887694623997,0.04249562805186197,0.04375506734890406,0.043377707057921086,0.3973604918856979
2022-10-10,0.038795037601127125,0.03877036050310333,0.039369220627769944,0.04017537048505334,0.040671837731784385,0.41549362494614556
2022-10-11,0.038313881175288375,0.03828860074365592,0.03777738891139781,0.03944660521720359,0.037919717622315705,0.3939055079884401
2022-10-12,0.03782127749913383,0.03779536582554227,0.037141800798946564,0.039808074391347946,0.03802379291265799,0.2729589419837942
2022-10-13,0.04045619606023382,0.04043358575254802,0.0391058266057068,0.03670644625327794,0.034508474225062355,0.5201970640935474
2022-10-14,0.03625749450329621,0.036229641137767776,0.039294785086144896,0.038986028370181565,0.040787475717959654,0.42568223138295486
2022-10-17,0.04004376689071043,0.040020644127675614,0.038361443885684895,0.0408108549995865,0.037671100363177,0.3339425889004839
2022-10-18,0.040496291517503294,0.04047373239916864,0.04147639464729219,0.04139969635744246,0.04244684111933171,0.388290121830367
2022-10-19,0.040977447943342044,0.04095549215861605,0.0406633047168876,0.04265900042731114,0.03975831859390583,0.29407957112833993
2022-10-20,0.041796568983974436,0.04177563782902774,0.04306250349317625,0.0442389629942458,0.04111125325697418,0.38347416749479785
2022-10-21,0.04335460921209511,0.04333562493746913,0.04151075371323783,0.04296799952521726,0.041024524767342724,0.35380390545957996
2022-10-24,0.04411644477742531,0.044098416692831266,0.04272466846873378,0.043999931411374336,0.04339505385863192,0.29015571631788345
2022-10-25,0.04790845446325391,0.047895157262072205,0.0461030187131585,0.047498001361030516,0.044470461766017724,0.2818744048347645
2022-10-26,0.045817693224498884,0.045801788588896566,0.04660690435382389,0.0477545303826984,0.045482272089360745,0.30087197541954613
2022-10-27,0.04742156073900079,0.04740765992329167,0.04918361586957448,0.05016819836995929,0.049882194904368474,0.3355601243960175
2022-10-28,0.05119064310838231,0.05118146111434095,0.049252328540711446,0.04981256167541372,0.04684098534338427,0.2926335400376342
2022-10-31,0.0492602801066129,0.049248679027647776,0.04918361586957448,0.0511884708569565,0.05073789504915939,0.2686374459121441
2022-11-01,0.0495237692280716,0.04951250375513354,0.04968177863975176,0.0524827586843425,0.05092869331521045,0.2316229226701853
2022-11-02,0.047667870781031935,0.047654277382348495,0.05131369229255761,0.050687083332856105,0.05115418518268321,0.39746422438861795
2022-11-03,0.04882493455924761,0.048812798024583715,0.048857232046862445,0.04920040151923805,0.046488298307825915,0.27812827837931103
2022-11-04,0.05303508883580359,0.05302821779803016,0.05142248690012828,0.05352051749006064,0.05194050363855347,0.3559352626195777
2022-11-07,0.05386567353465953,0.05385982768796729,0.052470345578647035,0.055018864262876256,0.053339689084953804,0.2158860104271912
2022-11-08,0.05558983289027243,0.05558614443179466,0.05521310771062053,0.05654635119353494,0.0566526412967427,0.34398251208310776
2022-11-09,0.05085841579200304,0.05084881825228017,0.05131942062379999,0.05388198666420498,0.05295809255285165,0.24655832844061698
2022-11-10,0.06216569024666051,0.06217022182542799,0.06026345354428482,0.05847612353545408,0.05664686270578756,0.4169597109874159
2022-11-11,0.06547081167753858,0.0654794650558884,0.06379068033271393,0.0639272901853869,0.06246910187278425,0.38561036550493183
2022-11-14,0.06528749159340845,0.06529593909121426,0.06465531432279124,0.06649254148180142,0.06484540955502861,0.2973443787702443
2022-11-15,0.06741260005241342,0.0674237223012478,0.06727781972395504,0.06917439788989005,0.06775941843400456,0.3098088763211199
2022-11-16,0.0630821758119568,0.06308786258793948,0.06363607545746718,0.06620686674225279,0.0645216320160141,0.38150255838929703
2022-11-17,0.061747523778722765,0.06175154809079286,0.06308638500988,0.06423628372325527,0.06193717926700784,0.42392707743354724
2022-11-18,0.06021239992844403,0.06021450036054314,0.061574717166375276,0.061816783256395565,0.06338839960161799,0.27260071907371025
2022-11-21,0.05968542168552661,0.05968685637514198,0.05856855555158437,0.06158357859308517,0.058653136551762755,0.21220558122358713
2022-11-22,0.06381536317033332,0.06382197738577683,0.061895372657844935,0.06182844265555542,0.05969963496260476,0.2593188093998245
2022-11-23,0.06657057904184688,0.06658063178307404,0.0645808733204119,0.06722713922925,0.06415159266582228,0.22776683976163659
2022-11-25,0.06514430525166591,0.06515255977316073,0.06435182744278582,0.06795007757753871,0.06542358845805968,0.04844307886367266
2022-11-28,0.06260674027662463,0.06261183493825478,0.0636074501835182,0.06534401004400803,0.06373530253229848,0.14236041235744562
2022-11-29,0.0615298674129479,0.061533607589260825,0.06117389234128391,0.06414883544953745,0.06258473434503686,0.13865577890316017
2022-11-30,0.06890953723202578,0.06889768400668522,0.0668884570221027,0.06459775289739961,0.06183310397666557,0.32324016079921053
2022-12-01,0.07012420370509372,0.07011355856396999,0.06880666710043258,0.07064942030434823,0.06936097035621161,0.2580124714130511
2022-12-02,0.06864026158842942,0.06862812169986635,0.0669056365550755,0.06954169398359547,0.06739516870261322,0.18914238807435824
2022-12-05,0.06711618572937755,0.06710254912828284,0.0672606511124908,0.06969910977234792,0.0675108066887885,0.1759102700018741
2022-12-06,0.06354666727281123,0.06352948117033666,0.06484426734247505,0.0658920407247856,0.06664932243911975,0.1762138604604202
2022-12-07,0.06430871614094236,0.06429227292569879,0.0626283041761364,0.0650058596681834,0.06226674091090019,0.1898332465438059
2022-12-08,0.07031902026326291,0.07030855968731035,0.06831423812225192,0.06670825426635318,0.06516340850308797,0.2887719247289297
2022-12-09,0.069356433946456,0.06934502922927474,0.07062754469443079,0.07263166272250562,0.07029183078087833,0.2541128208532759
2022-12-12,0.07241603838417812,0.07240766047024873,0.07036987354285573,0.0715939039167875,0.06958067811880651,0.24857350519734417
2022-12-13,0.07549280549342002,0.07548749897965165,0.077538850058527,0.07692263297544741,0.0782186349793147,0.3863724536263846
2022-12-14,0.07321243447255917,0.07320486129289835,0.07445825290211103,0.07522606529683867,0.0750733501279882,0.275931223967464
2022-12-15,0.06907570558324129,0.06906400270293042,0.06912159972141416,0.07102838135725126,0.0702108863961247,0.26324404731032
2022-12-16,0.06689273190285984,0.06687886557784731,0.06752404513455393,0.06933764059820358,0.06858043049129649,0.26302966680428513
2022-12-19,0.06507645308376453,0.06506079132125327,0.06505039989513167,0.06779266178878623,0.06689215559338063,0.17714399523660346
2022-12-20,0.06410816775366139,0.06409152875345493,0.06333832236945841,0.06608443471101766,0.06395501029489338,0.21118277874479524
2022-12-21,0.06649166794411344,0.06647739911164113,0.06515347709296854,0.06754195968667942,0.06424410526033157,0.1570793629717841
2022-12-22,0.0598339077814765,0.05981302842476657,0.06235345349158854,0.06042921467569295,0.06412846727415629,0.32306519864428535
2022-12-23,0.05907188625985833,0.05905024213897482,0.05777836256388638,0.06043504715529175,0.05893644189840044,0.17388471999485489
2022-12-27,0.05285530192114504,0.05282748456492707,0.05640984839389797,0.055613532540293296,0.05823106782728381,0.25381130504478827
2022-12-28,0.0523682824029324,0.05233998722614654,0.051611445380566376,0.05461075193205473,0.051599379298828144,0.17508801702872767
2022-12-29,0.055616944223199,0.055591876541557395,0.05402209535858549,0.05661048622897078,0.05434572081734165,0.1777553254538124
2022-12-30,0.055679977935520736,0.05565496803594007,0.05371289106884626,0.05664546442645036,0.05395255607548384,0.14702768343882927
2023-01-03,0.053966828286016594,0.05394012098120855,0.055814342217880425,0.055846737203603704,0.05694173074825824,0.20981143505619193
2023-01-04,0.056453474053967626,0.056429224010827644,0.05499551849547918,0.056692107583127545,0.05529971214759702,0.23059043849112087
2023-01-05,0.05368035715508494,0.0536533623451015,0.05334070243921246,0.056149903821911006,0.05486029662240724,0.2014374558704644
2023-01-06,0.05708371272973832,0.057060106137232086,0.05589450609074785,0.0554852735894971,0.05476200543694279,0.2124165039795246
2023-01-09,0.06148976101707326,0.06147052156444853,0.06188391599536021,0.06193921528763071,0.05944523911251087,0.2810092757604111
2023-01-10,0.06309977055838101,0.06308213047817675,0.061345671288749196,0.06386898762954984,0.06073457067761376,0.19793337192182442
2023-01-11,0.06362687459525794,0.06360976899400751,0.061723588249625386,0.06439952643156877,0.06265990013883534,0.17662256652192526
2023-01-12,0.06654896435802081,0.0665347530266907,0.0652107276408665,0.06398558718118619,0.06416316087557794,0.31363522257883153
2023-01-13,0.0687720389649743,0.06876003679839442,0.0668426522151809,0.06790926690046031,0.06519231248570911,0.2416296514518747
2023-01-17,0.0733728709946629,0.07336544787938083,0.07145781961856248,0.07218857219420452,0.06878279145318056,0.2857609159441698
2023-01-18,0.07151077035848893,0.07150149486640345,0.0722880836211856,0.07442150559439323,0.0732231864605651,0.23633030365269808
2023-01-19,0.06800428014494177,0.06799150746369917,0.06841730439858024,0.07120911594432341,0.06957488850000601,0.24553345131176668
2023-01-20,0.07415782530203074,0.07415118448250502,0.07219075113685396,0.07175714662510102,0.06943034653120958,0.32301125774276696
2023-01-23,0.08191563723271053,0.0819167273661356,0.08014418684822655,0.0775464580908207,0.07551854424413317,0.38538630329862444
2023-01-24,0.08232816484968049,0.08232965805186726,0.08157569081886386,0.08338823407274087,0.07993003526889654,0.2754582037541485
2023-01-25,0.08266049061350633,0.08266230638349842,0.0808599388335452,0.08198900609287837,0.08042726978717397,0.24318563899567575
2023-01-26,0.08540494289752756,0.08540949656127016,0.08541784476752026,0.08605843108166963,0.08498330278073378,0.27084625667432216
2023-01-27,0.08863068287064965,0.08863844649848934,0.0880632634936535,0.086798861308717,0.08360145862112163,0.30722662854842964
2023-01-30,0.081738038039087,0.08173893351122419,0.08526896276276161,0.08531217393506124,0.08642296593343358,0.27020726445633453
2023-01-31,0.08388664262200816,0.08388965609944939,0.08267508263554676,0.0841461561785469,0.08191318372320576,0.27671198393944235
2023-02-01,0.09194238934184318,0.09195343277785324,0.09129273173331957,0.08799986282274866,0.08492548378764614,0.3890612001020728
2023-02-02,0.0963312312032376,0.09634663546707035,0.09562732558166522,0.09434886992844355,0.09249381684564634,0.32253339667931513
2023-02-03,0.09284192553842056,0.0928538662719358,0.09445922655459961,0.09486774377126486,0.09249381684564634,0.22923638355300424
2023-02-06,0.09277889729540145,0.0927907802471235,0.09345716722224835,0.09485025189250618,0.09137215264100586,0.24502516204745833
2023-02-07,0.0989897388663978,0.09900780024183815,0.09740239836874161,0.09697241822065739,0.09470245165350563,0.3916012633235756
2023-02-08,0.09917309176634344,0.09919132620651226,0.10094679922938925,0.10197466186269027,0.10051312261074666,0.31933497783927967
2023-02-09,0.0999293978667576,0.09994838038254135,0.10175989462054814,0.10262764381601983,0.10177933981202889,0.29459477589284294
2023-02-10,0.09378730542928698,0.0938001785224017,0.09636597997044476,0.09499601384213655,0.09648323914593077,0.3131705009657496
2023-02-13,0.09678384880817445,0.09679972373856338,0.09619420648373377,0.09587635685910223,0.09560440809555118,0.26073856158979053
2023-02-14,0.1035619336277379,0.10358453983487016,0.10192594523677108,0.09823172229052607,0.0958356730400564,0.3994323757440214
2023-02-15,0.10237590442301843,0.10239733676553979,0.1008150967576034,0.10254602246186306,0.1014497726542139,0.22315696733186863
2023-02-16,0.09800997893946588,0.09802707345451438,0.09906866016598452,0.10150242561650838,0.0990445554754257,0.21724490621544412
2023-02-17,0.09449204694490557,0.09450562183228464,0.09443059035914206,0.09595215129369791,0.09614211480620544,0.25449317336398286
2023-02-21,0.090292256996753,0.0903016772175044,0.09302198879196563,0.09387079564262507,0.09249381684564634,0.21585419912629572
2023-02-22,0.09085948930671495,0.09086946237995579,0.09078884609265417,0.09272225864479394,0.09079976335677532,0.2872007230847004
2023-02-23,0.10753251604305057,0.10755906878945216,0.10673007658134502,0.10790389723840377,0.10660133135151556,0.7054577819086365
2023-02-24,0.10536674878860962,0.10539113893279799,0.10435950853975963,0.10744915287098053,0.10535825056974465,0.340126429174559
2023-02-27,0.10659859981040772,0.10662422075851173,0.10668426085291464,0.11040502461945795,0.10793113510899527,0.24557632741297364
2023-02-28,0.10496568482986322,0.10498967246659181,0.10636933915344164,0.10895914792288056,0.10620816660965773,0.24762953942077154
2023-03-01,0.1019977677807191,0.10201880967752532,0.10311123471831805,0.1048897229340893,0.10516744678977091,0.2504393071498665
2023-03-02,0.10552717437210819,0.10555172551928048,0.10382125291164006,0.10444663240578819,0.1010970911325782,0.20160826872527277
2023-03-03,0.10882738436926266,0.10885523663997819,0.1067987837917277,0.10851605739457942,0.10590751446230923,0.21749870507258856
2023-03-06,0.10690227736727985,0.10692819760218848,0.1087914348724369,0.11059741304565224,0.10920890949218781,0.2348123513599677
2023-03-07,0.10540086629815092,0.10540261409146422,0.10808713954960299,0.10916320130827245,0.10752641318522713,0.28856307662305064
2023-03-08,0.11051825208002498,0.11052419946875593,0.10851659510939761,0.11023011695194684,0.10687306848839762,0.2874697360422731
2023-03-09,0.10624900198901034,0.1062514367194007,0.1099710014834958,0.1099910798090376,0.11085092257892637,0.27895260600251587
2023-03-10,0.10354992303925557,0.10355012529801229,0.1052355882708131,0.10616069196315558,0.10642209578129752,0.26070190943875876
2023-03-13,0.10355564392976217,0.103555857407775,0.10335172633692029,0.1036595757021769,0.1026234772609868,0.2240663556074679
2023-03-14,0.10984203844670319,0.10984743858596817,0.108625384256214,0.11043999725689979,0.10692510889053009,0.26073233763961534
2023-03-15,0.11078756053943688,0.11079376177557483,0.10900902408757825,0.10985699393868034,0.10845727360989385,0.2950166214047179
2023-03-16,0.11831175667939124,0.11832415688924443,0.11646429702877355,0.11297027035583473,0.1099952279480581,0.3356569413987429
2023-03-17,0.11936620540245894,0.11937944486004672,0.12110810062761267,0.12331290801572517,0.12129858194232618,0.5191210122632565
2023-03-20,0.12036901297049483,0.12038311102556219,0.11896084467165673,0.12017630168017557,0.11917667011017569,0.23157451416882258
2023-03-21,0.12208246890094386,0.1220979526107233,0.12106801869117893,0.12163967025551164,0.12244337153863263,0.3108683309509435
2023-03-22,0.12362395901943456,0.1236407433898765,0.12792206258586866,0.12663024893834693,0.12385989827182112,0.48367769066552707
2023-03-23,0.12776715262441096,0.1277873340896072,0.12740672028271854,0.12927130022939493,0.12784932057210555,0.3229573168412485
2023-03-24,0.12540618596061964,0.12542440310961267,0.12550567881585292,0.12731820352911832,0.12736365426358376,0.24690825275046735
2023-03-27,0.12398499862184513,0.12400206320946207,0.124549435211932,0.12737650608495535,0.12624199005894332,0.18197585522262033
2023-03-28,0.12329162231700351,0.12330809505824535,0.12176086827303671,0.12437399673983851,0.12398710446775205,0.1785720460268031
2023-03-29,0.12658093746340354,0.12660013102027684,0.12499605938319087,0.1287290964681784,0.12617261388394535,0.20456741125857264
2023-03-30,0.1288674231645573,0.12888850081679284,0.12740672028271854,0.13167330325745824,0.1285084438598902,0.18438936479056062
2023-03-31,0.13112524972015221,0.13114819912535444,0.12932493036104842,0.13169079513621687,0.12799386254090198,0.23239469249191064
2023-04-03,0.13220259294385145,0.13222642647434843,0.13027545109448124,0.13303755859987887,0.1301273425828081,0.20804037545633658
2023-04-04,0.1292685636935399,0.12928996728299902,0.13027545109448124,0.1328684778519288,0.13276960329705667,0.18720812266990866
2023-04-05,0.12599067938954794,0.12600940647963377,0.12453797854944727,0.12755141375246648,0.12619573927561134,0.2884669511703447
2023-04-06,0.1268846587746964,0.1269041078639536,0.1250075160456756,0.12773797525909972,0.1247792015145775,0.2073059493356625
2023-04-10,0.1299905882053352,0.1300126178613109,0.12810529273506438,0.1291488681981598,0.1261610456741897,0.20566351803942806
2023-04-11,0.12764107426116228,0.12766116203998262,0.12907299300147002,0.13181322716745203,0.13137042336457902,0.1497164299145175
2023-04-12,0.12377870746684723,0.12379559786659626,0.1272292130040109,0.12786040729033488,0.129323677326227,0.24091873803186248
2023-04-13,0.12359531081248086,0.12361206096278134,0.12390239043699604,0.1271666257800024,0.12564646435520144,0.17685077802834942
2023-04-14,0.1252858394264828,0.12530396316975081,0.12387948803353514,0.1265311357054315,0.12431666059772173,0.20592699859684505
2023-04-17,0.12668408851020507,0.12670337463085052,0.12458379427787762,0.12777295901661703,0.12466935314720273,0.15462159420259786
2023-04-18,0.13049489071972453,0.13051731699895,0.13090531633644437,0.133159990631114,0.13026610596064936,0.35056606826843484
2023-04-19,0.1320077326312616,0.13203142535100804,0.13027545109448124,0.13243122536326424,0.12927163692409455,0.1803396478765611
2023-04-20,0.1272685928777385,0.12728836706173083,0.1304472355027008,0.1310786349800412,0.13106398159843,0.22809325137082503
2023-04-21,0.12735454843720478,0.12737439246473478,0.12559729935120506,0.12945786173602816,0.12690689193768315,0.1709643042626452
2023-04-24,0.1269132960430449,0.126932779351908,0.12664515256896955,0.1291605220372819,0.12725958448716415,0.166938791599327
2023-04-25,0.12232315103061238,0.12233883249044704,0.1259637596495965,0.1265602925433878,0.12763539140046581,0.19407867211331464
2023-04-26,0.12642047906408943,0.12643954443379435,0.1264390200163129,0.1293587485031127,0.12719598690312134,0.21331067815469562
2023-04-27,0.12796772288890224,0.12798806732271029,0.12738381787925765,0.12889233917649193,0.1292832051338502,0.19313401478672254
2023-04-28,0.1309647913208381,0.13098761253887198,0.1288897519307657,0.131492568670386,0.12848531846822422,0.13439029838308691
2023-05-01,0.1376179463306963,0.13764624564641342,0.13633357913098484,0.13562613425465087,0.13204110383427403,0.3267193489471497
2023-05-02,0.13360656291808032,0.13363155910607005,0.13506240290608237,0.13739265832821876,0.13689778897518234,0.21081625723447767
2023-05-03,0.13126851263213096,0.13129157844340797,0.13237690224351542,0.1338304533431267,0.13204110383427403,0.19743960520792492
2023-05-04,0.1298931908648558,0.12991511729964073,0.12946807857381043,0.13247786295990366,0.13094834361225471,0.1548836916599759
2023-05-05,0.13629992097732851,0.13632713841769575,0.13459858828034213,0.1353404595151022,0.1319601594495204,0.18229950063173095
2023-05-08,0.13899899992708326,0.1390284388999434,0.1372611865394482,0.13894930209683368,0.13598426432338112,0.17087855206023123
2023-05-09,0.13567528286740743,0.13570198840105402,0.1358468621017837,0.1395323165351286,0.13816399514861924,0.15005598097407585
2023-05-10,0.13747468341871755,0.13750286632835992,0.13664851175196643,0.13959644601052668,0.13877685662522662,0.18773231758466474
2023-05-11,0.1357153947325847,0.13574213504767466,0.13571517055150642,0.13834296886021907,0.13814664834790844,0.1550904651157966
2023-05-12,0.13435153662353305,0.13437714906257364,0.13474174741461273,0.13717693998362926,0.13602473651575794,0.12194654733279532
2023-05-15,0.13786434935087144,0.13789285763589987,0.1358239596983228,0.13779493817944147,0.1359033199386275,0.13557284891637572
2023-05-16,0.13935430770038204,0.13938402660976623,0.14098310560031205,0.14175942301575625,0.13782864939984907,0.24309435439310612
2023-05-17,0.1448842320378313,0.14491855361193037,0.1428669566126963,0.1452458335662526,0.1421245024384372,0.23142790556469556
2023-05-18,0.15348007238818867,0.1535214439648312,0.15219463482529969,0.15043463871491872,0.14690024319459188,0.45008910622000836
2023-05-19,0.15110760925035832,0.15114704876531124,0.1507745875171471,0.15390939542629292,0.15341050963199443,0.26003940452010926
2023-05-22,0.15060333955178457,0.15064234962767215,0.15043102962221655,0.15253348624475016,0.14973908627976937,0.18956492513625267
2023-05-23,0.14780684138433997,0.14784353764461355,0.14910259192790756,0.15224781150520153,0.15031148659184526,0.1786750869797037
2023-05-24,0.14694725297386219,0.1469832507971516,0.14520317650984463,0.1474379562893629,0.14574388538852978,0.43120564138843887
2023-05-25,0.18959389925111464,0.18966505423002464,0.19601011080498426,0.18725185204023417,0.1938077126605352,1.0
2023-05-26,0.19512959917209632,0.19520531334195151,0.19423503801790784,0.19258641913853064,0.1901478575180658,0.42634957715174066
2023-05-30,0.20180567055979648,0.20188689676682542,0.21008465889275507,0.20657289425774536,0.2057875477711441,0.5708862974204493
2023-05-31,0.18875722721847876,0.1888277067607544,0.20067680588577572,0.19417220862502635,0.19938711867327097,0.6256425364118374
2023-06-01,0.19985159813130993,0.19993117530194054,0.19927393811059596,0.19719222096897734,0.1936111302896063,0.37204630342310346
2023-06-02,0.1973129666422641,0.1973904504670346,0.20185064962634652,0.20137823994936718,0.2029082214657445,0.2661409503418678
2023-06-05,0.19641897631851046,0.19649576002185554,0.19649681691267679,0.19933187917588724,0.19603948388790585,0.20622713130529374
2023-06-06,0.1934562769840349,0.193530618403411,0.19417778747000988,0.19607282968902698,0.1955827325898505,0.20113386541191836
2023-06-07,0.18672218723448586,0.1867687416852958,0.1961189108733092,0.19145537401945814,0.19607417748932746,0.28638054476161234
2023-06-08,0.19265395217164893,0.19270473515366618,0.19248287855580087,0.19232407431737722,0.18918808208293258,0.22121855262730228
2023-06-09,0.19414400896860612,0.19419591506667333,0.1973328147072966,0.19851566563431963,0.19677954053259877,0.22809601757090292
2023-06-12,0.19822456812034966,0.19827940880245098,0.19629640723050834,0.1988129942129904,0.19772198019486648,0.20111450201137326
2023-06-13,0.20705053484638164,0.20711171481555002,0.20529199513217442,0.20535440086495504,0.20342280278473274,0.3563723222318809
2023-06-14,0.21836949720066873,0.2184388669071717,0.2161656893327196,0.21008843940604693,0.20711157293766866,0.4443769030592099
2023-06-15,0.21639801051274343,0.21646592723471716,0.2178205163104949,0.21938749134065821,0.21739155391276072,0.3255388730639193
2023-06-16,0.21662148621647143,0.2166896107851527,0.22029415062840857,0.222384173766214,0.222294489837001,0.3857638896092535
2023-06-20,0.2230174418028466,0.22309014580540074,0.22183445466737084,0.2224599682008097,0.2196811331053736,0.24430318382713467
2023-06-21,0.21864460312082346,0.21871413944547177,0.2196871987114149,0.21899688756870858,0.2225893523655491,0.31376938328260817
2023-06-22,0.2185299884157984,0.2185994534936542,0.21860496458468767,0.21989472246443292,0.2153737008291845,0.22119434837662094
2023-06-23,0.2138533627908512,0.21391947029004849,0.21507200946501623,0.21861791539573008,0.21659366724713475,0.17998004186643818
2023-06-26,0.20481536214210444,0.20487496682432085,0.21481434923494974,0.2074532261546355,0.2165763094185786,0.3433117085642246
2023-06-27,0.21194488246873466,0.21200962758154704,0.2100961046337312,0.20948212840958333,0.20696701994102687,0.25192544814170137
2023-06-28,0.20759501485757925,0.2076565715389505,0.2095521479781407,0.2098902351803671,0.20616335468444577,0.3352323296867901
2023-06-29,0.2059043002872894,0.20596465839284028,0.20814925835994377,0.2103682872260345,0.21135537454627895,0.19545278200199584
2023-06-30,0.21438635726661498,0.21445284091564196,0.213588977816969,0.21562123297017433,0.21206075964524093,0.27887722705039397
2023-07-03,0.21502248091196985,0.21508945515180916,0.2155816288976782,0.2197081498377242,0.2169000869575931,0.06937975570304013
2023-07-05,0.21447237845771228,0.21453888819692749,0.2171791834845384,0.21902602216651385,0.21469145214973384,0.15610635209439383
2023-07-06,0.2132458764138448,0.2133115384809765,0.21146463518598252,0.2147175711548889,0.21300897789846382,0.14225045590435031
2023-07-07,0.21553830177760863,0.21560562944811446,0.21739106075070028,0.219579890886928,0.21577264416199748,0.17841783037246195
2023-07-10,0.21368716162382018,0.2137531515938033,0.21508347704900949,0.21648408410838127,0.21770955286082005,0.1770534021840533
2023-07-11,0.2149767137879171,0.21504357639542585,0.21477999016900406,0.21892109313411287,0.21669194740475387,0.13855896190043476
2023-07-12,0.2235561462305118,0.2236292704190385,0.22151952204638925,0.22306047451786326,0.21988349406725768,0.2651354366135626
2023-07-13,0.23544833525039682,0.23552993978287426,0.23423126245239695,0.233059134882368,0.22846942155347866,0.26301030340374004
2023-07-14,0.23253687234256154,0.23261643090885734,0.24529966530763964,0.2363706488854287,0.24040876241602016,0.4662367991745659
2023-07-17,0.23822212487349775,0.23830579050945963,0.2361838315966724,0.23754833160114064,0.23870893033619395,0.285336304232217
2023-07-18,0.24414240427522693,0.24423031975830453,0.2442002625694482,0.24030014996422616,0.24109101109547082,0.3259136931744705
2023-07-19,0.2417525159393526,0.24183871729035558,0.2437536383981893,0.24617690970366368,0.24550250212023422,0.2279473343167175
2023-07-20,0.23282912999563093,0.23290892165472707,0.23956792655460235,0.2363823027245508,0.23996934689083038,0.3042688691151687
2023-07-21,0.2258887600296891,0.2259635080327971,0.2325764573176387,0.23077371472582775,0.23581224620223817,0.5988027886062984
2023-07-24,0.22762526360124213,0.22770129993529062,0.2282418634692931,0.23042392163095654,0.2297009230976486,0.19683726514096905
2023-07-25,0.23374038143835085,0.23382083030747589,0.23439159019813172,0.2355719161025443,0.23091511092464367,0.17302374022061828
2023-07-26,0.23243943124766142,0.23251891940804634,0.23364722386037268,0.2338636945848135,0.2371594077882741,0.18419642233512928
2023-07-27,0.23500696253158,0.23508832667004745,0.24133153175768546,0.240393425157505,0.24003873409367366,0.2476385295710246
2023-07-28,0.23987842659190667,0.23996328911871198,0.23922435773816325,0.24407223525427113,0.2409002073154971,0.16134553504187682
2023-07-31,0.23975805818055945,0.23984284917885015,0.2398141410436927,0.2448010005221209,0.24139745286161984,0.10592540803180024
2023-08-01,0.2384857671354289,0.2385696207065158,0.23849716001186838,0.24200837148195703,0.23969759872610302,0.09679902242489248
2023-08-02,0.22565950874242863,0.22573411425088033,0.23242757531288005,0.22661685258339426,0.2360608800031449,0.298928028314824
2023-08-03,0.22706934180903132,0.22714497899236472,0.228293391146703,0.2290246825310186,0.2243180994558417,0.1564922370052565
2023-08-04,0.2280150279808426,0.22809130218197135,0.23129381350874295,0.23248195848370962,0.23116950126081492,0.18310999725454646
2023-08-07,0.23223883910595977,0.2323181861749433,0.23070977491671874,0.23347306857271283,0.23189800072359762,0.1550939228658939
2023-08-08,0.22792329683784396,0.22799954466920466,0.22900342026153353,0.23051719682423544,0.23040630819661062,0.17700845143278793
2023-08-09,0.21583058130788835,0.2158981420722658,0.2236782237433214,0.2193116969060625,0.22705865135555475,0.3378671352609599
2023-08-10,0.2148792508158066,0.2149460867728964,0.21945242996330072,0.21756849163081435,0.2148360051463756,0.27303847023603295
2023-08-11,0.2060934068935571,0.20615392740641791,0.2105427506480072,0.2105956705298217,0.2124712601599643,0.3009632600221158
2023-08-14,0.22270223495611985,0.2227747047421985,0.22074649767015553,0.20868339562669894,0.20515732846598062,0.40967561463236857
2023-08-15,0.22377395573675918,0.22384719998142968,0.22915230226629218,0.2284999706485607,0.2287122547077396,0.4001502046642283
2023-08-16,0.22117201160095962,0.2212434000608523,0.2257567615673861,0.22672760853535628,0.22848097873538903,0.297067067212438
2023-08-17,0.2203582012531397,0.22042900290891446,0.22224671977268412,0.22436641618437142,0.22530101131048624,0.2451620889513128
2023-08-18,0.22010029082032034,0.22017090482162102,0.2194753214452531,0.21654822470385487,0.2175823356370438,0.3360130896587685
2023-08-21,0.2411220803686887,0.24120783516395114,0.23944193603179598,0.23148499923499438,0.2283306471477921,0.41125718952688994
2023-08-22,0.23367733131812135,0.23375773334352282,0.24586653528819963,0.23796226529148545,0.24938205399745317,0.45463120674786855
2023-08-23,0.24197601352029097,0.24206240084079114,0.24021496040802975,0.23723350002363575,0.236263240965029,0.47105759436027134
2023-08-24,0.24224536573412359,0.24233194126932847,0.25777091409504505,0.24860806956968323,0.2614139184823493,0.7317705685993415
2023-08-25,0.2356832746123484,0.23576508755283523,0.24367919739580995,0.23616074634032475,0.2428891453886068,0.5722279044582155
2023-08-28,0.24036556643477625,0.24045078098792214,0.23895522992410345,0.23536786271715243,0.23982479389418865,0.406152858833203
2023-08-29,0.251535544986578,0.2516288107125868,0.2509855992537552,0.2441305266900327,0.24088865013358673,0.4173594268986679
2023-08-30,0.2542864729248629,0.2543817330001213,0.25582979069174566,0.25598899744145964,0.25463768247117446,0.44074004150683216
2023-08-31,0.2548080474968238,0.2549036394061893,0.2547819374739812,0.2590964580591285,0.2565803697609522,0.29784091168422167
2023-09-01,0.2499594669985235,0.25005160539657567,0.2551025929654509,0.25433906735949036,0.2587890045688115,0.2530699634239195
2023-09-05,0.25018298645667225,0.25027528894701123,0.24966861822193093,0.2526949864372331,0.24989085672548633,0.19693200749363604
2023-09-06,0.24168301204206977,0.2417469597775889,0.24793935024177627,0.2452324372112999,0.2511512953358133,0.2564170655181404
2023-09-07,0.23698313094252033,0.23704404813493232,0.23531349657912415,0.2369070146070087,0.23429166072047541,0.23197768783017192
2023-09-08,0.23314869040721736,0.2332071445103596,0.23681369683863557,0.23760079611734114,0.23670265649021877,0.2594591940537763
2023-09-11,0.23089045912323097,0.23094746808007952,0.23427706725931868,0.23200971111745228,0.23789368584201187,0.26007951442123833
2023-09-12,0.2291250557568052,0.22918099375049075,0.23147133170895917,0.2332864959460041,0.2297413952900254,0.17383631149349216
2023-09-13,0.2326500431517035,0.23270818842162402,0.2329429176160302,0.23312325323769062,0.22894350862439944,0.20779072589930897
2023-09-14,0.2332002768692233,0.2332587772547872,0.2332692959779879,0.23678458257577356,0.23674890727355075,0.1882489054492067
2023-09-15,0.2235654221677003,0.22361780619951302,0.2310475990196526,0.22907132012765802,0.23322780448107733,0.2828073058110257
2023-09-18,0.22394372288907727,0.22399632234838682,0.2232774043789843,0.21853046712201227,0.21823569136171864,0.2782707376833213
2023-09-19,0.22138743649127873,0.22143840118419264,0.2216970184035884,0.22437224310393244,0.22450890323581546,0.1903007343569657
2023-09-20,0.21404524780283346,0.21409152109605642,0.22133628097568497,0.21983058186895935,0.2231617416497796,0.18618186244101947
2023-09-21,0.20704121515477242,0.20708303238845485,0.2110122663012184,0.21258373986754012,0.2114999275429207,0.24401480746901683
2023-09-22,0.2104400804320014,0.2104840550099635,0.21109817488759106,0.21404709732280067,0.21143631893103257,0.26372398302383016
2023-09-25,0.21394780670793334,0.213994031473527,0.2135088139441016,0.21373226574529572,0.21154617832625272,0.22213070710297944
2023-09-26,0.21216529536301365,0.21221036081465008,0.21513500472641936,0.21651906786589864,0.21391670190361925,0.21050644282575637
2023-09-27,0.21535777103779818,0.21540489621501138,0.2154327687359367,0.2163675012368582,0.21581891700102013,0.240003125806088
2023-09-28,0.21891710565294648,0.21896650542300247,0.2187194875235007,0.21920094095410048,0.21657053082762343,0.22598402381145027
2023-09-29,0.22126706807993152,0.22131796124433079,0.22271625726891242,0.22615043213669794,0.2244742096343938,0.2074276621390887
2023-10-02,0.2286206766721796,0.22867630555199245,0.2286197695086607,0.22938032478560194,0.22564790321332145,0.231955558229549
2023-10-03,0.2213702191267331,0.22142118297662292,0.22836210927859424,0.22579478988211465,0.23014611721379358,0.2579246445605788
2023-10-04,0.22437358819524977,0.2244264712416881,0.2227105343984243,0.22606298386298013,0.22398276473491685,0.1825256374880967
2023-10-05,0.22808195036730405,0.2281371809383547,0.22704512824676998,0.22953774057435433,0.2257635411994967,0.2044214942044651
2023-10-06,0.23423767230682302,0.23429685795716057,0.23213555601686797,0.2303423002767998,0.2265903428755891,0.2327425421517026
2023-10-09,0.2314348953800079,0.23149230292519848,0.23108195808559828,0.23233619653407928,0.23034269958472248,0.2156190721196769
2023-10-10,0.23444399627763646,0.23450332330002635,0.23482676862841445,0.23653389159374222,0.23304857993870454,0.187201207169714
2023-10-11,0.24022148312740932,0.24028446229167696,0.23826239126375426,0.24214245735231427,0.23817121259769441,0.19380896760572247
2023-10-12,0.24101816361952494,0.24108166311432658,0.24255690317566614,0.24377490667560037,0.2415304266206606,0.265168631014497
2023-10-13,0.23251245737581067,0.23257053027419242,0.23973397717082523,0.23765326063354164,0.24258848221341295,0.260182555374139
2023-10-16,0.2361463276466223,0.23620670066566204,0.23463208181673395,0.2355077755070707,0.23162047396791502,0.1917080386465813
2023-10-17,0.22378325355115797,0.22383573576190427,0.2262091304521502,0.2213289230817372,0.22547445726190385,0.49407721985827374
2023-10-18,0.21379880102823762,0.21384490910656997,0.21741969694615781,0.2175102001950528,0.21732794530087263,0.3661134958060949
2023-10-19,0.21325429913982963,0.21330007426145103,0.2178663211174167,0.21784251253124087,0.21859994109310996,0.27893600880204866
2023-10-20,0.20916192629449698,0.20920509442786644,0.213130907904734,0.21315508934663746,0.21327492541654536,0.2623616294854799
2023-10-23,0.21826372088862517,0.21831267297926557,0.21758574756238072,0.21237968648214822,0.20945318150456868,0.26323574871008637
2023-10-24,0.22220702242263107,0.2222585304458932,0.22015671436462608,0.22255909255380057,0.22013788440342888,0.2099400633598128
2023-10-25,0.2114087376746805,0.21145330663862105,0.21988760839358343,0.2159360645476792,0.22199382666180717,0.20780732309977618
2023-10-26,0.20308069625622083,0.2031199785925391,0.21190553648675328,0.20617061440652262,0.21306100727275096,0.3064375699762176
2023-10-27,0.2040780126444588,0.20411791264829182,0.20589322417868003,0.20695767111013394,0.20888079222033812,0.22053530120806875
2023-10-30,0.20786659854686756,0.20790891563819966,0.20909977909337663,0.20967450571570212,0.20863218047512208,0.20064908884827187
2023-10-31,0.2056828372869135,0.2057237785131166,0.20402081890727194,0.20238102611764347,0.20494918891314134,0.2905097899278506
2023-11-01,0.21453820698365622,0.21458476695331083,0.21262128847207196,0.21193659595384712,0.20745846484050381,0.2349257655631603
2023-11-02,0.22130716900650355,0.2213581078909514,0.22122748090736005,0.2237426021890736,0.22158910473803906,0.21527122245988495
2023-11-03,0.22989885268689442,0.22995526613408954,0.2293870491713893,0.22857576508315647,0.2255900952480791,0.22594737166041856
2023-11-06,0.23417464406380384,0.23423376099320756,0.2329715538114877,0.23543198107247504,0.23290402694206275,0.2094352318456018
2023-11-07,0.23534389344818457,0.2354037677332497,0.23459199988030027,0.236941998364526,0.2354133249251159,0.16962408032491788
2023-11-08,0.23889174252789896,0.2389538908434338,0.23830819607067605,0.2416643830664958,0.23761615908632927,0.17208184909410407
2023-11-09,0.24104682276508377,0.24111034554142177,0.24611274977728997,0.2462235473003031,0.24551983789309972,0.30608833721638673
2023-11-10,0.248985099803943,0.24905367134082299,0.24749844894100548,0.24933100791797191,0.24571064167307344,0.2236203058449116
2023-11-13,0.2506186054691669,0.25068821963274285,0.2511860089359237,0.254088376377459,0.2504516888278065,0.1979575761725058
2023-11-14,0.25655651790243844,0.2566299452108759,0.25529727977713135,0.25957453234494693,0.25831489544220004,0.22065286471137818
2023-11-15,0.2521546481622804,0.2522252783021333,0.25601875463293805,0.2546772288553905,0.25978925219632154,0.2611382775010425
2023-11-16,0.25554778161039765,0.2556205469355977,0.25352795170356013,0.2554351509611965,0.252527349876625,0.1672665863085544
2023-11-17,0.2545046324664758,0.25457673412346166,0.2546273325987345,0.2593821327986771,0.25741292797230914,0.15720384197528814
2023-11-20,0.2608724102059199,0.26094860859489605,0.2593856591363866,0.26039657280607553,0.2561872050190944,0.21869301195620833
2023-11-21,0.25820724093220804,0.25828171171036557,0.2592081409361704,0.26063560994898477,0.26089355857240587,0.3235506667579513
2023-11-22,0.251168795432266,0.25123880846590607,0.25816601058889405,0.2517038541080789,0.2593093644787549,0.554302236403608
2023-11-24,0.24578111671651426,0.24584767172093622,0.250069437586268,0.2520245126051449,0.25131896269627574,0.13607007338037258
2023-11-27,0.2484520615737585,0.2485203007152295,0.24783055017345135,0.2514823199640039,0.24744516735432126,0.205928381696884
2023-11-28,0.24603902714933362,0.24610574792994813,0.24664528253492146,0.25043872311864923,0.2499660225192848,0.2099594267603579
2023-11-29,0.24786743688156815,0.2479352973452084,0.2491589987892689,0.2526949864372331,0.2507928241953772,0.19648388308102133
2023-11-30,0.24001511540217518,0.24007799694881113,0.24542563398742884,0.24431127239718037,0.2487402775103793,0.29623444098899954
2023-12-01,0.23998650001103705,0.24004931452171593,0.24021496040802975,0.24294119013519866,0.24007342769509532,0.18770949643402235
2023-12-04,0.23279333887949782,0.23285155680053674,0.23378463828113805,0.236079124986168,0.23748318532728857,0.23489118806218695
2023-12-05,0.2388693402645003,0.23890801208705045,0.2367793377726899,0.23760079611734114,0.23395052535290478,0.18936990803076292
2023-12-06,0.23277614339216252,0.23281141015391613,0.24128572695076367,0.23842283657846974,0.2440628389675344,0.19550533980347534
2023-12-07,0.23904136076948446,0.23908006289305841,0.23694541023193,0.2395422278584201,0.23530346552989578,0.17491997037399715
2023-12-08,0.2442575440333004,0.24429914883202028,0.24331273709741852,0.24505751842371326,0.24047814961886343,0.18072968208754053
2023-12-11,0.2392190037175287,0.23925784580882906,0.24211025716139017,0.24085984560420137,0.24565861229878633,0.284810726217422
2023-12-12,0.24512309398359866,0.24516517872838575,0.2428832815376239,0.24211914967407006,0.23730396078491584,0.18983255499378643
2023-12-13,0.24759364359403446,0.24763707448957586,0.2481970323148599,0.25122580206241146,0.24645649896441224,0.2419788842117056
2023-12-14,0.24909542657573935,0.24913969674382688,0.24863218890212546,0.2501413945399784,0.25085641075157467,0.20286481511064458
2023-12-15,0.2521907674365687,0.2522367425216588,0.2528350912001938,0.2542108084086942,0.2497231893650239,0.26421636663769077
2023-12-18,0.2589947767503972,0.25904449799615725,0.2587271576989659,0.2602158493390789,0.25669600774712753,0.2176328657763652
2023-12-19,0.25628346844005667,0.2563317223552434,0.2545300001144028,0.25872916196542306,0.2568347600971234,0.2534945751358723
2023-12-20,0.24772545378639488,0.24776897864896322,0.25624207764007606,0.25408254945789804,0.2581703424455583,0.2074719213403346
2023-12-21,0.2527639941021666,0.2528102816721544,0.2510657631266226,0.2559540136839423,0.2532905429408293,0.1400672324928926
2023-12-22,0.25184683581265205,0.2518926409096429,0.2527148453908927,0.25623386150392996,0.2555107349305989,0.1069295386600665
2023-12-26,0.2544205364698894,0.25446775840312524,0.2539573854203376,0.2591081118982506,0.2541982669459847,0.10118483264835303
2023-12-27,0.25521159451894493,0.2552592271160121,0.25441547717558977,0.2598368771661004,0.25733778423420134,0.09388759684293586
2023-12-28,0.25581345845289133,0.2558614268153214,0.25558357620265537,0.26174332514966203,0.25810097729840564,0.10283556254482108
2023-12-29,0.25581345845289133,0.2558614268153214,0.2562306318990999,0.2578896185054603,0.25908386709735953,0.2015238996228978
2024-01-02,0.24805216804576585,0.24809588393169088,0.2522109488287187,0.2511500076278158,0.2557940402772366,0.2167110296004155
2024-01-03,0.24461864926734206,0.24466046865160593,0.2458493448337183,0.24954671514248594,0.24562391869736466,0.15422395294140429
2024-01-04,0.24707773521955428,0.24712090019327057,0.2476587766867403,0.2506427765040411,0.24725436357434755,0.14429260311183678
2024-01-05,0.2533772779399158,0.25342394559098913,0.25365392038334933,0.25529521593112725,0.25127271191294376,0.2193285464240986
2024-01-08,0.2714678275822924,0.27152441674196987,0.26927449538057047,0.26213395116176263,0.2573435628251565,0.37663612090230686
2024-01-09,0.27655222253095824,0.2766115985215445,0.28101282357119295,0.27502434267927117,0.2740470872619423,0.46694563794451976
2024-01-10,0.28348808579156787,0.28355125815543025,0.28258746483308367,0.2855127311687165,0.2810719350183331,0.3014549520859569
2024-01-11,0.2861935966411656,0.2862583016865814,0.2868590852630433,0.2859266870992123,0.28906811539176747,0.34499701596166604
2024-01-12,0.2855516317806472,0.28561595534065154,0.28470610643659927,0.29041588381798494,0.2868768163567737,0.17642132546626033
2024-01-16,0.2951357313541575,0.29520531552977963,0.29538511382546395,0.2937390516601678,0.28917797478698753,0.24321537564651285
2024-01-17,0.2932498939447535,0.29331842313861056,0.2933008531309112,0.2928062330069261,0.29686193480331774,0.2603754978295703
2024-01-18,0.29929148247787496,0.29936337044903577,0.29976551248073136,0.30077599111648307,0.30214067764085967,0.27230888496549516
2024-01-19,0.31295684127386003,0.31303624625222304,0.31064495139478177,0.3072940678500525,0.30635558629469417,0.30816644502488544
2024-01-22,0.3138911731734995,0.3139710833440227,0.31540327793243395,0.3180506503203633,0.3182660342024598,0.24554935696221442
2024-01-23,0.315146465626188,0.31522711548706883,0.31299261703290626,0.31522303752268205,0.31549656729228026,0.13607629733054777
2024-01-24,0.32368159671782337,0.3237669088760166,0.32982137299362674,0.32311119651823317,0.31974039095658124,0.3197637388513493
2024-01-25,0.32514325689574597,0.3252294063619286,0.32907700665586764,0.3284282606176955,0.3315698724239025,0.26617276164276327
2024-01-26,0.3217842518957751,0.3218685303870406,0.3237174510717099,0.3268133365333945,0.3235332198580914,0.20222651444267642
2024-01-29,0.3300041105090527,0.33009290459106766,0.32776000378102627,0.32876059519403455,0.32510585676983206,0.17347463083331088
2024-01-30,0.3317752894590109,0.33186508915213764,0.33350893298854495,0.33664873194943473,0.334749861904496,0.21635211514031205
2024-01-31,0.3246274141528968,0.3247132320656233,0.3265002951401171,0.3275537556403664,0.32630846535922603,0.24613025897856683
2024-02-01,0.33322555161034095,0.33331612241852415,0.3317796868514074,0.33309237612405473,0.33012443068024755,0.18759124138069344
2024-02-02,0.3511842035515157,0.3512847112883991,0.3512996554236744,0.34498580839284804,0.3409594651667047,0.2618858430720865
2024-02-05,0.3693664843368909,0.36947693995214653,0.3678879416088097,0.36547870640651015,0.3655377533997944,0.4026162720336481
2024-02-06,0.36300957957099095,0.36311652970023756,0.36935950567286363,0.3602024529841262,0.37366112894131437,0.4047137432426919
2024-02-07,0.37376297228330274,0.3738758747511263,0.3720278486454749,0.3677815850815825,0.36608124972924916,0.2750232187919036
2024-02-08,0.3711376195324284,0.37124912451321646,0.3753145674330389,0.37859648122780576,0.37622823488960977,0.2189018600620874
2024-02-09,0.38542216901295734,0.3855414182232827,0.3832794488853877,0.38300986127183173,0.378882063813614,0.23426464374454975
2024-02-12,0.38608128560639043,0.38620096089850076,0.3971707777454713,0.3890615397988558,0.3908329839137564,0.3567194803416534
2024-02-13,0.3853935098673985,0.385512713917906,0.3905228554819297,0.3795584567190037,0.37811311421414523,0.34902252862498423
2024-02-14,0.3955507485976653,0.39567561325752976,0.3950235217895154,0.39307268447196103,0.39431363656954377,0.2814836790737656
2024-02-15,0.3884314230510583,0.3885523948415475,0.3935290225574749,0.39576618915913403,0.3981700740829421,0.22284369517305003
2024-02-16,0.3881735344954493,0.38829431863253566,0.3959740425229482,0.3963550193969145,0.39950563437568626,0.2748517143870758
2024-02-20,0.3700543913391449,0.3701651869327413,0.38196821256706864,0.36856283710578375,0.38705749078511176,0.41973559276555694
2024-02-21,0.35870480089036744,0.35880935241402445,0.36440079129606007,0.3598992752457434,0.3642715361985122,0.3982436012605574
2024-02-22,0.4221362408962638,0.4222757530291192,0.4198686868799945,0.40637700967981444,0.4048537864717622,0.5305682397354959
2024-02-23,0.42373550872728954,0.4238758867841812,0.4417363429334031,0.4259079099621276,0.4381856695515354,0.5058716054402856
2024-02-26,0.4253118929962889,0.4254530921001923,0.4317273045659524,0.4313590599319471,0.4318835206112814,0.28083085585538864
2024-02-27,0.4230705290414826,0.4232105682426373,0.4250507679499703,0.4235292368524595,0.43003913553481343,0.2031919182698525
2024-02-28,0.41712067165135985,0.41725740032326036,0.42191861035161876,0.4233135073877945,0.4198574788287218,0.20416354604720383
2024-02-29,0.42542648582410364,0.4255677780520099,0.42797100459612575,0.4304553981166617,0.42837979770305473,0.2831240357199416
2024-03-01,0.4435800199550786,0.44373134616694365,0.44119813099131777,0.43678107530396143,0.4336180683482199,0.263654136471864
2024-03-04,0.46053555804727253,0.46069624699302164,0.4720899674558157,0.46175734311683503,0.45749675007330276,0.35803757467875774
2024-03-05,0.46472596267218486,0.4648657661318032,0.46293979652192,0.4599966348427527,0.46408796089545895,0.29235622847982784
2024-03-06,0.48040973477229665,0.48055743848554683,0.48370804983713706,0.48106086009536103,0.47999942136895524,0.3351500352344735
2024-03-07,0.5031615084835337,0.5033206965108452,0.5011323119738751,0.4960559260622622,0.4923492406905293,0.35285302418281267
2024-03-08,0.4736913747369894,0.4738357302923339,0.5276609620806041,0.4780058639938927,0.5211424596331441,0.7222444670811817
2024-03-11,0.4636367838776861,0.4637760964415653,0.47840002193038916,0.4643633995302902,0.4707890531685259,0.40143095530028144
2024-03-12,0.49882789563966845,0.4989848586758184,0.49651142170000545,0.47593036862260746,0.48015553154750734,0.3943155971499841
2024-03-13,0.4929521144837917,0.49310620818335676,0.49390035111830927,0.4892521745891441,0.497535504017098,0.37193565541998874
2024-03-14,0.47607607817401076,0.47622160065052005,0.48898746339144455,0.4785539057947458,0.4889900707789445,0.3488413425198838
2024-03-15,0.4754626849502097,0.47560791485340387,0.482688810971813,0.4765542048580563,0.47368571524679104,0.37634290369405277
2024-03-18,0.4790053053766504,0.47915232773210675,0.49905949702029845,0.481381518592427,0.49367906650369964,0.394938683717524
2024-03-19,0.4844109452820997,0.4845606826846463,0.48840338111338605,0.46928403293824184,0.4723558894336206,0.39714818602972146
2024-03-20,0.489994271890014,0.4901468205529565,0.48763612329367473,0.48801620043767063,0.49026202245980055,0.26360434487046236
2024-03-21,0.49608773128887595,0.4962433787295279,0.5004509408975192,0.5007375223273045,0.504733819780597,0.2645095838459448
2024-03-22,0.5124479467330182,0.5126118338443408,0.5126473390003766,0.5032386497083587,0.49803272750753025,0.338053853766216
2024-03-25,0.5165351346794979,0.5167010596898812,0.524030652633584,0.5188400711520255,0.5142216926810184,0.31413797944298416
2024-03-26,0.5025424271850416,0.5027012786039662,0.5217917870637843,0.5129632891724369,0.525264844664624,0.28752160229373314
2024-03-27,0.48929490122953634,0.48944710935283625,0.5038407150399028,0.49326331926224926,0.5094285940963076,0.33760296315352345
2024-03-28,0.4899025626242256,0.4900550630401899,0.4927322739342607,0.493671426033033,0.49143573809441876,0.2332791849668091
2024-04-01,0.489942685428008,0.49009518780852895,0.49802881241399827,0.49373556662850665,0.4931645072404022,0.24519390025220833
2024-04-02,0.4847204640541354,0.4848703916380858,0.48582669144065255,0.484500655289369,0.48246242445729515,0.23179373552499366
2024-04-03,0.48192311267548715,0.48207154683760495,0.487429968898001,0.4890481434439032,0.482670586065825,0.18822815894862271
2024-04-04,0.4643876972457489,0.4645273966295501,0.4889187452595533,0.4743562107350829,0.4937831252522741,0.2331083721120007
2024-04-05,0.47644295899158484,0.47658867445814995,0.47659063376340144,0.47462442695609935,0.47331566486875387,0.20870564657506396
2024-04-08,0.47142708346573603,0.4715703217522911,0.4785890077145987,0.479323503979825,0.4839194233828604,0.12816911440796058
2024-04-09,0.46122910936979694,0.46136725388776517,0.47174642048239374,0.4576937561676804,0.4766459859369442,0.2792589626611398
2024-04-10,0.47088824777480875,0.4710311971386533,0.47040080325511197,0.4616990294409225,0.4563172999591107,0.23100882625289848
2024-04-11,0.49139296945654853,0.49154619919663384,0.48951995246304186,0.48045454909889745,0.476518768713168,0.23080689364721407
2024-04-12,0.477463268327901,0.47760951507467203,0.48629050606639285,0.4839759211667601,0.4896954117665251,0.2274653239531489
2024-04-15,0.4649379965948997,0.4650779854627133,0.4887984776072351,0.4746419077147826,0.48622058181307426,0.2387182258699181
2024-04-16,0.47304359053851774,0.4731876518366413,0.47451205225330245,0.4754289866585449,0.47081216753234656,0.188495097256137
2024-04-17,0.45366821420948,0.45380248799380074,0.47827407509361713,0.46310407322027053,0.48183798374308673,0.2749021975384969
2024-04-18,0.4573139200510911,0.45745007884823274,0.4634723292795515,0.45407906442623686,0.4623534572699018,0.24161097960134909
2024-04-19,0.4087550451855184,0.4088666855447065,0.4527875553341644,0.4144575682216354,0.4518306431405488,0.5375515118320751
2024-04-22,0.4277750043552056,0.42789628355600573,0.42844626496284216,0.4190866777303263,0.4226558166379865,0.3447079480535288
2024-04-23,0.44442758683846895,0.44455720753840694,0.443883598889359,0.44161426043819524,0.43806423091871427,0.23559380288196557
2024-04-24,0.4286865839560809,0.42880821408703607,0.45140187801346604,0.4353118909291398,0.4564560302534159,0.2865257702657005
2024-04-25,0.4456257141405121,0.44575591858382585,0.44705581658112714,0.42971497900968986,0.42707308625370505,0.225968809711022
2024-04-26,0.474878038380809,0.4750229333616643,0.4757317226438122,0.4598217382953171,0.45569285924490227,0.31335998567108364
2024-04-29,0.475004138621268,0.4751491272895704,0.4737905773974957,0.4707765249913077,0.4775305955782789,0.20130122051662935
2024-04-30,0.46723676634966516,0.46737783041789555,0.47852601245319554,0.4768048958400876,0.47547804889328116,0.18383128392485065
2024-05-01,0.4479701635104889,0.4481016204171099,0.4623843722823362,0.44739189582464184,0.46297211939315497,0.3194815864434067
2024-05-02,0.46388329628391295,0.46402270843105176,0.46374143525059414,0.458731481613172,0.4593411351497707,0.19364368715106983
2024-05-03,0.480919911317665,0.48106790255037096,0.4811714202578203,0.4811191737712736,0.4786522597829195,0.20778104419903642
2024-05-06,0.5001290208480407,0.5002867476969663,0.4980001980615579,0.49286686633058757,0.48790885671099016,0.19247150986807304
2024-05-07,0.49103750854277717,0.49119063336509267,0.4954864599641933,0.49261034842899515,0.49778411576231407,0.23475218650827406
2024-05-08,0.4902235888089055,0.4903762362131548,0.49212530017425,0.49499484845822433,0.4884465744494897,0.15756068178533322
2024-05-09,0.4806791307405499,0.4808270226706473,0.49142671680039557,0.48806286027446105,0.49449428894219116,0.19372321540330856
2024-05-10,0.4871624857822744,0.4873135830938992,0.49331058965579694,0.49386963025871283,0.4931991787861332,0.16420232817229552
2024-05-13,0.4901490312760318,0.4903016750296763,0.491003005954106,0.4898002163899971,0.4941994043579525,0.13263652753371824
2024-05-14,0.4956349605434667,0.4957903232754571,0.49474209362643423,0.4921614087409821,0.48911724389133937,0.1373577395166204
2024-05-15,0.5144027192322359,0.514567533430944,0.5131283222375812,0.5076986895891751,0.5057282667614613,0.221192965276582
2024-05-16,0.5128492622796836,0.5130133003105469,0.51860812363104,0.5222973026244144,0.5198242351132655,0.15633732980089582
2024-05-17,0.5020723296890349,0.5022309830640442,0.5124297388637267,0.5089055291428433,0.5166962970626499,0.18105263594663173
2024-05-20,0.5152625373534224,0.5154278312175468,0.5150637009273753,0.5184319643812415,0.5131173642492434,0.15274956829990033
2024-05-21,0.5187363758305218,0.5189034150225339,0.5162089303155056,0.5169161201696295,0.512244311789819,0.15979093059811472
2024-05-22,0.516237035811265,0.5164028149559672,0.5197590322036243,0.5173184000208523,0.5229984018915225,0.31172585297508276
2024-05-23,0.5669628921164531,0.5671541709335698,0.578737013268295,0.5655393174900205,0.5609788305593647,0.5097975349008006
2024-05-24,0.5822683197407673,0.582467305260158,0.5796245387403246,0.5741679178326945,0.5749764746421685,0.22932490195549599
2024-05-28,0.6248712115973192,0.6250917547779815,0.6280895630323535,0.6142966674012217,0.6084818477847406,0.383702379001222
2024-05-29,0.6301679905040657,0.6303911121319032,0.6312560141675992,0.6202317185764208,0.6247054845039597,0.31780734384627674
2024-05-30,0.6053754668569342,0.6055861291169976,0.6331284412820245,0.6130140334129578,0.6339563028410754,0.2674009544773369
2024-05-31,0.6004054897184004,0.6006136770458037,0.6153663550423526,0.5971386133090155,0.621641110953851,0.3564103574829516
2024-06-03,0.631171148107467,0.6313948001757002,0.6284388328762636,0.6266564978765603,0.6280068685059931,0.23547831402871455
2024-06-04,0.6394085741206559,0.639636348830734,0.6376004495511355,0.6385616062246269,0.6401196773756428,0.21122703794604114
2024-06-05,0.6738200258601752,0.6740651503281885,0.6710919108563536,0.6585181385167088,0.6554702616354375,0.2977247312809512
2024-06-06,0.6655539407014275,0.665794897367778,0.6890601514916992,0.6634853872811489,0.6882933199314869,0.39197884963420465
2024-06-07,0.664923395744712,0.6651640152413736,0.6667573388510251,0.6617480311656128,0.6635589215198452,0.21749386422245232
2024-06-10,0.6700939869021579,0.6703372224239522,0.6748195527877054,0.6558479415077801,0.6670280169937223,0.1490636758511425
2024-06-11,0.665106464240923,0.6652902091692797,0.6735025935988984,0.6659340279058515,0.6751224554690849,0.08621360458691298
2024-06-12,0.6897003428180739,0.6898944370728007,0.6964638858339759,0.6882634063880407,0.6825809401597105,0.1394932459767349
2024-06-13,0.7149822159063202,0.7151869557134793,0.7131838854124057,0.7150236901532409,0.7191795356957857,0.11259851994464833
