,open,high,low,close,adjclose,volume,ticker,adjclose_15,true_adjclose_15,buy_profit,sell_profit
1997-07-29,0.11822900176048279,0.125,0.1166670024394989,0.12395799905061722,0.12395799905061722,96288000,AMZN,0.090454005,0.10833299905061722,0.0,0.015625
1997-08-06,0.11041700094938278,0.11562500149011612,0.109375,0.11249999701976776,0.11249999701976776,24864000,AMZN,0.06197433,0.11588499695062637,0.0,-0.003384999930858612
1997-08-21,0.10677099972963333,0.10859400033950806,0.10364600270986557,0.10572899878025055,0.10572899878025055,12480000,AMZN,0.07436072,0.18437500298023224,0.0,-0.07864600419998169
1997-09-03,0.1171879991889,0.12083300203084946,0.11562500149011612,0.1166670024394989,0.1166670024394989,39288000,AMZN,0.09556723,0.21875,0.0,-0.1020829975605011
1997-09-05,0.12916700541973114,0.1333329975605011,0.12291699647903442,0.125,0.125,38160000,AMZN,0.094200574,0.20833300054073334,0.0,-0.08333300054073334
1997-09-10,0.16562500596046448,0.16640600562095642,0.15625,0.1651040017604828,0.1651040017604828,77328000,AMZN,0.09560148,0.20104199647903442,0.0,-0.035937994718551636
1997-09-15,0.18333299458026886,0.18385399878025055,0.15260399878025055,0.1546880006790161,0.1546880006790161,111672000,AMZN,0.107535325,0.20624999701976776,0.0,-0.05156199634075165
1997-09-17,0.17291699349880219,0.17499999701976776,0.16666699945926666,0.1703130006790161,0.1703130006790161,52152000,AMZN,0.103453405,0.2002599984407425,0.0,-0.02994699776172638
1997-09-22,0.20000000298023224,0.2338539958000183,0.19739599525928497,0.22499999403953552,0.22499999403953552,338760000,AMZN,0.17594711,0.20000000298023224,0.0,0.024999991059303284
1997-09-29,0.20729200541973114,0.20937499403953552,0.19791699945926666,0.20208300650119781,0.20208300650119781,47424000,AMZN,0.121169366,0.19114600121974945,0.0,0.010937005281448364
1997-10-06,0.20000000298023224,0.20624999701976776,0.19713500142097473,0.20624999701976776,0.20624999701976776,40560000,AMZN,0.1538175,0.21354199945926666,0.0,-0.007292002439498901
1997-10-17,0.1807290017604828,0.18281300365924835,0.17604200541973114,0.18125000596046448,0.18125000596046448,50688000,AMZN,0.14499739,0.22395800054073334,0.0,-0.04270799458026886
1997-10-21,0.19791699945926666,0.22187499701976776,0.19270800054073334,0.22135399281978607,0.22135399281978607,241920000,AMZN,0.16779411,0.19739599525928497,0.0,0.0239579975605011
1997-10-31,0.26822900772094727,0.2729170024394989,0.2484380006790161,0.25416699051856995,0.25416699051856995,100536000,AMZN,0.16699359,0.22447900474071503,0.0,0.02968798577785492
1997-11-05,0.24895800650119781,0.25598999857902527,0.24375000596046448,0.24375000596046448,0.24375000596046448,61872000,AMZN,0.2040013,0.21302099525928497,0.0,0.030729010701179504
1997-11-17,0.2114579975605011,0.2270829975605011,0.2109380066394806,0.21875,0.21875,147888000,AMZN,0.11229516,0.234375,0.0,-0.015625
1997-12-02,0.21302099525928497,0.21510399878025055,0.20885400474071503,0.21171900629997253,0.21171900629997253,25248000,AMZN,0.17628609,0.23125000298023224,0.0,-0.019530996680259705
1997-12-03,0.2098959982395172,0.21875,0.20937499403953552,0.2182289958000183,0.2182289958000183,25800000,AMZN,0.17753373,0.23020799458026886,0.0,-0.01197899878025055
1997-12-12,0.23229199647903442,0.24010400474071503,0.22031299769878387,0.2270829975605011,0.2270829975605011,53448000,AMZN,0.1851693,0.24192699790000916,0.0,-0.014844000339508057
1997-12-16,0.23229199647903442,0.23229199647903442,0.22291700541973114,0.22291700541973114,0.22291700541973114,33744000,AMZN,0.17877778,0.23072899878025055,0.0,-0.007811993360519409
1998-01-08,0.2348960041999817,0.23515599966049194,0.2265630066394806,0.23072899878025055,0.23072899878025055,120312000,AMZN,0.1912435,0.24583299458026886,0.0,-0.01510399580001831
1998-01-21,0.24687500298023224,0.2583329975605011,0.24375000596046448,0.25364598631858826,0.25364598631858826,174768000,AMZN,0.18084218,0.2645829916000366,0.0,-0.010937005281448364
1998-01-27,0.24088500440120697,0.2432290017604828,0.23333300650119781,0.23749999701976776,0.23749999701976776,82080000,AMZN,0.15501286,0.25364598631858826,0.0,-0.016145989298820496
1998-01-30,0.25,0.25312501192092896,0.24427099525928497,0.24583299458026886,0.24583299458026886,74448000,AMZN,0.16758676,0.27031299471855164,0.0,-0.024480000138282776
1998-02-04,0.25312501192092896,0.2593750059604645,0.25260400772094727,0.25312501192092896,0.25312501192092896,24696000,AMZN,0.17972253,0.3031249940395355,0.0,-0.04999998211860657
1998-02-18,0.2572920024394989,0.2572920024394989,0.25260400772094727,0.25364598631858826,0.25364598631858826,59424000,AMZN,0.17392059,0.3317709863185883,0.0,-0.07812500000000006
1998-02-23,0.2645829916000366,0.27083298563957214,0.26041701436042786,0.27031299471855164,0.27031299471855164,79560000,AMZN,0.2065002,0.32916700839996343,0.0,-0.0588540136814118
1998-02-26,0.27317699790000916,0.3041670024394989,0.2718749940395355,0.3031249940395355,0.3031249940395355,307464000,AMZN,0.2300722,0.3499999940395355,0.0,-0.046875
1998-02-27,0.30104199051856995,0.33177098631858826,0.299219012260437,0.3208329975605011,0.3208329975605011,494136000,AMZN,0.27348405,0.3499999940395355,0.0,-0.029166996479034424
1998-03-02,0.31614598631858826,0.3218750059604645,0.3125,0.31770798563957214,0.31770798563957214,219144000,AMZN,0.2148768,0.34921899437904363,0.0,-0.03151100873947149
1998-03-04,0.30000001192092896,0.30937498807907104,0.29166701436042786,0.3059900104999542,0.3059900104999542,146280000,AMZN,0.17199682,0.34036499261856085,0.0,-0.03437498211860662
1998-03-16,0.3315100073814392,0.3364579975605011,0.3291670083999634,0.3291670083999634,0.3291670083999634,66240000,AMZN,0.19880694,0.3692710101604462,0.0,-0.040104001760482844
1998-03-19,0.35572901368141174,0.36458298563957214,0.34895798563957214,0.3499999940395355,0.3499999940395355,242304000,AMZN,0.2886831,0.3968749940395356,0.0,-0.046875000000000056
1998-03-20,0.3499999940395355,0.35364601016044617,0.34635400772094727,0.3499999940395355,0.3499999940395355,128256000,AMZN,0.26215062,0.39296901226043707,0.0,-0.042969018220901545
1998-03-25,0.35416701436042786,0.3572919964790344,0.3375000059604645,0.3403649926185608,0.3403649926185608,225792000,AMZN,0.27749026,0.41041699051856995,0.0,-0.07005199790000916
1998-03-26,0.34062498807907104,0.34895798563957214,0.33125001192092896,0.3447920083999634,0.3447920083999634,157560000,AMZN,0.26382735,0.39531299471855164,0.0,-0.05052098631858826
1998-03-30,0.3578130006790161,0.36458298563957214,0.35468798875808716,0.3578130006790161,0.3578130006790161,110016000,AMZN,0.2473158,0.3877600133419037,0.0,-0.029947012662887573
1998-04-15,0.4083330035209656,0.41666701436042786,0.39375001192092896,0.40052101016044617,0.40052101016044617,223848000,AMZN,0.2915462,0.37656301259994507,0.0,0.0239579975605011
1998-04-16,0.40052101016044617,0.41380199790000916,0.388280987739563,0.41041699051856995,0.41041699051856995,324888000,AMZN,0.31218296,0.37916699051856995,0.0,0.03125
1998-04-23,0.36250001192092896,0.36250001192092896,0.3354170024394989,0.3375000059604645,0.3375000059604645,245064000,AMZN,0.28885615,0.3815099895000458,0.0,-0.0440099835395813
1998-04-24,0.3416669964790344,0.3656249940395355,0.33958300948143005,0.35364601016044617,0.35364601016044617,335712000,AMZN,0.2855892,0.37343800067901617,0.0,-0.019791990518570002
1998-05-05,0.3916670083999634,0.3979170024394989,0.38802099227905273,0.3904950022697449,0.3904950022697449,119976000,AMZN,0.29581922,0.3609380125999451,0.0,0.02955698966979975
1998-05-06,0.3916670083999634,0.3916670083999634,0.3755210041999817,0.37656301259994507,0.37656301259994507,148776000,AMZN,0.3072915,0.35807299613952637,0.0,0.0184900164604187
1998-05-07,0.37916699051856995,0.38749998807907104,0.3677079975605011,0.37916699051856995,0.37916699051856995,277752000,AMZN,0.32960865,0.3671880066394806,0.0,0.011978983879089355
1998-05-15,0.3828130066394806,0.38541701436042786,0.3729169964790344,0.3734380006790161,0.3734380006790161,92568000,AMZN,0.20620812,0.3854170143604279,0.0,-0.011979013681411799
1998-05-20,0.37656301259994507,0.3812499940395355,0.3677079975605011,0.36927101016044617,0.36927101016044617,80976000,AMZN,0.25326377,0.5208330154418945,0.0,-0.15156200528144836
1998-05-29,0.3578130006790161,0.37083300948143005,0.35624998807907104,0.3671880066394806,0.3671880066394806,172824000,AMZN,0.23785381,0.6317710280418396,0.0,-0.264583021402359
1998-06-05,0.36458298563957214,0.36979201436042786,0.359375,0.3687500059604645,0.3687500059604645,68544000,AMZN,0.26268607,0.7854170203208923,0.0,-0.41666701436042786
1998-06-08,0.36510398983955383,0.38593798875808716,0.36250001192092896,0.38541701436042786,0.38541701436042786,109260000,AMZN,0.29061586,0.8229169845581055,0.0,-0.4374999701976776
1998-07-08,0.9322919845581055,0.9916669726371765,0.8531249761581421,0.8927080035209656,0.8927080035209656,1166232000,AMZN,1.4866594,0.8984379768371582,0.005729973316192627,0.0
1998-07-09,0.921875,0.9708330035209656,0.875,0.8791670203208923,0.8791670203208923,589860000,AMZN,1.3203267,0.9479169845581054,0.06874996423721302,0.0
1998-07-24,1.0770829916000366,1.0958329439163208,0.9750000238418579,1.0354169607162476,1.0354169607162476,579480000,AMZN,1.0599872,1.0229170322418213,-0.01249992847442627,0.0
1998-08-13,1.0885419845581055,1.125,1.0583330392837524,1.0625,1.0625,492588000,AMZN,0.96319306,0.715624988079071,0.0,0.34687501192092896
1998-09-17,0.6703130006790161,0.6958330273628235,0.637499988079071,0.6416670083999634,0.6416670083999634,849156000,AMZN,0.68252516,0.7182289958000183,0.07656198740005493,0.0
1998-09-24,0.8927080035209656,0.9739580154418945,0.8458330035209656,0.8510419726371765,0.8510419726371765,1022484000,AMZN,1.0331355,0.8088539838790894,-0.04218798875808716,0.0
1998-10-09,0.7520830035209656,0.765625,0.6979169845581055,0.7598959803581238,0.7598959803581238,414540000,AMZN,0.72278,1.0536459684371948,0.0,-0.29374998807907104
1998-10-12,0.809374988079071,0.8416669964790344,0.7749999761581421,0.7765629887580872,0.7765629887580872,436344000,AMZN,0.65459174,1.0916670560836792,0.0,-0.31510406732559204
1998-10-14,0.7588539719581604,0.8135420083999634,0.7479169964790344,0.7791669964790344,0.7791669964790344,311808000,AMZN,0.57197255,1.0817710161209106,0.0,-0.3026040196418762
1998-10-15,0.7854170203208923,0.815625011920929,0.7708330154418945,0.8088539838790894,0.8088539838790894,339420000,AMZN,0.58892405,1.0708329677581787,0.0,-0.26197898387908936
1998-10-20,0.90625,0.9375,0.8885419964790344,0.8895829916000366,0.8895829916000366,383352000,AMZN,0.6955083,1.0979169607162476,0.0,-0.20833396911621094
1998-10-21,0.9119790196418762,0.918749988079071,0.8802080154418945,0.9166669845581055,0.9166669845581055,252360000,AMZN,0.7125499,1.0552079677581787,0.0,-0.13854098320007324
1998-10-23,0.9541670083999634,0.9859380125999451,0.9510419964790344,0.9677079916000366,0.9677079916000366,272496000,AMZN,0.8120305,1.0645829439163208,0.0,-0.09687495231628418
1998-10-30,1.0552079677581787,1.0817710161209106,1.0385420322418213,1.0536459684371948,1.0536459684371948,423648000,AMZN,0.98646754,1.5052080154418945,0.0,-0.4515620470046997
1998-11-03,1.0927079916000366,1.108854055404663,1.0479170083999634,1.0505210161209106,1.0505210161209106,367764000,AMZN,1.0092913,1.787500023841858,0.0,-0.7369790077209473
1998-11-10,1.068750023841858,1.1666669845581055,1.0677080154418945,1.0979169607162476,1.0979169607162476,687516000,AMZN,1.0552778,1.662500023841858,0.0,-0.5645830631256104
1998-11-12,1.0458329916000366,1.1072920560836792,1.0416669845581055,1.0916670560836792,1.0916670560836792,239496000,AMZN,0.93639195,1.5708329677581787,0.0,-0.4791659116744995
1998-11-13,1.0994789600372314,1.1124999523162842,1.0476560592651367,1.0645829439163208,1.0645829439163208,178812000,AMZN,0.91384405,1.5916670560836792,0.0,-0.5270841121673584
1998-11-19,1.4249999523162842,1.462499976158142,1.274999976158142,1.2770830392837524,1.2770830392837524,777912000,AMZN,1.5467848,1.8583329916000366,0.5812499523162842,0.0
1998-11-24,1.8666670322418213,1.9427080154418945,1.7083330154418945,1.787500023841858,1.787500023841858,1633512000,AMZN,2.7487457,2.4083330631256104,0.6208330392837524,0.0
1998-11-25,1.8041670322418213,1.8624999523162842,1.7083330154418945,1.7526040077209473,1.7526040077209473,550452000,AMZN,2.662288,2.3062500953674316,0.5536460876464844,0.0
1998-12-02,1.7244789600372314,1.7291669845581055,1.6463539600372314,1.662500023841858,1.662500023841858,592980000,AMZN,2.0678082,2.7083330154418945,1.0458329916000366,0.0
1998-12-08,1.5802079439163208,1.7156250476837158,1.5708329677581787,1.7005209922790527,1.7005209922790527,510996000,AMZN,1.363295,2.6770830154418945,0.0,-0.9765620231628418
1998-12-10,1.8135420083999634,1.8666670322418213,1.7468750476837158,1.7760419845581055,1.7760419845581055,607236000,AMZN,1.5136372,2.957813024520874,0.0,-1.1817710399627686
1998-12-11,1.750520944595337,1.8666670322418213,1.75,1.8583329916000366,1.8583329916000366,509352000,AMZN,1.5369785,3.112499952316284,0.0,-1.2541669607162476
1999-01-05,2.739063024520874,3.2437500953674316,2.6624999046325684,3.112499952316284,3.112499952316284,1257464000,AMZN,2.852521,3.140625,0.0,-0.02812504768371582
1999-01-22,2.487499952316284,3.1468749046325684,2.46875,3.075000047683716,3.075000047683716,875316000,AMZN,2.656962,2.612499952316284,0.0,0.46250009536743164
1999-01-25,3.0374999046325684,3.0843749046325684,2.75,2.809375047683716,2.809375047683716,546476000,AMZN,2.3936512,2.465625047683716,0.0,0.34375
1999-01-29,3.0406250953674316,3.0406250953674316,2.875,2.92343807220459,2.92343807220459,327920000,AMZN,2.6511474,2.6624999046325684,0.0,0.2609381675720215
1999-02-08,2.859375,2.878124952316284,2.643749952316284,2.7281250953674316,2.7281250953674316,251964000,AMZN,2.7514033,3.03281307220459,0.3046879768371582,0.0
1999-02-12,2.700000047683716,2.746875047683716,2.590625047683716,2.612499952316284,2.612499952316284,155308000,AMZN,2.3195024,3.054687976837158,0.0,-0.442188024520874
1999-02-23,2.753124952316284,2.924999952316284,2.737499952316284,2.879688024520874,2.879688024520874,422784000,AMZN,2.3474467,3.34531307220459,0.0,-0.4656250476837158
1999-03-11,3.4937500953674316,3.5687499046325684,3.2750000953674316,3.371875047683716,3.371875047683716,325044000,AMZN,3.150575,4.275000095367432,0.0,-0.9031250476837158
1999-03-17,3.28281307220459,3.3375000953674316,3.206249952316284,3.2750000953674316,3.2750000953674316,157348000,AMZN,3.240487,4.474999904632568,0.0,-1.1999998092651367
1999-03-18,3.3218750953674316,3.5,3.309375047683716,3.460937976837158,3.460937976837158,246004000,AMZN,3.2575305,4.571875095367432,0.0,-1.1109371185302734
1999-03-19,3.546875,3.5765628814697266,3.375,3.37656307220459,3.37656307220459,214504000,AMZN,3.2736905,4.61093807220459,0.0,-1.234375
1999-04-08,4.3703131675720215,4.603125095367432,4.150000095367432,4.474999904632568,4.474999904632568,229756000,AMZN,4.633458,4.206250190734863,-0.2687497138977051,0.0
1999-04-16,4.596875190734863,4.787499904632568,4.51718807220459,4.75,4.75,633204000,AMZN,4.2583017,3.409374952316284,0.0,1.3406250476837158
1999-04-20,3.9328129291534424,4.357812881469727,3.8375000953674316,4.300000190734863,4.300000190734863,400100000,AMZN,3.9830916,3.7093749046325684,0.0,0.5906252861022949
1999-04-26,5.224999904632568,5.396874904632568,5.099999904632568,5.179687976837158,5.179687976837158,279700000,AMZN,4.651821,3.440624952316284,0.0,1.739063024520874
1999-05-14,3.328125,3.3687500953674316,3.2453129291534424,3.309375047683716,3.309375047683716,225336000,AMZN,3.209797,2.934375047683716,0.0,0.375
1999-05-18,3.410938024520874,3.4375,3.273437976837158,3.315624952316284,3.315624952316284,248156000,AMZN,3.149037,2.8499999046325684,0.0,0.4656250476837158
1999-05-19,3.348438024520874,3.4906249046325684,3.3375000953674316,3.489063024520874,3.489063024520874,252384000,AMZN,3.1456385,2.898437976837158,0.0,0.5906250476837158
1999-05-21,3.268749952316284,3.299999952316284,3.143749952316284,3.2140629291534424,3.2140629291534424,160112000,AMZN,3.1172163,2.299999952316284,0.0,0.9140629768371582
1999-05-26,2.82968807220459,3.046875,2.612499952316284,3.023437976837158,3.023437976837158,423172000,AMZN,2.7946205,2.8234379291534424,0.0,0.20000004768371582
1999-05-27,2.9906249046325684,3.0140628814697266,2.8499999046325684,2.864063024520874,2.864063024520874,271468000,AMZN,2.665957,2.78281307220459,0.0,0.08124995231628418
1999-06-02,2.6187500953674316,2.875,2.4281249046325684,2.8031249046325684,2.8031249046325684,738128000,AMZN,2.5794363,2.9437499046325684,0.0,-0.140625
1999-06-04,2.640625,2.75,2.5406250953674316,2.710937976837158,2.710937976837158,389836000,AMZN,2.4186873,2.754688024520874,0.0,-0.04375004768371582
1999-06-08,3.0,3.034374952316284,2.7593750953674316,2.789062976837158,2.789062976837158,276888000,AMZN,2.5150666,2.9015629291534424,0.0,-0.11249995231628418
1999-06-16,2.53281307220459,2.825000047683716,2.5250000953674316,2.7921879291534424,2.7921879291534424,434144000,AMZN,2.3849645,3.1343750953674316,0.0,-0.34218716621398926
1999-06-22,3.07968807220459,3.237499952316284,2.9124999046325684,2.9375,2.9375,334588000,AMZN,2.7514286,3.375,0.0,-0.4375
1999-06-30,2.9124999046325684,3.231250047683716,2.875,3.128124952316284,3.128124952316284,338124000,AMZN,2.7412562,2.6703128814697266,0.0,0.4578120708465576
1999-07-15,3.375,3.5374999046325684,3.3343749046325684,3.489063024520874,3.489063024520874,455260000,AMZN,3.1055224,2.4312500953674316,0.0,1.0578129291534424
1999-07-28,2.5496089458465576,2.653125047683716,2.4906249046325684,2.643749952316284,2.643749952316284,515672000,AMZN,2.341906,2.828125,0.0,-0.18437504768371582
1999-08-02,2.4593749046325684,2.5531249046325684,2.348438024520874,2.3499999046325684,2.3499999046325684,339356000,AMZN,2.1616237,2.9593749046325684,0.0,-0.609375
1999-08-05,2.18906307220459,2.450000047683716,2.049999952316284,2.4312500953674316,2.4312500953674316,750340000,AMZN,2.1547472,3.2140629291534424,0.0,-0.7828128337860107
1999-08-10,2.1343750953674316,2.304687976837158,2.049999952316284,2.2750000953674316,2.2750000953674316,463900000,AMZN,2.01029,3.109375,0.0,-0.8343749046325684
1999-08-11,2.309375047683716,2.3812499046325684,2.129688024520874,2.273437976837158,2.273437976837158,513100000,AMZN,2.0433474,2.976562976837158,0.0,-0.703125
1999-08-12,2.2750000953674316,2.393749952316284,2.234375,2.293750047683716,2.293750047683716,262816000,AMZN,2.0358272,3.003124952316284,0.0,-0.7093749046325684
1999-08-13,2.375,2.4359378814697266,2.3531250953674316,2.4359378814697266,2.4359378814697266,215696000,AMZN,2.0923538,3.121875047683716,0.0,-0.6859371662139893
1999-08-23,2.898437976837158,3.012500047683716,2.893749952316284,2.9593749046325684,2.9593749046325684,384120000,AMZN,2.787834,3.299999952316284,0.0,-0.3406250476837158
1999-08-30,3.18906307220459,3.25,2.9468750953674316,2.981250047683716,2.981250047683716,369888000,AMZN,3.1540313,3.112499952316284,0.13124990463256836,0.0
1999-08-31,2.9593749046325684,3.117187976837158,2.804687976837158,3.109375,3.109375,655848000,AMZN,3.1427445,3.299999952316284,0.19062495231628418,0.0
1999-09-03,3.1812500953674316,3.200000047683716,3.03125,3.121875047683716,3.121875047683716,328718000,AMZN,2.8398533,3.128124952316284,0.0,-0.006249904632568359
1999-09-10,3.296875,3.4000000953674316,3.2437500953674316,3.325000047683716,3.325000047683716,248418000,AMZN,3.017763,3.862499952316284,0.0,-0.5374999046325684
1999-10-01,3.8499999046325684,3.9625000953674316,3.832813024520874,3.862499952316284,3.862499952316284,208606000,AMZN,3.7663262,3.9312500953674316,0.0,-0.06875014305114746
1999-10-04,3.971874952316284,3.987499952316284,3.7874999046325684,3.8531250953674316,3.8531250953674316,195148000,AMZN,3.835187,4.137499809265137,0.0,-0.2843747138977051
1999-10-05,3.856250047683716,3.987499952316284,3.737499952316284,3.921875,3.921875,328402000,AMZN,3.910742,4.0625,0.0,-0.140625
1999-10-13,4.125,4.25,3.9781250953674316,3.996875047683716,3.996875047683716,231236000,AMZN,4.269305,3.2906250953674316,-0.7062499523162842,0.0
1999-10-15,3.793750047683716,3.8531250953674316,3.6968750953674316,3.753124952316284,3.753124952316284,243738000,AMZN,3.8991652,3.246875047683716,-0.5062499046325684,0.0
1999-10-20,3.9156250953674316,4.03125,3.817188024520874,4.025000095367432,4.025000095367432,154710000,AMZN,3.4684544,3.5999999046325684,0.0,0.4250001907348633
1999-11-17,3.8968749046325684,4.0,3.7718749046325684,3.825000047683716,3.825000047683716,133148000,AMZN,3.7767203,5.181250095367432,0.0,-1.3562500476837158
1999-11-18,3.8375000953674316,3.909374952316284,3.762500047683716,3.8968749046325684,3.8968749046325684,116208000,AMZN,3.8129833,5.334374904632568,0.0,-1.4375
1999-12-22,5.028124809265137,5.028124809265137,4.775000095367432,4.884375095367432,4.884375095367432,118420000,AMZN,4.6966357,3.296875,0.0,1.5875000953674316
1999-12-23,4.900000095367432,4.949999809265137,4.453125,4.5,4.5,258292000,AMZN,4.6471314,3.2125000953674316,-1.2874999046325684,0.0
2000-01-03,4.074999809265137,4.478125095367432,3.9523439407348633,4.46875,4.46875,322352000,AMZN,3.6670547,3.4625000953674316,0.0,1.0062499046325684
2000-01-13,3.246875047683716,3.359375,3.15625,3.296875,3.296875,208962000,AMZN,2.9458065,3.928124904632569,0.0,-0.6312499046325688
2000-01-14,3.3375000953674316,3.4312500953674316,3.200000047683716,3.2125000953674316,3.2125000953674316,137072000,AMZN,2.9599001,3.75,0.0,-0.5374999046325684
2000-01-21,3.231250047683716,3.231250047683716,3.0,3.1031250953674316,3.1031250953674316,229238000,AMZN,3.0853705,3.8093750476837154,0.0,-0.7062499523162837
2000-02-16,3.637500047683716,3.671875,3.53125,3.534374952316284,3.534374952316284,85204000,AMZN,3.5657604,3.440624952316284,-0.09375,0.0
2000-02-23,3.2437500953674316,3.5875000953674316,3.234375,3.5218749046325684,3.5218749046325684,168824000,AMZN,3.0387278,3.1875,0.0,0.33437490463256836
2000-03-03,3.1624999046325684,3.237499952316284,3.1031250953674316,3.125,3.125,121190000,AMZN,3.1055315,3.6343750953674316,0.0,-0.5093750953674316
2000-03-06,3.143749952316284,3.362499952316284,3.140625,3.1968750953674316,3.1968750953674316,153316000,AMZN,3.079875,3.65625,0.0,-0.45937490463256836
2000-03-17,3.3031249046325684,3.3187499046325684,3.2249999046325684,3.2406249046325684,3.2406249046325684,105970000,AMZN,3.134577,3.378124952316284,0.0,-0.13750004768371582
2000-03-24,3.731250047683716,3.762500047683716,3.565624952316284,3.6343750953674316,3.6343750953674316,194920000,AMZN,3.4126415,2.34375,0.0,1.2906250953674316
2000-04-06,3.171875,3.2750000953674316,3.09375,3.2125000953674316,3.2125000953674316,120654000,AMZN,2.8881168,2.7593750953674316,0.0,0.453125
2000-04-26,2.6656250953674316,2.871875047683716,2.6226561069488525,2.674999952316284,2.674999952316284,240128000,AMZN,2.4446898,3.049999952316284,0.0,-0.375
2000-05-08,2.840625047683716,2.9625000953674316,2.7718749046325684,2.800781011581421,2.800781011581421,79000000,AMZN,2.7919593,2.5875000953674316,0.0,0.21328091621398926
2000-05-11,2.6968750953674316,2.7874999046325684,2.546875,2.7437500953674316,2.7437500953674316,111616000,AMZN,2.647172,2.893749952316284,0.0,-0.14999985694885254
2000-05-12,2.734375,2.825000047683716,2.65625,2.6875,2.6875,79392000,AMZN,2.5954232,2.7249999046325684,0.0,-0.03749990463256836
2000-05-16,2.856250047683716,2.9937500953674316,2.799999952316284,2.953125,2.953125,128644000,AMZN,2.6279721,2.590625047683716,0.0,0.3624999523162842
2000-05-17,2.859375,3.1187500953674316,2.8499999046325684,3.049999952316284,3.049999952316284,139972000,AMZN,2.7219303,2.59375,0.0,0.4562499523162842
2000-05-30,2.3656249046325684,2.59375,2.3656249046325684,2.5875000953674316,2.5875000953674316,112264000,AMZN,2.1071885,2.3062500953674316,0.0,0.28125
2000-06-07,2.59375,2.609375,2.5062499046325684,2.590625047683716,2.590625047683716,76824000,AMZN,2.6100254,1.893749952316284,-0.6968750953674319,0.0
2000-06-09,2.596874952316284,2.6624999046325684,2.59375,2.609375,2.609375,38446000,AMZN,2.619107,1.8156249523162842,-0.7937500476837158,0.0
2000-06-13,2.409374952316284,2.4749999046325684,2.3125,2.450000047683716,2.450000047683716,95770000,AMZN,2.4976914,1.8250000476837158,-0.625,0.0
2000-07-06,1.84375,1.868749976158142,1.7374999523162842,1.803125023841858,1.803125023841858,135342000,AMZN,1.7062663,1.568750023841858,0.0,0.234375
2000-07-11,1.759374976158142,1.7625000476837158,1.631250023841858,1.65625,1.65625,197930000,AMZN,1.7269211,1.5125000476837158,-0.14374995231628418,0.0
2000-07-19,2.075000047683716,2.078125,1.9500000476837158,2.043750047683716,2.043750047683716,94874000,AMZN,1.9358525,1.5437500476837158,0.0,0.5
2000-07-20,2.046875,2.168750047683716,1.975000023841858,2.015625,2.015625,138914000,AMZN,1.994669,1.521875023841858,0.0,0.4937499761581421
2000-07-25,1.837499976158142,1.9375,1.662500023841858,1.881250023841858,1.881250023841858,555050000,AMZN,2.0185187,1.8781249523162842,-0.0031250715255737305,0.0
2000-08-08,1.662500023841858,1.6687500476837158,1.6218750476837158,1.646875023841858,1.646875023841858,101012000,AMZN,1.5007514,1.9812500476837158,0.0,-0.3343750238418579
2000-09-20,2.0218749046325684,2.0250000953674316,1.868749976158142,1.875,1.875,194896000,AMZN,1.9640058,1.390625,-0.484375,0.0
2000-09-29,1.9500000476837158,2.0625,1.881250023841858,1.921875,1.921875,130342000,AMZN,1.800886,1.540624976158142,0.0,0.3812500238418579
2000-10-05,1.759374976158142,1.8312499523162842,1.600000023841858,1.678125023841858,1.678125023841858,139326000,AMZN,1.6256934,1.84375,0.0,-0.1656249761581421
2000-10-13,1.212499976158142,1.443750023841858,1.1749999523162842,1.421875,1.421875,152668000,AMZN,1.1311684,1.8781249523162842,0.0,-0.4562499523162842
2000-11-08,1.7999999523162842,1.850000023841858,1.662500023841858,1.693750023841858,1.693750023841858,116706000,AMZN,1.7997718,1.234375,-0.4593750238418579,0.0
2000-11-10,1.537500023841858,1.59375,1.5,1.5031249523162842,1.5031249523162842,105112000,AMZN,1.5382513,1.328125,-0.17499995231628418,0.0
2000-11-24,1.321094036102295,1.4562499523162842,1.303125023841858,1.446874976158142,1.446874976158142,152786000,AMZN,1.1298558,1.1437499523162842,0.0,0.3031250238418579
2000-12-06,1.234375,1.2999999523162842,1.181249976158142,1.181249976158142,1.181249976158142,176516000,AMZN,1.1402463,0.8687499761581421,0.0,0.3125
2000-12-15,1.1124999523162842,1.212499976158142,1.100000023841858,1.1437499523162842,1.1437499523162842,174274000,AMZN,1.0882956,0.8187500238418579,0.0,0.32499992847442627
2001-01-11,0.7875000238418579,0.8656250238418579,0.78125,0.8500000238418579,0.8500000238418579,255132000,AMZN,0.67753273,0.71875,0.0,0.1312500238418579
2001-02-09,0.715624988079071,0.737500011920929,0.668749988079071,0.668749988079071,0.668749988079071,149080000,AMZN,0.52911603,0.6312500238418579,0.0,0.037499964237213135
2001-02-23,0.59375,0.6031249761581421,0.5531250238418579,0.590624988079071,0.590624988079071,102998000,AMZN,0.47498375,0.550000011920929,0.0,0.04062497615814209
2001-03-01,0.4937500059604645,0.534375011920929,0.47968798875808716,0.5218750238418579,0.5218750238418579,219934000,AMZN,0.44104466,0.5093749761581421,0.0,0.01250004768371582
2001-03-05,0.6187499761581421,0.653124988079071,0.574999988079071,0.6312500238418579,0.6312500238418579,470014000,AMZN,0.464586,0.546999990940094,0.0,0.08425003290176392
2001-03-06,0.653905987739563,0.699999988079071,0.5625,0.59375,0.59375,463830000,AMZN,0.50642025,0.5820000171661377,0.0,0.011749982833862305
2001-03-09,0.5718749761581421,0.625,0.5687500238418579,0.612500011920929,0.612500011920929,177134000,AMZN,0.47081164,0.5115000009536743,0.0,0.10100001096725464
2001-03-16,0.53125,0.5531250238418579,0.512499988079071,0.550000011920929,0.550000011920929,139684000,AMZN,0.48192155,0.41850000619888306,0.0,0.1315000057220459
2001-03-21,0.518750011920929,0.5218750238418579,0.5,0.5,0.5,110132000,AMZN,0.42979053,0.6660000085830688,0.0,-0.16600000858306885
2001-03-23,0.528124988079071,0.5406249761581421,0.49687498807907104,0.5093749761581421,0.5093749761581421,75088000,AMZN,0.40053558,0.7014999985694885,0.0,-0.19212502241134644
2001-04-10,0.5619999766349792,0.675000011920929,0.5600000023841858,0.6004999876022339,0.6004999876022339,377208000,AMZN,0.47086212,0.8554999828338623,0.0,-0.2549999952316284
2001-04-12,0.6524999737739563,0.7505000233650208,0.6499999761581421,0.7335000038146973,0.7335000038146973,230600000,AMZN,0.52761596,0.878000020980835,0.0,-0.1445000171661377
2001-04-16,0.7250000238418579,0.7269999980926514,0.6825000047683716,0.7014999985694885,0.7014999985694885,126202000,AMZN,0.56363386,0.8460000157356262,0.0,-0.1445000171661377
2001-04-17,0.690500020980835,0.7434999942779541,0.6875,0.7369999885559082,0.7369999885559082,101470000,AMZN,0.612954,0.8090000152587891,0.0,-0.07200002670288086
2001-04-18,0.7829999923706055,0.9079999923706055,0.7774999737739563,0.8270000219345093,0.8270000219345093,391100000,AMZN,0.7410765,0.7505000233650208,0.0,0.07649999856948853
2001-05-02,0.8569999933242798,0.8715000152587891,0.8420000076293945,0.8554999828338623,0.8554999828338623,149944000,AMZN,0.72710353,0.7799999713897705,0.0,0.0755000114440918
2001-05-09,0.7774999737739563,0.7829999923706055,0.75,0.7505000233650208,0.7505000233650208,93420000,AMZN,0.7263913,0.8345000147819519,0.0,-0.08399999141693115
2001-05-31,0.7919999957084656,0.8600000143051147,0.7875000238418579,0.8345000147819519,0.8345000147819519,192640000,AMZN,0.7748749,0.6539999842643738,0.0,0.18050003051757812
2001-06-05,0.8529999852180481,0.8960000276565552,0.800000011920929,0.8220000267028809,0.8220000267028809,255162000,AMZN,0.77018,0.6625000238418579,0.0,0.15950000286102295
2001-06-21,0.6340000033378601,0.6600000262260437,0.6294999718666077,0.6539999842643738,0.6539999842643738,195548000,AMZN,0.47651985,0.8489999771118164,0.0,-0.19499999284744263
2001-06-25,0.6355000138282776,0.6570000052452087,0.6284999847412109,0.640500009059906,0.640500009059906,138940000,AMZN,0.48878366,0.8174999952316284,0.0,-0.1769999861717224
2001-07-02,0.7049999833106995,0.7354999780654907,0.6924999952316284,0.7264999747276306,0.7264999747276306,126690000,AMZN,0.65930474,0.6029999852180481,0.0,0.12349998950958252
2001-07-16,0.847000002861023,0.8709999918937683,0.8004999756813049,0.8004999756813049,0.8004999756813049,146316000,AMZN,0.74316436,0.5950000286102295,0.0,0.20549994707107544
2001-07-17,0.7919999957084656,0.8245000243186951,0.7914999723434448,0.8174999952316284,0.8174999952316284,74124000,AMZN,0.73842794,0.5799999833106995,0.0,0.23750001192092896
2001-07-24,0.6809999942779541,0.699999988079071,0.5950000286102295,0.6029999852180481,0.6029999852180481,651458000,AMZN,0.81888175,0.5264999866485596,-0.07649999856948853,0.0
2001-07-26,0.5835000276565552,0.637499988079071,0.5615000128746033,0.6165000200271606,0.6165000200271606,210050000,AMZN,0.4953104,0.4905000030994415,0.0,0.12600001692771917
2001-08-01,0.6365000009536743,0.6430000066757202,0.6085000038146973,0.625,0.625,110212000,AMZN,0.4331909,0.5099999904632568,0.0,0.11500000953674316
2001-08-13,0.5049999952316284,0.5149999856948853,0.4884999990463257,0.5059999823570251,0.5059999823570251,96630000,AMZN,0.44579366,0.42950001358985906,0.0,0.07649996876716608
2001-08-24,0.492000013589859,0.5149999856948853,0.4860000014305115,0.5115000009536743,0.5115000009536743,75598000,AMZN,0.43362904,0.3740000128746033,0.0,0.137499988079071
2001-08-31,0.4350000023841858,0.4650000035762787,0.4345000088214874,0.44699999690055847,0.44699999690055847,72832000,AMZN,0.40166423,0.2985000014305115,0.0,0.148499995470047
2001-09-18,0.37950000166893005,0.38749998807907104,0.36250001192092896,0.3644999861717224,0.3644999861717224,125418000,AMZN,0.2571113,0.3454999923706055,0.0,0.018999993801116888
2001-09-20,0.3555000126361847,0.38199999928474426,0.35249999165534973,0.37400001287460327,0.37400001287460327,172618000,AMZN,0.25701216,0.39250001311302185,0.0,-0.01850000023841858
2001-09-25,0.37450000643730164,0.3785000145435333,0.35100001096725464,0.3544999957084656,0.3544999957084656,97262000,AMZN,0.24644315,0.4779999852180481,0.0,-0.12349998950958252
2001-10-05,0.34850001335144043,0.39500001072883606,0.3370000123977661,0.36000001430511475,0.36000001430511475,118018000,AMZN,0.25287253,0.3779999911785126,0.0,-0.017999976873397827
2001-10-10,0.3449999988079071,0.36550000309944153,0.3400000035762787,0.3630000054836273,0.3630000054836273,61660000,AMZN,0.2970218,0.3490000069141388,0.0,0.013999998569488525
2001-10-31,0.3395000100135803,0.35100001096725464,0.32749998569488525,0.3490000069141388,0.3490000069141388,154830000,AMZN,0.21745324,0.43999999761581426,0.0,-0.09099999070167547
2001-11-13,0.3720000088214874,0.3765000104904175,0.36000001430511475,0.3644999861717224,0.3644999861717224,122726000,AMZN,0.2777751,0.5879999995231628,0.0,-0.22350001335144043
2001-11-21,0.43700000643730164,0.44850000739097595,0.4020000100135803,0.4399999976158142,0.4399999976158142,179932000,AMZN,0.34097636,0.5444999933242798,0.0,-0.10449999570846558
2001-11-26,0.49149999022483826,0.6110000014305115,0.49000000953674316,0.6104999780654907,0.6104999780654907,1013784000,AMZN,0.6261626,0.5404999852180481,-0.06999999284744263,0.0
2001-11-27,0.6025000214576721,0.612500011920929,0.5609999895095825,0.5740000009536743,0.5740000009536743,686176000,AMZN,0.67397004,0.5429999828338623,-0.03100001811981201,0.0
2001-11-28,0.5619999766349792,0.6200000047683716,0.5590000152587891,0.5795000195503235,0.5795000195503235,970324000,AMZN,0.8014561,0.5354999899864197,-0.04400002956390381,0.0
2001-12-05,0.6200000047683716,0.6399999856948853,0.5874999761581421,0.5879999995231628,0.5879999995231628,478244000,AMZN,0.55245906,0.5299999713897705,0.0,0.058000028133392334
2001-12-10,0.5774999856948853,0.6075000166893005,0.5720000267028809,0.5824999809265137,0.5824999809265137,170318000,AMZN,0.4692016,0.5479999780654907,0.0,0.03450000286102295
2001-12-12,0.6215000152587891,0.6215000152587891,0.5814999938011169,0.5954999923706055,0.5954999923706055,161502000,AMZN,0.46851647,0.612500011920929,0.0,-0.017000019550323486
2001-12-14,0.5550000071525574,0.5600000023841858,0.5034999847412109,0.550000011920929,0.550000011920929,200492000,AMZN,0.43513814,0.5924999713897705,0.0,-0.04249995946884155
2001-12-17,0.5550000071525574,0.5569999814033508,0.5090000033378601,0.5404999852180481,0.5404999852180481,171986000,AMZN,0.41206375,0.5764999985694885,0.0,-0.03600001335144043
2001-12-28,0.5454999804496765,0.5540000200271606,0.534500002861023,0.5450000166893005,0.5450000166893005,205158000,AMZN,0.4151252,0.6299999952316284,0.0,-0.08499997854232788
2002-01-02,0.546500027179718,0.550000011920929,0.5239999890327454,0.5479999780654907,0.5479999780654907,130392000,AMZN,0.42614132,0.7005000114440918,0.0,-0.15250003337860107
2002-02-05,0.5989999771118164,0.6144999861717224,0.5580000281333923,0.574999988079071,0.574999988079071,286314000,AMZN,0.57562536,0.7135000228881836,0.13850003480911255,0.0
2002-02-22,0.6524999737739563,0.6614999771118164,0.6349999904632568,0.6535000205039978,0.6535000205039978,157308000,AMZN,0.56862086,0.7014999985694885,0.0,-0.04799997806549072
2002-02-25,0.6545000076293945,0.6869999766349792,0.6499999761581421,0.6865000128746033,0.6865000128746033,114694000,AMZN,0.5626296,0.7505000233650208,0.0,-0.06400001049041748
2002-02-26,0.6754999756813049,0.7245000004768372,0.6725000143051147,0.7200000286102295,0.7200000286102295,166210000,AMZN,0.58415884,0.7329999804496765,0.0,-0.012999951839447021
2002-02-28,0.7145000100135803,0.737500011920929,0.6965000033378601,0.7049999833106995,0.7049999833106995,121048000,AMZN,0.61724687,0.7584999799728394,0.0,-0.05349999666213989
2002-03-06,0.7409999966621399,0.8295000195503235,0.7409999966621399,0.8165000081062317,0.8165000081062317,285254000,AMZN,0.72238517,0.7124999761581421,0.0,0.1040000319480896
2002-03-11,0.8019999861717224,0.843999981880188,0.7929999828338623,0.8355000019073486,0.8355000019073486,132494000,AMZN,0.710866,0.7124999761581421,0.0,0.12300002574920654
2002-03-12,0.8174999952316284,0.8295000195503235,0.8019999861717224,0.815500020980835,0.815500020980835,112382000,AMZN,0.716594,0.6834999918937683,0.0,0.13200002908706665
2002-03-15,0.7135000228881836,0.7145000100135803,0.6775000095367432,0.7014999985694885,0.7014999985694885,246414000,AMZN,0.68336713,0.6974999904632568,0.0,0.0040000081062316895
2002-03-26,0.7319999933242798,0.7724999785423279,0.7275000214576721,0.7415000200271606,0.7415000200271606,98502000,AMZN,0.65949583,0.7409999966621399,0.0,0.000500023365020752
2002-03-28,0.7200000286102295,0.7325000166893005,0.7124999761581421,0.7149999737739563,0.7149999737739563,62450000,AMZN,0.6442391,0.7264999747276306,0.0,-0.011500000953674316
2002-04-08,0.6485000252723694,0.6980000138282776,0.6480000019073486,0.6974999904632568,0.6974999904632568,105556000,AMZN,0.5986601,0.8090000152587891,0.0,-0.11150002479553223
2002-04-09,0.703499972820282,0.7294999957084656,0.6779999732971191,0.6800000071525574,0.6800000071525574,129180000,AMZN,0.5997401,0.8345000147819519,0.0,-0.15450000762939453
2002-04-30,0.8065000176429749,0.8379999995231628,0.796500027179718,0.8345000147819519,0.8345000147819519,128416000,AMZN,0.70870245,0.9380000233650208,0.0,-0.10350000858306885
2002-05-01,0.8274999856948853,0.8525000214576721,0.8209999799728394,0.8245000243186951,0.8245000243186951,154026000,AMZN,0.7295519,0.9375,0.0,-0.11299997568130493
2002-05-03,0.8115000128746033,0.8199999928474426,0.7875000238418579,0.8025000095367432,0.8025000095367432,103220000,AMZN,0.7397351,0.9735000133514404,0.0,-0.17100000381469727
2002-05-13,0.8585000038146973,0.8815000057220459,0.8424999713897705,0.8659999966621399,0.8659999966621399,134002000,AMZN,0.7616772,0.8985000252723694,0.0,-0.03250002861022949
2002-05-15,0.9340000152587891,1.0199999809265137,0.9175000190734863,0.996999979019165,0.996999979019165,257962000,AMZN,0.8343963,0.9085000157356262,0.0,0.08849996328353882
2002-05-28,0.9785000085830688,0.9804999828338623,0.9384999871253967,0.953000009059906,0.953000009059906,79066000,AMZN,0.8827501,0.9390000104904175,0.0,0.013999998569488525
2002-06-05,0.8989999890327454,0.9089999794960022,0.8725000023841858,0.8995000123977661,0.8995000123977661,87450000,AMZN,0.80044645,0.7925000190734863,0.0,0.10699999332427979
2002-06-17,0.8475000262260437,0.9240000247955322,0.8429999947547913,0.9204999804496765,0.9204999804496765,181032000,AMZN,0.7577251,0.7799999713897705,0.0,0.140500009059906
2002-06-20,0.9160000085830688,0.9190000295639038,0.8669999837875366,0.8774999976158142,0.8774999976158142,173940000,AMZN,0.8175602,0.7714999914169312,0.0,0.10600000619888306
2002-06-21,0.8799999952316284,0.8895000219345093,0.8669999837875366,0.8765000104904175,0.8765000104904175,103536000,AMZN,0.8063854,0.796999990940094,0.0,0.07950001955032349
2002-06-26,0.734499990940094,0.796500027179718,0.734000027179718,0.7925000190734863,0.7925000190734863,165444000,AMZN,0.72979534,0.7774999737739563,0.0,0.01500004529953003
2002-07-02,0.6800000071525574,0.7080000042915344,0.6499999761581421,0.6660000085830688,0.6660000085830688,173398000,AMZN,0.60050637,0.7049999833106995,0.0,-0.038999974727630615
2002-07-08,0.7475000023841858,0.7925000190734863,0.734000027179718,0.746999979019165,0.746999979019165,117800000,AMZN,0.5753892,0.7164999842643738,0.0,0.03049999475479126
2002-07-09,0.7524999976158142,0.8015000224113464,0.7490000128746033,0.7799999713897705,0.7799999713897705,150572000,AMZN,0.62316245,0.7384999990463257,0.0,0.041499972343444824
2002-07-15,0.7735000252723694,0.7990000247955322,0.75,0.796999990940094,0.796999990940094,120522000,AMZN,0.6995001,0.6434999704360962,0.0,0.1535000205039978
2002-07-24,0.6184999942779541,0.7080000042915344,0.6129999756813049,0.7049999833106995,0.7049999833106995,395326000,AMZN,0.6792059,0.6955000162124634,0.0,0.009499967098236084
2002-07-26,0.6359999775886536,0.6554999947547913,0.625,0.6464999914169312,0.6464999914169312,111134000,AMZN,0.5019309,0.7450000047683716,0.0,-0.09850001335144043
2002-07-29,0.6625000238418579,0.7229999899864197,0.6614999771118164,0.7164999842643738,0.7164999842643738,140990000,AMZN,0.49113652,0.7749999761581421,0.0,-0.05849999189376831
2002-08-01,0.715499997138977,0.7250000238418579,0.6995000243186951,0.7080000042915344,0.7080000042915344,121336000,AMZN,0.5971636,0.7864999771118164,0.0,-0.07849997282028198
2002-08-19,0.7419999837875366,0.7760000228881836,0.7335000038146973,0.7749999761581421,0.7749999761581421,85542000,AMZN,0.6616648,0.8565000295639038,0.0,-0.08150005340576172
2002-08-21,0.7975000143051147,0.7985000014305115,0.7599999904632568,0.7689999938011169,0.7689999938011169,145684000,AMZN,0.716823,0.8374999761581421,0.0,-0.06849998235702515
2002-09-03,0.7354999780654907,0.7515000104904175,0.7245000004768372,0.7300000190734863,0.7300000190734863,93604000,AMZN,0.653016,0.796500027179718,0.0,-0.06650000810623169
2002-09-05,0.7289999723434448,0.7360000014305115,0.7120000123977661,0.7124999761581421,0.7124999761581421,106404000,AMZN,0.65189093,0.8575000166893005,0.0,-0.14500004053115845
2002-09-09,0.7559999823570251,0.8324999809265137,0.753000020980835,0.8255000114440918,0.8255000114440918,176450000,AMZN,0.683771,0.796500027179718,0.0,0.02899998426437378
2002-09-13,0.8345000147819519,0.8495000004768372,0.824999988079071,0.8305000066757202,0.8305000066757202,73098000,AMZN,0.7600654,0.8274999856948853,0.0,0.003000020980834961
2002-09-20,0.8725000023841858,0.8820000290870667,0.7724999785423279,0.7929999828338623,0.7929999828338623,252112000,AMZN,0.80692446,0.9229999780654907,0.12999999523162842,0.0
2002-09-24,0.7935000061988831,0.8184999823570251,0.7799999713897705,0.796500027179718,0.796500027179718,141458000,AMZN,0.7143601,0.947000026702881,0.0,-0.15049999952316295
2002-10-07,0.8274999856948853,0.8479999899864197,0.8184999823570251,0.8320000171661377,0.8320000171661377,114962000,AMZN,0.7435412,0.9294999837875366,0.0,-0.09749996662139893
2002-10-22,0.9505000114440918,0.9955000281333923,0.9449999928474426,0.968999981880188,0.968999981880188,172914000,AMZN,0.8636909,0.9909999966621399,0.0,-0.022000014781951904
2002-10-23,0.9760000109672546,0.9909999966621399,0.968500018119812,0.987500011920929,0.987500011920929,132962000,AMZN,0.8720621,1.0204999446868896,0.0,-0.03299993276596069
2002-11-04,0.9695000052452087,0.9904999732971191,0.9294999837875366,0.9390000104904175,0.9390000104904175,259270000,AMZN,0.86838585,1.212499976158142,0.0,-0.2734999656677246
2002-11-05,0.9315000176429749,0.9434999823570251,0.9100000262260437,0.9359999895095825,0.9359999895095825,158848000,AMZN,0.8505491,1.1699999570846558,0.0,-0.23399996757507324
2002-11-08,0.9520000219345093,0.9829999804496765,0.940500020980835,0.9754999876022339,0.9754999876022339,140642000,AMZN,0.8406003,1.2055000066757202,0.0,-0.23000001907348633
2002-11-14,1.0494999885559082,1.0744999647140503,1.0475000143051147,1.0605000257492065,1.0605000257492065,263546000,AMZN,0.9279361,1.1304999589920044,0.0,-0.06999993324279785
2002-11-18,1.1325000524520874,1.187000036239624,1.1074999570846558,1.121000051498413,1.121000051498413,506670000,AMZN,1.033489,1.093000054359436,0.0,0.02799999713897705
2002-11-19,1.093999981880188,1.094499945640564,1.0614999532699585,1.0644999742507935,1.0644999742507935,245178000,AMZN,1.0040934,1.1065000295639038,0.0,-0.04200005531311035
2002-11-20,1.0674999952316284,1.149999976158142,1.0609999895095825,1.1449999809265137,1.1449999809265137,265888000,AMZN,1.0007578,1.1150000095367432,0.0,0.029999971389770508
2002-11-21,1.1664999723434448,1.1924999952316284,1.1605000495910645,1.1699999570846558,1.1699999570846558,225770000,AMZN,1.0173235,1.1089999675750732,0.0,0.06099998950958252
2002-12-05,1.1829999685287476,1.184000015258789,1.1100000143051147,1.128999948501587,1.128999948501587,212852000,AMZN,1.0923558,0.9430000185966492,0.0,0.18599992990493774
2002-12-16,1.1115000247955322,1.1265000104904175,1.1019999980926514,1.125499963760376,1.125499963760376,98814000,AMZN,0.98250824,1.0509999990463257,0.0,0.07449996471405029
2002-12-24,1.1089999675750732,1.1139999628067017,1.093999981880188,1.093999981880188,1.093999981880188,46972000,AMZN,1.0267891,1.090000033378601,0.0,0.003999948501586914
2003-01-07,1.0414999723434448,1.087499976158142,1.0299999713897705,1.0774999856948853,1.0774999856948853,191364000,AMZN,0.88741255,1.1039999723434448,0.0,-0.02649998664855957
2003-01-08,1.0720000267028809,1.0800000429153442,1.0410000085830688,1.0509999990463257,1.0509999990463257,139630000,AMZN,0.9240993,1.090999960899353,0.0,-0.039999961853027344
2003-01-15,1.1295000314712524,1.1304999589920044,1.097000002861023,1.1134999990463257,1.1134999990463257,139788000,AMZN,1.0405024,1.1045000553131104,0.0,0.008999943733215332
2003-01-21,1.0625,1.0805000066757202,1.0180000066757202,1.0540000200271606,1.0540000200271606,125862000,AMZN,1.0018216,1.0390000343322754,0.0,0.014999985694885254
2003-01-23,1.0770000219345093,1.1019999980926514,1.0575000047683716,1.0894999504089355,1.0894999504089355,219960000,AMZN,0.98580045,1.003000020980835,0.0,0.08649992942810059
2003-02-14,0.9994999766349792,1.0115000009536743,0.9854999780654907,1.003000020980835,1.003000020980835,132506000,AMZN,0.90441453,1.1440000534057617,0.0,-0.14100003242492676
2003-02-21,1.0674999952316284,1.0915000438690186,1.0520000457763672,1.0889999866485596,1.0889999866485596,144156000,AMZN,0.95246,1.2354999780654907,0.0,-0.14649999141693115
2003-03-07,1.1160000562667847,1.1519999504089355,1.1130000352859497,1.1484999656677246,1.1484999656677246,116968000,AMZN,1.0562046,1.3589999675750732,0.0,-0.21050000190734863
2003-03-20,1.3170000314712524,1.381500005722046,1.30649995803833,1.372499942779541,1.372499942779541,187524000,AMZN,1.2386234,1.2834999561309814,0.0,0.08899998664855957
2003-04-07,1.3604999780654907,1.378000020980835,1.337499976158142,1.340999960899353,1.340999960899353,144608000,AMZN,1.1968486,1.4444999694824219,0.0,-0.10350000858306885
2003-04-08,1.3394999504089355,1.340000033378601,1.3224999904632568,1.3259999752044678,1.3259999752044678,108072000,AMZN,1.2089537,1.434499979019165,0.0,-0.10850000381469727
2003-04-09,1.3174999952316284,1.31850004196167,1.2419999837875366,1.253000020980835,1.253000020980835,239178000,AMZN,1.2245674,1.4329999685287476,0.0,-0.1799999475479126
2003-04-14,1.2400000095367432,1.2575000524520874,1.225000023841858,1.252500057220459,1.252500057220459,208342000,AMZN,1.1564008,1.5440000295639038,0.0,-0.2914999723434448
2003-04-23,1.3200000524520874,1.3274999856948853,1.2680000066757202,1.2714999914169312,1.2714999914169312,177002000,AMZN,1.1611463,1.6299999952316284,0.0,-0.35850000381469727
2003-04-30,1.4299999475479126,1.4500000476837158,1.4190000295639038,1.434499979019165,1.434499979019165,189000000,AMZN,1.3082035,1.587499976158142,0.0,-0.15299999713897705
2003-05-14,1.656999945640564,1.659500002861023,1.621999979019165,1.6299999952316284,1.6299999952316284,159864000,AMZN,1.501359,1.7760000228881836,0.0,-0.14600002765655518
2003-06-05,1.7580000162124634,1.7920000553131104,1.7304999828338623,1.7760000228881836,1.7760000228881836,143874000,AMZN,1.6722299,1.8359999656677246,0.0,-0.059999942779541016
2003-06-25,1.7649999856948853,1.80649995803833,1.7575000524520874,1.7695000171661377,1.7695000171661377,133180000,AMZN,1.6698066,1.815999984741211,0.0,-0.04649996757507324
2003-07-08,1.937999963760376,2.0415000915527344,1.9375,2.0255000591278076,2.0255000591278076,242908000,AMZN,1.8807503,2.069499969482422,0.0,-0.04399991035461426
2003-07-09,2.0269999504089355,2.0364999771118164,1.993499994277954,2.0250000953674316,2.0250000953674316,156644000,AMZN,1.9087738,2.0329999923706055,0.0,-0.007999897003173828
2003-07-18,1.815999984741211,1.8424999713897705,1.7395000457763672,1.7489999532699585,1.7489999532699585,268058000,AMZN,1.7398808,1.9574999809265137,0.0,-0.20850002765655518
2003-08-05,1.9620000123977661,1.9924999475479126,1.93149995803833,1.933500051498413,1.933500051498413,136324000,AMZN,1.9277211,2.2964999675750732,0.0,-0.36299991607666016
2003-08-11,1.9494999647140503,1.9520000219345093,1.9175000190734863,1.9464999437332153,1.9464999437332153,104782000,AMZN,1.789091,2.366499900817871,0.0,-0.41999995708465576
2003-08-12,1.9474999904632568,1.9980000257492065,1.9155000448226929,1.9924999475479126,1.9924999475479126,122570000,AMZN,1.7994797,2.309499979019165,0.0,-0.31700003147125244
2003-08-19,2.172499895095825,2.2095000743865967,2.1459999084472656,2.178499937057495,2.178499937057495,209786000,AMZN,2.0184124,2.311000108718872,0.0,-0.13250017166137695
2003-08-26,2.2825000286102295,2.306999921798706,2.255500078201294,2.2964999675750732,2.2964999675750732,130848000,AMZN,2.216762,2.308000087738037,0.0,-0.011500120162963867
2003-08-27,2.2885000705718994,2.303499937057495,2.263000011444092,2.2939999103546143,2.2939999103546143,90788000,AMZN,2.226702,2.3945000171661377,0.0,-0.10050010681152344
2003-09-05,2.3475000858306885,2.374000072479248,2.305000066757202,2.3259999752044678,2.3259999752044678,162058000,AMZN,2.222665,2.427999973297119,0.0,-0.10199999809265137
2003-09-10,2.312999963760376,2.3615000247955322,2.302999973297119,2.311000108718872,2.311000108718872,160058000,AMZN,2.2035482,2.4560000896453857,0.0,-0.14499998092651367
2003-09-11,2.309999942779541,2.317500114440918,2.2385001182556152,2.259500026702881,2.259500026702881,232262000,AMZN,2.1941836,2.504499912261963,0.0,-0.24499988555908203
2003-10-01,2.4184999465942383,2.4639999866485596,2.375499963760376,2.4560000896453857,2.4560000896453857,251276000,AMZN,2.341816,2.7014999389648438,0.0,-0.245499849319458
2003-10-13,2.8970000743865967,2.934499979019165,2.871999979019165,2.9149999618530273,2.9149999618530273,166580000,AMZN,2.7872355,2.8369998931884766,0.0,0.07800006866455078
2003-10-14,2.9049999713897705,2.999000072479248,2.890000104904175,2.995500087738037,2.995500087738037,199732000,AMZN,2.8355622,2.8429999351501465,0.0,0.15250015258789062
2003-11-03,2.740000009536743,2.8399999141693115,2.7155001163482666,2.8369998931884766,2.8369998931884766,182622000,AMZN,2.6358817,2.566499948501587,0.0,0.27049994468688965
2003-11-06,2.8405001163482666,2.8434998989105225,2.737499952316284,2.749500036239624,2.749500036239624,175836000,AMZN,2.7087162,2.698499917984009,0.0,0.051000118255615234
2003-11-10,2.697499990463257,2.700000047683716,2.5869998931884766,2.5989999771118164,2.5989999771118164,182410000,AMZN,2.6344807,2.696500062942505,0.09750008583068848,0.0
2003-11-11,2.5920000076293945,2.637500047683716,2.5380001068115234,2.6115000247955322,2.6115000247955322,218402000,AMZN,2.5574942,2.575500011444092,0.0,0.03600001335144043
2003-11-14,2.7214999198913574,2.739000082015991,2.6105000972747803,2.622499942779541,2.622499942779541,167306000,AMZN,2.4851592,2.553999900817871,0.0,0.06850004196166992
2003-11-17,2.5959999561309814,2.609499931335449,2.4790000915527344,2.5179998874664307,2.5179998874664307,259938000,AMZN,2.4702144,2.4670000076293945,0.0,0.05099987983703613
2003-11-26,2.6414999961853027,2.677000045776367,2.5934998989105225,2.6480000019073486,2.6480000019073486,178154000,AMZN,2.367647,2.4375,0.0,0.21050000190734863
2003-12-02,2.7249999046325684,2.737499952316284,2.692500114440918,2.696500062942505,2.696500062942505,124758000,AMZN,2.6131444,2.624000072479248,0.0,0.07249999046325684
2003-12-05,2.559999942779541,2.634999990463257,2.559999942779541,2.578000068664551,2.578000068664551,150030000,AMZN,2.5472207,2.6735000610351562,0.0,-0.09549999237060547
2003-12-08,2.577500104904175,2.609999895095825,2.50600004196167,2.553999900817871,2.553999900817871,167528000,AMZN,2.493698,2.6414999961853027,0.0,-0.08750009536743164
2003-12-09,2.558500051498413,2.5824999809265137,2.4649999141693115,2.4670000076293945,2.4670000076293945,209210000,AMZN,2.440954,2.63100004196167,0.0,-0.1640000343322754
2003-12-18,2.380500078201294,2.444499969482422,2.372499942779541,2.4375,2.4375,215014000,AMZN,2.2798047,2.6475000381469727,0.0,-0.21000003814697266
2003-12-23,2.500999927520752,2.63100004196167,2.4885001182556152,2.624000072479248,2.624000072479248,220080000,AMZN,2.3169909,2.809000015258789,0.0,-0.18499994277954102
2003-12-29,2.689500093460083,2.691999912261963,2.6064999103546143,2.6735000610351562,2.6735000610351562,161138000,AMZN,2.56844,2.809999942779541,0.0,-0.13649988174438477
2004-01-02,2.638000011444092,2.6565001010894775,2.571500062942505,2.5950000286102295,2.5950000286102295,132798000,AMZN,2.6145165,2.8515000343322754,0.2565000057220459,0.0
2004-01-22,2.8405001163482666,2.8910000324249268,2.812000036239624,2.8589999675750732,2.8589999675750732,213444000,AMZN,2.751497,2.3529999256134033,0.0,0.5060000419616699
2004-02-06,2.305500030517578,2.3364999294281006,2.2755000591278076,2.317500114440918,2.317500114440918,130162000,AMZN,1.9385606,2.1484999656677246,0.0,0.16900014877319336
2004-02-11,2.2929999828338623,2.368000030517578,2.2769999504089355,2.3570001125335693,2.3570001125335693,157634000,AMZN,2.0985055,2.2195000648498535,0.0,0.13750004768371582
2004-02-13,2.364500045776367,2.384999990463257,2.312000036239624,2.319000005722046,2.319000005722046,108634000,AMZN,2.218612,2.174999952316284,0.0,0.14400005340576172
2004-02-17,2.306999921798706,2.322499990463257,2.240000009536743,2.2764999866485596,2.2764999866485596,220764000,AMZN,2.2486565,2.135499954223633,0.0,0.14100003242492676
2004-02-19,2.257499933242798,2.308000087738037,2.2325000762939453,2.2325000762939453,2.2325000762939453,148850000,AMZN,2.1862524,2.063999891281128,0.0,0.16850018501281738
2004-02-27,2.178499937057495,2.180000066757202,2.125999927520752,2.1505000591278076,2.1505000591278076,143272000,AMZN,1.9931635,2.140000104904175,0.0,0.010499954223632812
2004-03-03,2.0929999351501465,2.1689999103546143,2.0824999809265137,2.1584999561309814,2.1584999561309814,192032000,AMZN,2.0106685,1.9815000295639038,0.0,0.17699992656707764
2004-03-12,2.067500114440918,2.130500078201294,2.065000057220459,2.121999979019165,2.121999979019165,124476000,AMZN,1.9987923,2.304500102996826,0.0,-0.18250012397766113
2004-03-19,2.1514999866485596,2.1875,2.131500005722046,2.140000104904175,2.140000104904175,115098000,AMZN,2.0286334,2.3980000019073486,0.0,-0.25799989700317383
2004-03-25,2.0,2.109999895095825,2.0,2.0994999408721924,2.0994999408721924,142254000,AMZN,1.8994145,2.2750000953674316,0.0,-0.17550015449523926
2004-04-07,2.309999942779541,2.3399999141693115,2.2695000171661377,2.2925000190734863,2.2925000190734863,91012000,AMZN,2.2740028,2.309499979019165,0.0,-0.01699995994567871
2004-04-27,2.379499912261963,2.440000057220459,2.3394999504089355,2.4000000953674316,2.4000000953674316,179674000,AMZN,2.1763468,2.0994999408721924,0.0,0.30050015449523926
2004-05-11,2.0959999561309814,2.1519999504089355,2.0950000286102295,2.134999990463257,2.134999990463257,151912000,AMZN,1.9457725,2.5174999237060547,0.0,-0.38249993324279785
2004-05-13,2.122999906539917,2.2065000534057617,2.112499952316284,2.180500030517578,2.180500030517578,165224000,AMZN,1.9518737,2.547499895095825,0.0,-0.36699986457824707
2004-05-17,2.111999988555908,2.129499912261963,2.0850000381469727,2.1040000915527344,2.1040000915527344,132514000,AMZN,1.9972779,2.5969998836517334,0.0,-0.492999792098999
2004-05-21,2.063499927520752,2.0739998817443848,2.0274999141693115,2.058500051498413,2.058500051498413,105458000,AMZN,1.980036,2.505500078201294,0.0,-0.44700002670288086
2004-05-27,2.2634999752044678,2.3914999961853027,2.242500066757202,2.38100004196167,2.38100004196167,283504000,AMZN,2.1312258,2.4885001182556152,0.0,-0.10750007629394531
2004-06-09,2.5810000896453857,2.5915000438690186,2.500499963760376,2.51200008392334,2.51200008392334,131588000,AMZN,2.5142987,2.628000020980835,0.11599993705749512,0.0
2004-06-16,2.504499912261963,2.5374999046325684,2.495500087738037,2.5285000801086426,2.5285000801086426,81952000,AMZN,2.3916392,2.4749999046325684,0.0,0.05350017547607422
2004-06-24,2.549999952316284,2.5969998836517334,2.5344998836517334,2.5510001182556152,2.5510001182556152,135202000,AMZN,2.3705876,2.3550000190734863,0.0,0.1960000991821289
2004-07-09,2.493499994277954,2.5,2.3910000324249268,2.4159998893737793,2.4159998893737793,160670000,AMZN,2.3827055,1.9459999799728396,0.0,0.4699999094009397
2004-07-12,2.4110000133514404,2.4674999713897705,2.4014999866485596,2.452500104904175,2.452500104904175,141338000,AMZN,2.309377,1.9149999618530276,0.0,0.5375001430511472
2004-07-16,2.44950008392334,2.453000068664551,2.3389999866485596,2.3550000190734863,2.3550000190734863,185738000,AMZN,2.287873,1.7745000123977661,0.0,0.5805000066757202
2004-07-22,2.185499906539917,2.303499937057495,2.181999921798706,2.2909998893737793,2.2909998893737793,327820000,AMZN,2.1504796,1.8144999742507935,0.0,0.47649991512298584
2004-07-27,1.9600000381469727,1.9954999685287476,1.940000057220459,1.9555000066757202,1.9555000066757202,210698000,AMZN,1.7667143,1.9114999771118162,0.0,0.04400002956390403
2004-08-05,1.8704999685287476,1.8739999532699585,1.7690000534057617,1.780500054359436,1.780500054359436,168048000,AMZN,1.7209749,2.009500026702881,0.0,-0.22899997234344482
2004-08-09,1.7669999599456787,1.815000057220459,1.7424999475479126,1.7660000324249268,1.7660000324249268,183344000,AMZN,1.658264,1.9155000448226929,0.0,-0.1495000123977661
2004-08-17,1.9285000562667847,1.972000002861023,1.8949999809265137,1.9114999771118164,1.9114999771118164,223260000,AMZN,1.7662798,1.9005000591278074,0.0,0.010999917984009011
2004-08-19,2.013000011444092,2.0239999294281006,1.8174999952316284,1.93149995803833,1.93149995803833,253922000,AMZN,1.8440671,1.9285000562667847,0.0,0.00299990177154541
2004-08-24,1.9859999418258667,1.996500015258789,1.9160000085830688,1.9524999856948853,1.9524999856948853,152808000,AMZN,1.8872896,2.1105000972747803,0.0,-0.15800011157989502
2004-08-25,1.9529999494552612,2.0244998931884766,1.9079999923706055,2.015000104904175,2.015000104904175,145096000,AMZN,1.899667,2.128499984741211,0.0,-0.11349987983703613
2004-08-31,1.9190000295639038,1.9424999952316284,1.8930000066757202,1.906999945640564,1.906999945640564,122864000,AMZN,1.883406,2.069000005722046,0.0,-0.16200006008148193
2004-09-03,1.9505000114440918,2.000499963760376,1.9320000410079956,1.937000036239624,1.937000036239624,104578000,AMZN,1.8218076,1.9965000152587893,0.0,-0.05949997901916526
2004-09-08,1.9244999885559082,1.940500020980835,1.8854999542236328,1.9005000591278076,1.9005000591278076,132226000,AMZN,1.8184253,2.0420000553131104,0.0,-0.14149999618530273
2004-09-27,2.0455000400543213,2.05049991607666,1.9874999523162842,1.996500015258789,1.996500015258789,167948000,AMZN,1.9638653,1.9635000228881834,0.0,0.03299999237060569
2004-09-29,1.972499966621399,2.0460000038146973,1.968000054359436,2.0420000553131104,2.0420000553131104,198376000,AMZN,1.8699865,1.9175000190734863,0.0,0.12450003623962402
2004-10-18,1.9114999771118164,1.9735000133514404,1.8945000171661377,1.9635000228881836,1.9635000228881836,161864000,AMZN,1.8197234,1.8660000562667847,0.0,0.09749996662139893
2004-10-25,1.7000000476837158,1.7204999923706055,1.6859999895095825,1.6985000371932983,1.6985000371932983,210636000,AMZN,1.6586733,2.0445001125335693,0.0,-0.346000075340271
2004-10-26,1.7074999809265137,1.7130000591278076,1.6755000352859497,1.691499948501587,1.691499948501587,194850000,AMZN,1.534128,2.003499984741211,0.0,-0.312000036239624
2004-11-03,1.8589999675750732,1.88100004196167,1.777999997138977,1.7960000038146973,1.7960000038146973,204164000,AMZN,1.6527362,1.9375,0.0,-0.14149999618530273
2004-11-11,1.9045000076293945,1.9500000476837158,1.8819999694824219,1.941499948501587,1.941499948501587,136700000,AMZN,1.8312876,2.004499912261963,0.0,-0.06299996376037598
2004-11-15,2.0230000019073486,2.075000047683716,2.009000062942505,2.0445001125335693,2.0445001125335693,207324000,AMZN,1.9133191,1.909999966621399,0.0,0.1345001459121704
2004-11-16,2.0250000953674316,2.0329999923706055,1.9874999523162842,2.003499984741211,2.003499984741211,128026000,AMZN,1.9230461,1.9359999895095827,0.0,0.0674999952316282
2004-11-19,1.9574999809265137,1.972000002861023,1.909500002861023,1.9275000095367432,1.9275000095367432,228550000,AMZN,1.9297224,1.9915000200271606,0.06400001049041748,0.0
2004-11-22,1.9220000505447388,1.9264999628067017,1.878999948501587,1.902500033378601,1.902500033378601,177372000,AMZN,1.8746617,2.0220000743865967,0.0,-0.1195000410079956
2004-11-29,1.9800000190734863,1.9809999465942383,1.8854999542236328,1.9470000267028809,1.9470000267028809,197482000,AMZN,1.8143524,1.9474999904632568,0.0,-0.0004999637603759766
2004-12-06,1.9865000247955322,1.9989999532699585,1.9574999809265137,1.9744999408721924,1.9744999408721924,121760000,AMZN,1.8880162,2.2314999103546143,0.0,-0.2569999694824219
2004-12-16,2.0429999828338623,2.049999952316284,1.9854999780654907,2.002500057220459,2.002500057220459,108298000,AMZN,1.926369,2.115999937057495,0.0,-0.11349987983703613
2004-12-17,2.007999897003174,2.010999917984009,1.993499994277954,2.000499963760376,2.000499963760376,109720000,AMZN,1.935335,2.0920000076293945,0.0,-0.09150004386901855
2005-01-04,2.133500099182129,2.1630001068115234,2.075000047683716,2.1070001125335693,2.1070001125335693,388370000,AMZN,2.180647,2.066999912261963,-0.040000200271606445,0.0
2005-01-14,2.1449999809265137,2.2330000400543213,2.118000030517578,2.2274999618530273,2.2274999618530273,250660000,AMZN,1.9825494,1.784500002861023,0.0,0.4429999589920044
2005-01-19,2.2235000133514404,2.236999988555908,2.1714999675750732,2.197999954223633,2.197999954223633,147934000,AMZN,2.039141,1.7944999933242798,0.0,0.403499960899353
2005-01-21,2.0994999408721924,2.127500057220459,2.0510001182556152,2.058000087738037,2.058000087738037,212054000,AMZN,2.0363212,1.7890000343322754,0.0,0.2690000534057617
2005-01-25,2.0320000648498535,2.072000026702881,2.0225000381469727,2.046999931335449,2.046999931335449,180558000,AMZN,1.9373869,1.8070000410079956,0.0,0.2399998903274536
2005-01-26,2.059000015258789,2.0899999141693115,2.013000011444092,2.066999912261963,2.066999912261963,154298000,AMZN,1.9044268,1.7829999923706055,0.0,0.2839999198913574
2005-01-28,2.1045000553131104,2.1500000953674316,2.0764999389648438,2.1110000610351562,2.1110000610351562,123048000,AMZN,1.9190598,1.7654999494552612,0.0,0.345500111579895
2005-02-01,2.1500000953674316,2.1635000705718994,2.11899995803833,2.124000072479248,2.124000072479248,135230000,AMZN,2.000233,1.7070000171661377,0.0,0.41700005531311035
2005-02-04,1.7825000286102295,1.7990000247955322,1.7595000267028809,1.7860000133514404,1.7860000133514404,346094000,AMZN,1.9274652,1.7589999437332153,-0.027000069618225098,0.0
2005-02-07,1.7910000085830688,1.7920000553131104,1.777500033378601,1.784500002861023,1.784500002861023,142248000,AMZN,1.6696876,1.7695000171661377,0.0,0.014999985694885254
2005-02-09,1.8224999904632568,1.840000033378601,1.7934999465942383,1.7944999933242798,1.7944999933242798,158776000,AMZN,1.5204812,1.7825000286102295,0.0,0.011999964714050293
2005-02-22,1.7510000467300415,1.7695000171661377,1.7254999876022339,1.7359999418258667,1.7359999418258667,137114000,AMZN,1.6815422,1.7089999914169312,0.0,0.026999950408935547
2005-02-23,1.747499942779541,1.7484999895095825,1.659999966621399,1.7070000171661377,1.7070000171661377,210008000,AMZN,1.6671329,1.69350004196167,0.0,0.013499975204467773
2005-02-24,1.6829999685287476,1.7424999475479126,1.6829999685287476,1.7345000505447388,1.7345000505447388,167784000,AMZN,1.6275973,1.6985000371932983,0.0,0.03600001335144043
2005-02-28,1.7359999418258667,1.7829999923706055,1.7335000038146973,1.7589999437332153,1.7589999437332153,168458000,AMZN,1.6049882,1.683500051498413,0.0,0.07549989223480225
2005-03-04,1.7920000553131104,1.815500020980835,1.784999966621399,1.7925000190734863,1.7925000190734863,110914000,AMZN,1.6910943,1.6694999933242798,0.0,0.12300002574920654
2005-03-08,1.815500020980835,1.8214999437332153,1.787500023841858,1.7914999723434448,1.7914999723434448,95858000,AMZN,1.7386367,1.715999960899353,0.0,0.0755000114440918
2005-03-09,1.7869999408721924,1.7964999675750732,1.7450000047683716,1.7699999809265137,1.7699999809265137,148246000,AMZN,1.7473109,1.7135000228881836,0.0,0.05649995803833008
2005-03-15,1.7289999723434448,1.7424999475479126,1.6950000524520874,1.7089999914169312,1.7089999914169312,101412000,AMZN,1.6200646,1.7410000562667847,0.0,-0.032000064849853516
2005-03-16,1.694000005722046,1.722000002861023,1.6799999475479126,1.69350004196167,1.69350004196167,107400000,AMZN,1.5979043,1.7450000047683716,0.0,-0.05149996280670166
2005-03-28,1.6549999713897705,1.6825000047683716,1.6510000228881836,1.6694999933242798,1.6694999933242798,86532000,AMZN,1.5543464,1.649999976158142,0.0,0.019500017166137695
2005-04-18,1.6449999809265137,1.6790000200271606,1.6419999599456787,1.649999976158142,1.649999976158142,138340000,AMZN,1.5969487,1.7319999933242798,0.0,-0.0820000171661377
2005-04-26,1.6714999675750732,1.6990000009536743,1.628999948501587,1.6354999542236328,1.6354999542236328,279386000,AMZN,1.5601681,1.7365000247955322,0.0,-0.10100007057189941
2005-05-02,1.6150000095367432,1.6640000343322754,1.6050000190734863,1.6549999713897705,1.6549999713897705,181960000,AMZN,1.4254324,1.784000039100647,0.0,-0.12900006771087646
2005-05-12,1.684999942779541,1.7059999704360962,1.6775000095367432,1.6924999952316284,1.6924999952316284,120100000,AMZN,1.658282,1.7795000076293945,0.0,-0.08700001239776611
2005-05-13,1.6994999647140503,1.7174999713897705,1.690000057220459,1.6950000524520874,1.6950000524520874,79836000,AMZN,1.6376489,1.7884999513626099,0.0,-0.09349989891052246
2005-06-10,1.7625000476837158,1.7645000219345093,1.7235000133514404,1.747499942779541,1.747499942779541,69350000,AMZN,1.6650757,1.6454999446868896,0.0,0.10199999809265137
2005-06-13,1.7335000038146973,1.7704999446868896,1.7324999570846558,1.743499994277954,1.743499994277954,78240000,AMZN,1.6599733,1.7039999961853027,0.0,0.03949999809265137
2005-06-16,1.7599999904632568,1.7905000448226929,1.7580000162124634,1.7790000438690186,1.7790000438690186,84110000,AMZN,1.6721307,1.7369999885559082,0.0,0.04200005531311035
2005-06-22,1.774999976158142,1.7925000190734863,1.7569999694824219,1.7610000371932983,1.7610000371932983,50146000,AMZN,1.6956756,1.8595000505447388,0.0,-0.09850001335144043
2005-06-29,1.684999942779541,1.7035000324249268,1.6634999513626099,1.6675000190734863,1.6675000190734863,96266000,AMZN,1.6273414,1.8975000381469727,0.0,-0.23000001907348633
2005-07-05,1.6749999523162842,1.7239999771118164,1.6725000143051147,1.7039999961853027,1.7039999961853027,147676000,AMZN,1.5613438,1.8869999647140503,0.0,-0.18299996852874756
2005-07-28,2.177000045776367,2.2904999256134033,2.1684999465942383,2.2839999198913574,2.2839999198913574,502830000,AMZN,2.0863714,2.186500072479248,0.0,0.09749984741210938
2005-08-18,2.194000005722046,2.194999933242798,2.17549991607666,2.186500072479248,2.186500072479248,72086000,AMZN,2.0739238,2.1475000381469727,0.0,0.03900003433227539
2005-08-22,2.180500030517578,2.2135000228881836,2.1470000743865967,2.188499927520752,2.188499927520752,107482000,AMZN,2.0822482,2.196500062942505,0.0,-0.00800013542175293
2005-08-30,2.119499921798706,2.135499954223633,2.0980000495910645,2.124500036239624,2.124500036239624,77484000,AMZN,2.0322392,2.0625,0.0,0.06200003623962402
2005-08-31,2.121999979019165,2.140500068664551,2.1019999980926514,2.134999990463257,2.134999990463257,67384000,AMZN,2.0346768,2.1040000915527344,0.0,0.03099989891052246
2005-09-02,2.0999999046325684,2.1024999618530273,2.052000045776367,2.075500011444092,2.075500011444092,80542000,AMZN,2.0279374,2.1670000553131104,0.0,-0.09150004386901855
2005-09-16,2.140000104904175,2.1459999084472656,2.1059999465942383,2.140000104904175,2.140000104904175,82234000,AMZN,2.0801296,2.186000108718872,0.0,-0.046000003814697266
2005-09-22,2.059999942779541,2.1135001182556152,2.0250000953674316,2.1040000915527344,2.1040000915527344,116760000,AMZN,2.009538,2.13100004196167,0.0,-0.026999950408935547
2005-10-10,2.190999984741211,2.2190001010894775,2.178999900817871,2.187999963760376,2.187999963760376,73606000,AMZN,2.1284058,1.993000030517578,0.0,0.19499993324279807
2005-10-13,2.121500015258789,2.1489999294281006,2.0950000286102295,2.13100004196167,2.13100004196167,76656000,AMZN,2.0513976,2.078000068664551,0.0,0.05299997329711914
2005-10-14,2.1500000953674316,2.19350004196167,2.117000102996826,2.189500093460083,2.189500093460083,91552000,AMZN,2.0385497,2.054500102996826,0.0,0.13499999046325684
2005-10-28,1.9774999618530273,1.9824999570846558,1.9359999895095825,1.9474999904632568,1.9474999904632568,123184000,AMZN,1.8519424,2.3989999294281006,0.0,-0.45149993896484375
2005-11-01,1.9984999895095825,2.0369999408721924,1.9824999570846558,2.0185000896453857,2.0185000896453857,107660000,AMZN,1.7334298,2.442500114440918,0.0,-0.4240000247955322
2005-11-28,2.4075000286102295,2.4560000896453857,2.38100004196167,2.4175000190734863,2.4175000190734863,213418000,AMZN,2.3177931,2.4184999465942383,0.0,-0.0009999275207519531
2005-12-06,2.453000068664551,2.494999885559082,2.453000068664551,2.4630000591278076,2.4630000591278076,191628000,AMZN,2.3354838,2.4030001163482666,0.0,0.059999942779541016
2005-12-07,2.4655001163482666,2.4735000133514404,2.4144999980926514,2.441499948501587,2.441499948501587,135936000,AMZN,2.3269866,2.3994998931884766,0.0,0.04200005531311035
2005-12-09,2.432499885559082,2.4519999027252197,2.4124999046325684,2.437000036239624,2.437000036239624,94180000,AMZN,2.30084,2.378999948501587,0.0,0.05800008773803711
2005-12-12,2.4574999809265137,2.4649999141693115,2.431999921798706,2.4535000324249268,2.4535000324249268,68486000,AMZN,2.3046315,2.362499952316284,0.0,0.09100008010864258
2005-12-19,2.44950008392334,2.5,2.4159998893737793,2.4184999465942383,2.4184999465942383,166174000,AMZN,2.383037,2.246500015258789,0.0,0.17199993133544922
2005-12-22,2.444999933242798,2.4639999866485596,2.4179999828338623,2.4609999656677246,2.4609999656677246,88436000,AMZN,2.320678,2.200000047683716,0.0,0.2609999179840088
2005-12-27,2.444999933242798,2.4549999237060547,2.4179999828338623,2.427999973297119,2.427999973297119,116374000,AMZN,2.3402905,2.2225000858306885,0.0,0.20549988746643066
2006-01-11,2.2825000286102295,2.2850000858306885,2.2130000591278076,2.246500015258789,2.246500015258789,169944000,AMZN,2.1740012,2.13700008392334,0.0,0.10949993133544922
2006-01-19,2.2244999408721924,2.26200008392334,2.2149999141693115,2.2225000858306885,2.2225000858306885,103138000,AMZN,2.056664,1.8995000123977661,0.0,0.32300007343292236
2006-02-07,1.9045000076293945,1.909999966621399,1.8600000143051147,1.8760000467300415,1.8760000467300415,148072000,AMZN,1.6896538,1.8559999465942383,0.0,0.020000100135803223
2006-02-14,1.9019999504089355,1.9244999885559082,1.86899995803833,1.912500023841858,1.912500023841858,90284000,AMZN,1.7249504,1.840499997138977,0.0,0.07200002670288086
2006-02-21,1.9505000114440918,1.9555000066757202,1.9129999876022339,1.9144999980926514,1.9144999980926514,101122000,AMZN,1.8799281,1.8454999923706055,0.0,0.0690000057220459
2006-03-02,1.781999945640564,1.850000023841858,1.7684999704360962,1.843999981880188,1.843999981880188,231674000,AMZN,1.7595007,1.784000039100647,0.0,0.059999942779541016
2006-03-03,1.844499945640564,1.8914999961853027,1.8335000276565552,1.8604999780654907,1.8604999780654907,120898000,AMZN,1.7150756,1.7734999656677246,0.0,0.08700001239776611
2006-03-08,1.8359999656677246,1.8734999895095825,1.8305000066757202,1.840499997138977,1.840499997138977,124732000,AMZN,1.7209388,1.815999984741211,0.0,0.024500012397766113
2006-03-22,1.7999999523162842,1.8270000219345093,1.7894999980926514,1.7999999523162842,1.7999999523162842,86016000,AMZN,1.7186526,1.80649995803833,0.0,-0.0065000057220458984
2006-03-24,1.7860000133514404,1.805999994277954,1.7654999494552612,1.7734999656677246,1.7734999656677246,73640000,AMZN,1.6953998,1.7634999752044678,0.0,0.009999990463256836
2006-03-28,1.7604999542236328,1.8009999990463257,1.7599999904632568,1.784500002861023,1.784500002861023,114544000,AMZN,1.6930829,1.844499945640564,0.0,-0.059999942779541016
2006-04-05,1.8329999446868896,1.8669999837875366,1.8135000467300415,1.8669999837875366,1.8669999837875366,111190000,AMZN,1.7745771,1.7869999408721924,0.0,0.08000004291534424
2006-04-06,1.8600000143051147,1.9420000314712524,1.8565000295639038,1.9255000352859497,1.9255000352859497,185892000,AMZN,1.8061742,1.7604999542236328,0.0,0.1650000810623169
2006-04-12,1.7955000400543213,1.8220000267028809,1.7955000400543213,1.80649995803833,1.80649995803833,57116000,AMZN,1.7394698,1.7235000133514404,0.0,0.08299994468688965
2006-04-24,1.805999994277954,1.805999994277954,1.7660000324249268,1.7894999980926514,1.7894999980926514,61752000,AMZN,1.7200356,1.6390000581741333,0.0,0.15049993991851807
2006-05-04,1.7309999465942383,1.7359999418258667,1.718999981880188,1.7235000133514404,1.7235000133514404,119958000,AMZN,1.604871,1.781499981880188,0.0,-0.05799996852874756
2006-05-05,1.7324999570846558,1.7519999742507935,1.7074999809265137,1.7519999742507935,1.7519999742507935,114818000,AMZN,1.6045284,1.8035000562667847,0.0,-0.05150008201599121
2006-05-15,1.627500057220459,1.6425000429153442,1.6104999780654907,1.6390000581741333,1.6390000581741333,86100000,AMZN,1.5724734,1.6705000400543213,0.0,-0.03149998188018799
2006-06-01,1.7315000295639038,1.7725000381469727,1.715000033378601,1.753499984741211,1.753499984741211,118640000,AMZN,1.7001362,1.81850004196167,0.0,-0.06500005722045898
2006-06-08,1.6775000095367432,1.7029999494552612,1.621000051498413,1.6775000095367432,1.6775000095367432,166220000,AMZN,1.5873317,1.9259999990463257,0.0,-0.24849998950958252
2006-06-12,1.7000000476837158,1.722499966621399,1.6744999885559082,1.6799999475479126,1.6799999475479126,83916000,AMZN,1.5576333,1.9305000305175781,0.0,-0.2505000829696655
2006-06-30,1.9290000200271606,1.9420000314712524,1.8914999961853027,1.934000015258789,1.934000015258789,103824000,AMZN,1.8267225,1.715499997138977,0.0,0.218500018119812
2006-07-06,1.8535000085830688,1.8869999647140503,1.8259999752044678,1.840000033378601,1.840000033378601,87454000,AMZN,1.8369381,1.3279999494552612,0.0,0.5120000839233398
2006-07-10,1.815000057220459,1.8350000381469727,1.7699999809265137,1.7894999980926514,1.7894999980926514,77534000,AMZN,1.7608474,1.344499945640564,0.0,0.4450000524520874
2006-07-13,1.7165000438690186,1.7315000295639038,1.6855000257492065,1.6864999532699585,1.6864999532699585,129110000,AMZN,1.635078,1.3344999551773071,0.0,0.35199999809265137
2006-07-17,1.6395000219345093,1.6964999437332153,1.6395000219345093,1.683500051498413,1.683500051498413,143946000,AMZN,1.5382965,1.3389999866485596,0.0,0.3445000648498535
2006-07-25,1.7000000476837158,1.7079999446868896,1.6694999933242798,1.6794999837875366,1.6794999837875366,344600000,AMZN,1.608138,1.3884999752044678,0.0,0.29100000858306885
2006-08-16,1.3984999656677246,1.406999945640564,1.3760000467300415,1.3975000381469727,1.3975000381469727,152732000,AMZN,1.2644166,1.4865000247955322,0.0,-0.08899998664855957
2006-08-23,1.4279999732971191,1.4444999694824219,1.3884999752044678,1.406999945640564,1.406999945640564,94528000,AMZN,1.3624566,1.5824999809265137,0.0,-0.1755000352859497
2006-08-24,1.4119999408721924,1.412500023841858,1.3769999742507935,1.3984999656677246,1.3984999656677246,90338000,AMZN,1.3593104,1.6260000467300415,0.0,-0.2275000810623169
2006-08-31,1.537500023841858,1.5494999885559082,1.5234999656677246,1.5414999723434448,1.5414999723434448,118940000,AMZN,1.4072243,1.5420000553131104,0.0,-0.0005000829696655273
2006-09-06,1.5880000591278076,1.5989999771118164,1.5325000286102295,1.5399999618530273,1.5399999618530273,182282000,AMZN,1.5007387,1.6165000200271606,0.0,-0.0765000581741333
2006-09-11,1.5115000009536743,1.55649995803833,1.4859999418258667,1.5394999980926514,1.5394999980926514,148076000,AMZN,1.4376097,1.5434999465942383,0.0,-0.003999948501586914
2006-09-21,1.6119999885559082,1.628000020980835,1.503499984741211,1.5110000371932983,1.5110000371932983,311074000,AMZN,1.5228792,1.6775000095367432,0.16649997234344482,0.0
2006-09-28,1.6134999990463257,1.6165000200271606,1.5609999895095825,1.5920000076293945,1.5920000076293945,149988000,AMZN,1.4808701,1.6269999742507935,0.0,-0.034999966621398926
2006-10-02,1.5989999771118164,1.6015000343322754,1.5414999723434448,1.5434999465942383,1.5434999465942383,136300000,AMZN,1.5007551,1.6440000534057617,0.0,-0.10050010681152344
2006-10-12,1.6549999713897705,1.6855000257492065,1.631500005722046,1.6775000095367432,1.6775000095367432,119794000,AMZN,1.5754303,1.872499942779541,0.0,-0.19499993324279785
2006-10-17,1.6100000143051147,1.6304999589920044,1.587499976158142,1.6234999895095825,1.6234999895095825,132714000,AMZN,1.5662676,1.9385000467300415,0.0,-0.315000057220459
2006-10-18,1.628499984741211,1.6390000581741333,1.600000023841858,1.6154999732971191,1.6154999732971191,106986000,AMZN,1.5432853,1.9735000133514402,0.0,-0.35800004005432107
2006-10-19,1.6085000038146973,1.6419999599456787,1.6050000190734863,1.6269999742507935,1.6269999742507935,80752000,AMZN,1.5257604,1.9420000314712522,0.0,-0.31500005722045876
2006-10-25,1.8650000095367432,1.8990000486373901,1.8020000457763672,1.8839999437332153,1.8839999437332153,930450000,AMZN,1.8155406,2.130000114440918,0.0,-0.24600017070770264
2006-10-30,1.902500033378601,1.9170000553131104,1.8839999437332153,1.9075000286102295,1.9075000286102295,137648000,AMZN,1.750987,2.121999979019165,0.0,-0.21449995040893555
2006-11-06,1.8819999694824219,1.9175000190734863,1.8765000104904175,1.9105000495910645,1.9105000495910645,90818000,AMZN,1.8289437,2.0460000038146973,0.0,-0.1354999542236328
2006-11-14,2.005500078201294,2.0834999084472656,1.9809999465942383,2.075500011444092,2.075500011444092,219026000,AMZN,1.8979758,1.9450000524520876,0.0,0.13049995899200417
2006-11-17,2.127500057220459,2.133500099182129,2.1110000610351562,2.127500057220459,2.127500057220459,130604000,AMZN,1.9942724,1.9344999790191653,0.0,0.19300007820129372
2006-11-24,2.128000020980835,2.1470000743865967,2.115499973297119,2.120500087738037,2.120500087738037,44826000,AMZN,2.0572517,2.000499963760376,0.0,0.12000012397766113
2006-11-29,2.0239999294281006,2.055000066757202,2.0,2.0315001010894775,2.0315001010894775,157092000,AMZN,1.9776814,2.000499963760376,0.0,0.031000137329101562
2006-12-05,1.9565000534057617,1.965000033378601,1.9359999895095825,1.9490000009536743,1.9490000009536743,114754000,AMZN,1.8001018,2.0144999027252197,0.0,-0.06549990177154541
2006-12-15,1.968999981880188,2.009500026702881,1.9615000486373901,2.000499963760376,2.000499963760376,163070000,AMZN,1.8690544,1.8574999570846558,0.0,0.14300000667572021
2007-01-12,1.8680000305175781,1.9105000495910645,1.8634999990463257,1.909999966621399,1.909999966621399,89328000,AMZN,1.7317241,1.8580000400543213,0.0,0.05199992656707764
2007-01-16,1.9199999570846558,1.9444999694824219,1.8984999656677246,1.9329999685287476,1.9329999685287476,112874000,AMZN,1.7602471,1.9134999513626096,0.0,0.019500017166137917
2007-01-17,1.934999942779541,1.9500000476837158,1.8890000581741333,1.8940000534057617,1.8940000534057617,100536000,AMZN,1.7874683,1.9490000009536743,0.0,-0.0549999475479126
2007-01-24,1.8255000114440918,1.8680000305175781,1.8250000476837158,1.8630000352859497,1.8630000352859497,105434000,AMZN,1.7339058,2.006999969482422,0.0,-0.14399993419647217
2007-01-31,1.847499966621399,1.909500002861023,1.8380000591278076,1.8834999799728394,1.8834999799728394,145550000,AMZN,1.7683281,2.049999952316284,0.0,-0.16649997234344482
2007-02-01,1.8975000381469727,1.965000033378601,1.8925000429153442,1.934999942779541,1.934999942779541,522462000,AMZN,1.8563921,2.0390000343322754,0.0,-0.10400009155273438
2007-02-05,1.8624999523162842,1.871000051498413,1.8385000228881836,1.8580000400543213,1.8580000400543213,122218000,AMZN,1.7373891,1.941499948501587,0.0,-0.08349990844726562
2007-02-08,1.9474999904632568,1.9754999876022339,1.933500051498413,1.9550000429153442,1.9550000429153442,109672000,AMZN,1.7593095,1.8845000267028809,0.0,0.07050001621246338
2007-02-26,2.0429999828338623,2.059999942779541,2.0199999809265137,2.0439999103546143,2.0439999103546143,80704000,AMZN,1.9777391,1.9225000143051145,0.0,0.12149989604949973
2007-02-27,2.009500026702881,2.0269999504089355,1.9390000104904175,1.941499948501587,1.941499948501587,177014000,AMZN,1.9639392,1.9290000200271606,-0.01249992847442627,0.0
2007-03-05,1.8574999570846558,1.9160000085830688,1.8519999980926514,1.8524999618530273,1.8524999618530273,191312000,AMZN,1.7619491,1.9505000114440918,0.0,-0.09800004959106445
2007-03-08,1.9385000467300415,1.9609999656677246,1.8990000486373901,1.9049999713897705,1.9049999713897705,152586000,AMZN,1.7264,1.9904999732971191,0.0,-0.08550000190734863
2007-03-23,1.9780000448226929,1.9800000190734863,1.9490000009536743,1.9490000009536743,1.9490000009536743,58830000,AMZN,1.8841002,2.259999990463257,0.0,-0.3109999895095825
2007-04-05,2.0785000324249268,2.0880000591278076,2.072000026702881,2.0840001106262207,2.0840001106262207,65768000,AMZN,1.9700873,3.130000114440918,0.0,-1.0460000038146973
2007-04-11,2.0864999294281006,2.0934998989105225,2.062000036239624,2.0840001106262207,2.0840001106262207,101568000,AMZN,2.0449321,3.059000015258789,0.0,-0.9749999046325684
2007-04-16,2.188499927520752,2.265000104904175,2.183500051498413,2.259999990463257,2.259999990463257,268880000,AMZN,2.1071596,3.0409998893737793,0.0,-0.7809998989105225
2007-04-17,2.2639999389648438,2.2660000324249268,2.237499952316284,2.253499984741211,2.253499984741211,147978000,AMZN,2.1253047,3.0915000438690186,0.0,-0.8380000591278076
2007-04-19,2.2304999828338623,2.257499933242798,2.2204999923706055,2.2320001125335693,2.2320001125335693,96194000,AMZN,2.1562726,3.0460000038146973,0.0,-0.8139998912811279
2007-04-20,2.254499912261963,2.258500099182129,2.2260000705718994,2.247499942779541,2.247499942779541,119610000,AMZN,2.1750739,3.078000068664551,0.0,-0.8305001258850098
2007-04-23,2.2135000228881836,2.240499973297119,2.2079999446868896,2.2385001182556152,2.2385001182556152,141772000,AMZN,2.179758,3.0850000381469727,0.0,-0.8464999198913574
2007-04-25,2.6559998989105225,2.8589999675750732,2.6475000381469727,2.8405001163482666,2.8405001163482666,2086584000,AMZN,3.077095,3.1610000133514404,0.32049989700317383,0.0
2007-05-14,3.0840001106262207,3.0869998931884766,3.0299999713897705,3.0850000381469727,3.0850000381469727,155208000,AMZN,2.7885768,3.682499885559082,0.0,-0.5974998474121094
2007-05-18,3.124000072479248,3.1649999618530273,3.114000082015991,3.1649999618530273,3.1649999618530273,195984000,AMZN,2.8714628,3.558500051498413,0.0,-0.39350008964538574
2007-06-14,3.5450000762939453,3.6059999465942383,3.5399999618530273,3.5969998836517334,3.5969998836517334,164906000,AMZN,3.3516257,3.448499917984009,0.0,0.1484999656677246
2007-06-18,3.617000102996826,3.631999969482422,3.569999933242798,3.5915000438690186,3.5915000438690186,156272000,AMZN,3.4018743,3.5139999389648438,0.0,0.0775001049041748
2007-06-19,3.577500104904175,3.5829999446868896,3.4839999675750732,3.490499973297119,3.490499973297119,237420000,AMZN,3.4144373,3.5364999771118164,0.0,-0.046000003814697266
2007-06-21,3.4579999446868896,3.4885001182556152,3.433000087738037,3.4835000038146973,3.4835000038146973,152194000,AMZN,3.339856,3.755000114440918,0.0,-0.2715001106262207
2007-07-05,3.4679999351501465,3.4825000762939453,3.4030001163482666,3.436500072479248,3.436500072479248,89758000,AMZN,3.3428867,4.200500011444092,0.0,-0.7639999389648438
2007-07-16,3.7365000247955322,3.742000102996826,3.6500000953674316,3.684499979019165,3.684499979019165,166698000,AMZN,3.5434577,3.9500000476837163,0.0,-0.2655000686645512
2007-07-25,4.232999801635742,4.440000057220459,4.182499885559082,4.309000015258789,4.309000015258789,1209048000,AMZN,3.8843286,3.61899995803833,0.0,0.690000057220459
2007-07-31,4.184999942779541,4.186500072479248,3.9000000953674316,3.927000045776367,3.927000045776367,282090000,AMZN,4.0537353,3.874500036239624,-0.052500009536743164,0.0
2007-08-01,3.9049999713897705,3.9075000286102295,3.753000020980835,3.865499973297119,3.865499973297119,338360000,AMZN,3.978503,3.9249999523162837,0.059499979019164595,0.0
2007-08-03,3.9769999980926514,4.037499904632568,3.8355000019073486,3.8399999141693115,3.8399999141693115,159750000,AMZN,3.7767076,3.9625000953674316,0.0,-0.12250018119812012
2007-08-28,3.8929998874664307,3.932499885559082,3.803999900817871,3.811000108718872,3.811000108718872,115340000,AMZN,3.8903253,4.449999809265137,0.6389997005462646,0.0
2007-09-04,3.994999885559082,4.176499843597412,3.9865000247955322,4.135000228881836,4.135000228881836,165320000,AMZN,3.9448812,4.673999786376953,0.0,-0.5389995574951172
2007-09-24,4.565000057220459,4.6875,4.540500164031982,4.629499912261963,4.629499912261963,106436000,AMZN,4.4514503,4.526500225067139,0.0,0.10299968719482422
2007-10-03,4.609499931335449,4.639999866485596,4.589000225067139,4.623000144958496,4.623000144958496,101044000,AMZN,4.587598,4.436500072479248,0.0,0.18650007247924805
2007-10-22,4.462500095367432,4.584499835968018,4.451000213623047,4.564499855041504,4.564499855041504,197368000,AMZN,4.3054676,3.849999904632569,0.0,0.7144999504089351
2007-10-31,4.402500152587891,4.480000019073486,4.349999904632568,4.457499980926514,4.457499980926514,140896000,AMZN,4.238563,3.9879999160766597,0.0,0.46950006484985396
2007-11-06,4.230500221252441,4.375,4.218500137329102,4.363500118255615,4.363500118255615,158680000,AMZN,4.104684,4.514999866485596,0.0,-0.15149974822998047
2007-11-07,4.320499897003174,4.458000183105469,4.308000087738037,4.3520002365112305,4.3520002365112305,167956000,AMZN,4.1032195,4.457499980926514,0.0,-0.1054997444152832
2007-11-09,4.120999813079834,4.120999813079834,3.941999912261963,3.944499969482422,3.944499969482422,232404000,AMZN,3.9934351,4.545499801635742,0.6009998321533203,0.0
2007-11-14,4.019999980926514,4.057499885559082,3.9075000286102295,3.92549991607666,3.92549991607666,168548000,AMZN,3.6841397,4.7104997634887695,0.0,-0.7849998474121094
2007-11-15,3.9714999198913574,3.9865000247955322,3.8350000381469727,3.8924999237060547,3.8924999237060547,156630000,AMZN,3.655312,4.7154998779296875,0.0,-0.8229999542236328
2007-11-21,3.9619998931884766,4.043000221252441,3.932499885559082,3.98799991607666,3.98799991607666,133566000,AMZN,3.7714646,4.619999885559082,0.0,-0.6319999694824219
2007-11-28,4.377500057220459,4.528500080108643,4.337500095367432,4.514999866485596,4.514999866485596,228068000,AMZN,4.172322,4.468999862670898,0.0,0.046000003814697266
2007-11-29,4.494500160217285,4.573500156402588,4.434000015258789,4.457499980926514,4.457499980926514,139542000,AMZN,4.3068395,4.5289998054504395,0.0,-0.07149982452392578
2007-12-04,4.501999855041504,4.728000164031982,4.501999855041504,4.7204999923706055,4.7204999923706055,146758000,AMZN,4.5859947,4.642499923706055,0.0,0.07800006866455078
2007-12-05,4.749499797821045,4.749499797821045,4.598999977111816,4.6595001220703125,4.6595001220703125,132172000,AMZN,4.6457562,4.712500095367432,0.0,-0.05299997329711914
2007-12-14,4.53849983215332,4.561999797821045,4.446499824523926,4.453999996185303,4.453999996185303,120046000,AMZN,4.428001,4.394000053405762,0.0,0.059999942779541016
2007-12-21,4.573500156402588,4.613999843597412,4.519499778747559,4.563000202178955,4.563000202178955,132098000,AMZN,4.2256465,4.01200008392334,0.0,0.5510001182556152
2008-01-02,4.767499923706055,4.871500015258789,4.735000133514404,4.8125,4.8125,277174000,AMZN,4.6993403,3.8835000991821285,0.0,0.9289999008178715
2008-01-17,4.007999897003174,4.112500190734863,3.9769999980926514,4.00600004196167,4.00600004196167,198018000,AMZN,3.6820736,3.674999952316284,0.0,0.33100008964538574
2008-01-18,3.996500015258789,4.115499973297119,3.9019999504089355,3.98799991607666,3.98799991607666,267286000,AMZN,3.7032511,3.759500026702881,0.0,0.2284998893737793
2008-02-13,3.749500036239624,3.942500114440918,3.6635000705718994,3.8864998817443848,3.8864998817443848,221406000,AMZN,3.5661914,3.13700008392334,0.0,0.7494997978210449
2008-02-15,3.75,3.759500026702881,3.5969998836517334,3.6480000019073486,3.6480000019073486,222402000,AMZN,3.6608741,3.1735000610351562,-0.4744999408721924,0.0
2008-02-21,3.697000026702881,3.7105000019073486,3.4684998989105225,3.494999885559082,3.494999885559082,263016000,AMZN,3.5266883,3.4159998893737793,-0.07899999618530273,0.0
2008-03-12,3.3385000228881836,3.4114999771118164,3.2820000648498535,3.325500011444092,3.325500011444092,154976000,AMZN,3.0671713,3.746999979019165,0.0,-0.42149996757507324
2008-03-14,3.430500030517578,3.5339999198913574,3.302999973297119,3.4110000133514404,3.4110000133514404,248414000,AMZN,3.2435882,3.845000028610229,0.0,-0.4340000152587886
2008-03-17,3.2860000133514404,3.3894999027252197,3.246000051498413,3.3264999389648438,3.3264999389648438,194182000,AMZN,3.2635615,3.8650000095367427,0.0,-0.538500070571899
2008-03-20,3.508500099182129,3.674499988555908,3.4690001010894775,3.6594998836517334,3.6594998836517334,228214000,AMZN,3.454355,3.5994999408721924,0.0,0.059999942779541016
2008-03-24,3.690999984741211,3.8464999198913574,3.637500047683716,3.797499895095825,3.797499895095825,187908000,AMZN,3.5395362,3.630500078201294,0.0,0.16699981689453125
2008-04-03,3.757499933242798,3.80049991607666,3.690500020980835,3.746999979019165,3.746999979019165,162998000,AMZN,3.6226099,3.8845000267028804,0.0,-0.13750004768371538
2008-04-07,3.868000030517578,3.9214999675750732,3.799999952316284,3.8450000286102295,3.8450000286102295,133448000,AMZN,3.691541,4.098499774932861,0.0,-0.25349974632263184
2008-04-08,3.819999933242798,3.880500078201294,3.7750000953674316,3.865000009536743,3.865000009536743,99320000,AMZN,3.7206533,4.0370001792907715,0.0,-0.17200016975402832
2008-04-17,3.7090001106262207,3.750999927520752,3.680500030517578,3.7019999027252197,3.7019999027252197,124400000,AMZN,3.503578,3.6394999027252197,0.0,0.0625
2008-04-23,4.014999866485596,4.131999969482422,3.937000036239624,4.050000190734863,4.050000190734863,385008000,AMZN,3.8997746,3.7100000381469727,0.0,0.3400001525878906
2008-04-28,4.0320000648498535,4.125,4.00600004196167,4.098499774932861,4.098499774932861,219838000,AMZN,3.8698921,4.114500045776367,0.0,-0.01600027084350586
2008-05-29,4.0304999351501465,4.0980000495910645,4.008500099182129,4.017499923706055,4.017499923706055,137152000,AMZN,3.9156334,4.2129998207092285,0.0,-0.19549989700317383
2008-05-30,4.0289998054504395,4.088500022888184,4.014999866485596,4.080999851226807,4.080999851226807,105412000,AMZN,3.9277403,4.054999828338623,0.0,0.026000022888183594
2008-06-13,3.8350000381469727,4.0,3.8350000381469727,3.9584999084472656,3.9584999084472656,119490000,AMZN,3.7377148,3.624500036239624,0.0,0.3339998722076416
2008-06-16,3.9210000038146973,4.126500129699707,3.9205000400543213,4.085000038146973,4.085000038146973,115088000,AMZN,3.7539237,3.752000093460083,0.0,0.33299994468688965
2008-06-17,4.15749979019165,4.215000152587891,4.139999866485596,4.148499965667725,4.148499965667725,176048000,AMZN,3.8455918,3.5304999351501465,0.0,0.6180000305175781
2008-06-24,3.9774999618530273,4.0395002365112305,3.881500005722046,3.9820001125335693,3.9820001125335693,142802000,AMZN,3.9809947,3.5920000076293945,0.0,0.3900001049041748
2008-07-09,3.7279999256134033,3.744999885559082,3.5239999294281006,3.5304999351501465,3.5304999351501465,138242000,AMZN,3.4184797,3.910500049591065,0.0,-0.3800001144409184
2008-07-23,3.372999906539917,3.6034998893737793,3.372999906539917,3.5269999504089355,3.5269999504089355,358324000,AMZN,3.3210905,4.334499835968018,0.0,-0.807499885559082
2008-07-24,3.815000057220459,4.11899995803833,3.814500093460083,3.936000108718872,3.936000108718872,619932000,AMZN,3.5165033,4.401500225067139,0.0,-0.4655001163482666
2008-07-30,3.9179999828338623,3.992500066757202,3.821000099182129,3.9105000495910645,3.9105000495910645,151346000,AMZN,3.8412755,4.106500148773193,0.0,-0.1960000991821289
2008-07-31,3.8375000953674316,3.9084999561309814,3.805000066757202,3.816999912261963,3.816999912261963,106014000,AMZN,3.8591664,4.163000106811523,0.34600019454956055,0.0
2008-08-06,3.927500009536743,3.93149995803833,3.8364999294281006,3.9045000076293945,3.9045000076293945,128122000,AMZN,3.789022,4.08650016784668,0.0,-0.18200016021728516
2008-08-21,4.070499897003174,4.188499927520752,4.048999786376953,4.163000106811523,4.163000106811523,123156000,AMZN,4.052666,3.9149999618530273,0.0,0.2480001449584961
2008-09-04,4.03000020980835,4.040500164031982,3.9010000228881836,3.9014999866485596,3.9014999866485596,166330000,AMZN,3.9086993,3.6040000915527344,-0.2974998950958252,0.0
2008-09-12,3.940500020980835,3.9800000190734863,3.8310000896453857,3.9149999618530273,3.9149999618530273,129602000,AMZN,3.7352142,3.3499999046325684,0.0,0.565000057220459
2008-09-15,3.8429999351501465,3.99399995803833,3.815000057220459,3.867000102996826,3.867000102996826,179616000,AMZN,3.725543,3.2614998817443848,0.0,0.6055002212524414
2008-09-24,3.615000009536743,3.682499885559082,3.447000026702881,3.497999906539917,3.497999906539917,187448000,AMZN,3.5404396,2.436000108718872,-1.061999797821045,0.0
2008-09-25,3.5329999923706055,3.637500047683716,3.500499963760376,3.6040000915527344,3.6040000915527344,121460000,AMZN,3.4556713,2.5144999027252197,0.0,1.0895001888275146
2008-09-26,3.4760000705718994,3.552500009536743,3.4040000438690186,3.5350000858306885,3.5350000858306885,134942000,AMZN,3.379229,2.5325000286102295,0.0,1.002500057220459
2008-10-08,2.7820000648498535,3.137500047683716,2.7674999237060547,3.0510001182556152,3.0510001182556152,286490000,AMZN,2.893836,2.8445000648498535,0.0,0.20650005340576172
2008-10-27,2.450000047683716,2.629499912261963,2.4214999675750732,2.4790000915527344,2.4790000915527344,235184000,AMZN,2.2010114,1.984500050544739,0.0,0.4945000410079954
2008-10-30,2.937999963760376,2.994499921798706,2.753999948501587,2.8355000019073486,2.8355000019073486,222514000,AMZN,2.5846882,1.7515000104904175,0.0,1.0839999914169312
2008-10-31,2.80049991607666,2.862499952316284,2.750499963760376,2.861999988555908,2.861999988555908,170692000,AMZN,2.7028205,1.8934999704360964,0.0,0.9685000181198118
2008-11-03,2.817500114440918,2.862499952316284,2.750999927520752,2.7885000705718994,2.7885000705718994,143402000,AMZN,2.776717,2.125,0.0,0.6635000705718994
2008-11-20,1.7645000219345093,1.9859999418258667,1.7339999675750732,1.7515000104904175,1.7515000104904175,368478000,AMZN,1.5880421,2.5625,0.0,-0.8109999895095825
2008-12-01,2.0999999046325684,2.1630001068115234,2.0190000534057617,2.0234999656677246,2.0234999656677246,223578000,AMZN,2.0373957,2.492000102996826,0.46850013732910156,0.0
2008-12-05,2.2945001125335693,2.424499988555908,2.1649999618530273,2.4130001068115234,2.4130001068115234,292176000,AMZN,2.2174418,2.4700000286102295,0.0,-0.056999921798706055
2008-12-08,2.4574999809265137,2.6070001125335693,2.368000030517578,2.570499897003174,2.570499897003174,218814000,AMZN,2.2819898,2.5380001068115234,0.0,0.03249979019165039
2008-12-10,2.572999954223633,2.575000047683716,2.4170000553131104,2.484999895095825,2.484999895095825,155076000,AMZN,2.4381304,2.7179999351501465,0.0,-0.2330000400543213
2008-12-11,2.4665000438690186,2.5244998931884766,2.4084999561309814,2.4124999046325684,2.4124999046325684,151672000,AMZN,2.4564738,2.703000068664551,0.2905001640319824,0.0
2008-12-22,2.5799999237060547,2.6075000762939453,2.4235000610351562,2.492000102996826,2.492000102996826,178500000,AMZN,2.4813151,2.424499988555908,0.0,0.06750011444091797
2008-12-26,2.689500093460083,2.697499990463257,2.577500104904175,2.5889999866485596,2.5889999866485596,136946000,AMZN,2.4555688,2.421999931335449,0.0,0.16700005531311035
2009-01-26,2.509000062942505,2.5445001125335693,2.4260001182556152,2.4814999103546143,2.4814999103546143,143114000,AMZN,2.3193834,3.0834999084472656,0.0,-0.6019999980926514
2009-01-27,2.4649999141693115,2.5209999084472656,2.385999917984009,2.421999931335449,2.421999931335449,174764000,AMZN,2.3325162,3.117500066757202,0.0,-0.6955001354217529
2009-01-28,2.4860000610351562,2.57450008392334,2.448499917984009,2.5179998874664307,2.5179998874664307,161132000,AMZN,2.347463,3.0975000858306885,0.0,-0.5795001983642578
2009-02-03,3.0434999465942383,3.2100000381469727,3.0,3.179500102996826,3.179500102996826,293892000,AMZN,2.83818,3.185499906539917,0.0,-0.00599980354309082
2009-02-17,3.0834999084472656,3.132499933242798,3.059000015258789,3.0834999084472656,3.0834999084472656,142522000,AMZN,3.0660698,3.2855000495910645,0.0,-0.20200014114379883
2009-02-27,3.062999963760376,3.253999948501587,3.046999931335449,3.239500045776367,3.239500045776367,229766000,AMZN,3.0251064,3.497999906539917,0.0,-0.2584998607635498
2009-03-10,3.124500036239624,3.2950000762939453,3.0889999866485596,3.2855000495910645,3.2855000495910645,308714000,AMZN,2.995341,3.671999931335449,0.0,-0.38649988174438477
2009-03-13,3.4820001125335693,3.486999988555908,3.376499891281128,3.43149995803833,3.43149995803833,178068000,AMZN,3.2206707,3.908499956130981,0.0,-0.4769999980926509
2009-03-17,3.368499994277954,3.5855000019073486,3.3499999046325684,3.567500114440918,3.567500114440918,238056000,AMZN,3.3518221,3.7755000591278076,0.0,-0.20799994468688965
2009-03-19,3.569999933242798,3.5954999923706055,3.4619998931884766,3.505000114440918,3.505000114440918,176382000,AMZN,3.44935,3.9885001182556157,0.0,-0.4835000038146977
2009-04-06,3.86299991607666,3.9179999828338623,3.799999952316284,3.8994998931884766,3.8994998931884766,115026000,AMZN,3.6736808,4.119999885559082,0.0,-0.22049999237060547
2009-04-07,3.8485000133514404,3.8540000915527344,3.74399995803833,3.7755000591278076,3.7755000591278076,114976000,AMZN,3.725763,3.9895000457763676,0.0,-0.21399998664856001
2009-04-14,3.9000000953674316,3.9730000495910645,3.8469998836517334,3.8610000610351562,3.8610000610351562,123208000,AMZN,3.8574698,4.09499979019165,0.0,-0.23399972915649414
2009-04-15,3.7750000953674316,3.7904999256134033,3.67549991607666,3.7355000972747803,3.7355000972747803,188256000,AMZN,3.8123307,4.0995001792907715,0.3640000820159912,0.0
2009-04-22,3.9084999561309814,4.109000205993652,3.890500068664551,3.9600000381469727,3.9600000381469727,175510000,AMZN,3.765075,3.7095000743865967,0.0,0.250499963760376
2009-04-29,4.149499893188477,4.149499893188477,3.9630000591278076,3.989500045776367,3.989500045776367,194702000,AMZN,4.0007534,3.8984999656677246,-0.09100008010864258,0.0
2009-05-19,3.7715001106262207,3.947999954223633,3.75600004196167,3.8935000896453857,3.8935000896453857,160578000,AMZN,3.537389,4.329500198364258,0.0,-0.43600010871887207
2009-05-21,3.8375000953674316,3.8984999656677246,3.7699999809265137,3.7980000972747803,3.7980000972747803,112810000,AMZN,3.6661444,4.203999996185303,0.0,-0.40599989891052246
2009-06-10,4.379000186920166,4.427999973297119,4.241499900817871,4.329500198364258,4.329500198364258,121472000,AMZN,4.3373203,4.079999923706055,-0.24950027465820312,0.0
2009-06-22,4.120500087738037,4.121500015258789,3.927999973297119,3.9574999809265137,3.9574999809265137,194888000,AMZN,3.8916397,4.097499847412109,0.0,-0.1399998664855957
2009-06-26,4.09499979019165,4.206999778747559,4.05649995803833,4.193999767303467,4.193999767303467,175506000,AMZN,3.8213274,4.411499977111816,0.0,-0.2175002098083496
2009-07-06,3.922499895095825,3.944499969482422,3.8269999027252197,3.9049999713897705,3.9049999713897705,147376000,AMZN,3.9517434,4.211999893188477,0.30699992179870605,0.0
2009-07-15,4.150000095367432,4.23199987411499,4.138999938964844,4.227499961853027,4.227499961853027,126780000,AMZN,3.9084613,4.2144999504089355,0.0,0.013000011444091797
2009-07-20,4.313499927520752,4.443999767303467,4.313000202178955,4.411499977111816,4.411499977111816,121132000,AMZN,4.278142,4.2220001220703125,0.0,0.1894998550415039
2009-07-27,4.311999797821045,4.32450008392334,4.177999973297119,4.211999893188477,4.211999893188477,225586000,AMZN,4.335328,4.052999973297119,-0.15899991989135742,0.0
2009-07-30,4.2820000648498535,4.362500190734863,4.258500099182129,4.304500102996826,4.304500102996826,145064000,AMZN,4.0300245,4.204500198364258,0.0,0.09999990463256836
2009-08-05,4.2820000648498535,4.287499904632568,4.151000022888184,4.2144999504089355,4.2144999504089355,145588000,AMZN,4.127758,4.199999809265137,0.0,0.014500141143798828
2009-08-06,4.2154998779296875,4.242000102996826,4.152500152587891,4.223499774932861,4.223499774932861,93860000,AMZN,4.1074586,4.2154998779296875,0.0,0.007999897003173828
2009-08-26,4.204999923706055,4.23799991607666,4.169000148773193,4.199999809265137,4.199999809265137,72276000,AMZN,4.138549,4.521999835968018,0.0,-0.32200002670288086
2009-08-31,4.096499919891357,4.097499847412109,4.017499923706055,4.059500217437744,4.059500217437744,105276000,AMZN,4.104404,4.6875,0.6279997825622559,0.0
2009-09-03,3.9195001125335693,3.947999954223633,3.875499963760376,3.9230000972747803,3.9230000972747803,82804000,AMZN,3.828058,4.526000022888184,0.0,-0.6029999256134033
2009-09-04,3.9135000705718994,3.989000082015991,3.881500005722046,3.94350004196167,3.94350004196167,93430000,AMZN,3.7689874,4.610499858856201,0.0,-0.6669998168945312
2009-09-08,3.993000030517578,4.052000045776367,3.94350004196167,4.045000076293945,4.045000076293945,140752000,AMZN,3.76803,4.585999965667725,0.0,-0.5409998893737793
2009-09-10,4.116499900817871,4.203499794006348,4.114999771118164,4.192500114440918,4.192500114440918,140462000,AMZN,3.8835516,4.552000045776367,0.0,-0.3594999313354492
2009-09-14,4.190499782562256,4.228499889373779,4.172999858856201,4.192999839782715,4.192999839782715,71440000,AMZN,4.0585403,4.433499813079834,0.0,-0.24049997329711914
2009-09-16,4.295499801635742,4.548999786376953,4.295000076293945,4.534999847412109,4.534999847412109,262286000,AMZN,4.2411213,4.698500156402588,0.0,-0.16350030899047852
2009-10-01,4.625,4.644999980926514,4.518499851226807,4.552000045776367,4.552000045776367,132902000,AMZN,4.5080075,4.672500133514404,0.0,-0.12050008773803711
2009-10-08,4.739999771118164,4.835999965667725,4.71150016784668,4.761000156402588,4.761000156402588,193486000,AMZN,4.4466596,6.129000186920166,0.0,-1.3680000305175781
2009-10-12,4.808499813079834,4.8125,4.653500080108643,4.679999828338623,4.679999828338623,111828000,AMZN,4.591885,5.941999912261963,0.0,-1.2620000839233398
2009-10-19,4.767499923706055,4.814000129699707,4.712500095367432,4.734000205993652,4.734000205993652,120348000,AMZN,4.722941,6.333499908447266,0.0,-1.5994997024536133
2009-10-21,4.763500213623047,4.831500053405762,4.645500183105469,4.671000003814697,4.671000003814697,155224000,AMZN,4.660203,6.495500087738037,0.0,-1.8245000839233398
2009-10-28,6.078499794006348,6.25600004196167,6.038000106811523,6.081999778747559,6.081999778747559,337754000,AMZN,5.9592233,6.564499855041504,0.0,-0.4825000762939453
2009-10-29,6.195000171661377,6.215000152587891,6.00600004196167,6.129000186920166,6.129000186920166,256436000,AMZN,6.1299605,6.44950008392334,0.32049989700317383,0.0
2009-10-30,6.098499774932861,6.144999980926514,5.9105000495910645,5.940499782562256,5.940499782562256,266244000,AMZN,6.1960735,6.482999801635742,0.5425000190734863,0.0
2009-11-18,6.545000076293945,6.570499897003174,6.476500034332275,6.564499855041504,6.564499855041504,104270000,AMZN,6.515096,6.769000053405762,0.0,-0.2045001983642578
2009-11-27,6.514999866485596,6.650000095367432,6.49399995803833,6.586999893188477,6.586999893188477,88452000,AMZN,6.4857025,6.423999786376953,0.0,0.16300010681152344
2009-12-03,7.181000232696533,7.295499801635742,7.03849983215332,7.058499813079834,7.058499813079834,330470000,AMZN,6.8678846,6.923500061035156,0.0,0.13499975204467773
2009-12-10,6.620500087738037,6.809500217437744,6.619999885559082,6.769000053405762,6.769000053405762,226872000,AMZN,6.513991,6.695000171661377,0.0,0.07399988174438477
2009-12-17,6.4679999351501465,6.504000186920166,6.34499979019165,6.3454999923706055,6.3454999923706055,169530000,AMZN,6.204304,6.515500068664551,0.0,-0.1700000762939453
2009-12-28,6.987500190734863,7.098999977111816,6.926499843597412,6.9654998779296875,6.9654998779296875,175278000,AMZN,6.781288,6.289000034332275,0.0,0.6764998435974121
2010-01-07,6.600500106811523,6.616000175476074,6.440000057220459,6.5,6.5,220604000,AMZN,6.4852767,6.270500183105469,0.0,0.22949981689453125
2010-01-14,6.456999778747559,6.519000053405762,6.320000171661377,6.367499828338623,6.367499828338623,195498000,AMZN,6.1180305,5.869500160217285,0.0,0.4979996681213379
2010-01-20,6.356500148773193,6.460000038146973,6.254000186920166,6.289000034332275,6.289000034332275,181494000,AMZN,6.057402,5.868000030517578,0.0,0.42100000381469727
2010-02-01,6.158999919891357,6.243000030517578,5.690999984741211,5.94350004196167,5.94350004196167,755488000,AMZN,5.9557815,5.861999988555908,-0.08150005340576172,0.0
2010-02-08,5.968999862670898,6.050000190734863,5.828000068664551,5.8414998054504395,5.8414998054504395,197804000,AMZN,5.5360036,6.276500225067139,0.0,-0.4350004196166992
2010-02-11,5.860499858856201,6.020999908447266,5.824999809265137,6.004499912261963,6.004499912261963,166870000,AMZN,5.681797,6.445499897003174,0.0,-0.44099998474121094
2010-02-24,5.8979997634887695,5.989999771118164,5.857500076293945,5.986000061035156,5.986000061035156,147798000,AMZN,5.7395964,6.566999912261963,0.0,-0.5809998512268066
2010-03-01,5.934999942779541,6.232999801635742,5.876500129699707,6.2270002365112305,6.2270002365112305,265930000,AMZN,5.8174777,6.523499965667725,0.0,-0.29649972915649414
2010-03-02,6.250500202178955,6.367499828338623,6.239999771118164,6.276500225067139,6.276500225067139,241950000,AMZN,5.928728,6.4629998207092285,0.0,-0.18649959564208984
2010-03-03,6.269999980926514,6.3470001220703125,6.221499919891357,6.29449987411499,6.29449987411499,128808000,AMZN,6.032391,6.4019999504089355,0.0,-0.10750007629394531
2010-03-23,6.54449987411499,6.546999931335449,6.403500080108643,6.4629998207092285,6.4629998207092285,84262000,AMZN,6.3929467,7.214000225067139,0.0,-0.7510004043579102
2010-04-21,7.258500099182129,7.449999809265137,7.176000118255615,7.321499824523926,7.321499824523926,147488000,AMZN,7.1490483,6.69350004196167,0.0,0.6279997825622559
2010-04-22,7.350500106811523,7.554500102996826,7.294000148773193,7.504499912261963,7.504499912261963,303316000,AMZN,7.222069,6.573500156402588,0.0,0.930999755859375
2010-05-28,6.303500175476074,6.380000114440918,6.200500011444092,6.2729997634887695,6.2729997634887695,79096000,AMZN,6.0157175,6.127500057220459,0.0,0.14549970626831055
2010-06-09,6.015500068664551,6.073500156402588,5.868000030517578,5.895500183105469,5.895500183105469,147384000,AMZN,5.9581594,5.4629998207092285,-0.43250036239624023,0.0
2010-06-10,6.0,6.175000190734863,5.960000038146973,6.1605000495910645,6.1605000495910645,121236000,AMZN,5.8707066,5.547999858856201,0.0,0.6125001907348633
2010-06-14,6.211999893188477,6.284999847412109,6.175000190734863,6.191500186920166,6.191500186920166,78460000,AMZN,5.899911,5.502999782562256,0.0,0.6885004043579102
2010-06-16,6.269499778747559,6.39900016784668,6.26800012588501,6.34499979019165,6.34499979019165,79286000,AMZN,6.100583,5.810999870300293,0.0,0.5339999198913574
2010-06-17,6.336999893188477,6.389999866485596,6.234499931335449,6.29449987411499,6.29449987411499,69580000,AMZN,6.194242,5.86299991607666,0.0,0.4314999580383301
2010-07-06,5.53249979019165,5.626500129699707,5.449999809265137,5.502999782562256,5.502999782562256,104386000,AMZN,5.1250534,5.856500148773193,0.0,-0.3535003662109375
2010-07-07,5.492000102996826,5.68149995803833,5.490499973297119,5.671500205993652,5.671500205993652,98820000,AMZN,5.182719,5.856500148773193,0.0,-0.18499994277954102
2010-07-13,6.0345001220703125,6.24399995803833,6.014999866485596,6.182499885559082,6.182499885559082,141822000,AMZN,5.8852763,6.120999813079834,0.0,0.06150007247924805
2010-07-20,6.0304999351501465,6.0355000495910645,5.875500202178955,6.005000114440918,6.005000114440918,135700000,AMZN,6.028443,6.5,0.49499988555908203,0.0
2010-08-06,6.335999965667725,6.420000076293945,6.295000076293945,6.415999889373779,6.415999889373779,101304000,AMZN,6.264006,6.331999778747559,0.0,0.0840001106262207
2010-09-02,6.608500003814697,6.760499954223633,6.602499961853027,6.760499954223633,6.760499954223633,108148000,AMZN,6.3132305,8.036499977111816,0.0,-1.2760000228881836
2010-09-03,6.8445000648498535,6.974999904632568,6.831500053405762,6.939499855041504,6.939499855041504,131624000,AMZN,6.5309315,7.968500137329102,0.0,-1.0290002822875977
2010-09-09,7.019499778747559,7.06850004196167,6.9629998207092285,7.019000053405762,7.019000053405762,99160000,AMZN,6.997826,7.8530001640319815,0.0,-0.8340001106262198
2010-09-10,7.037499904632568,7.130000114440918,7.001999855041504,7.122000217437744,7.122000217437744,100872000,AMZN,7.0906286,7.685500144958496,0.0,-0.563499927520752
2010-09-15,7.24399995803833,7.281000137329102,7.177999973297119,7.272500038146973,7.272500038146973,98072000,AMZN,7.310138,7.769999980926513,0.4974999427795401,0.0
2010-09-16,7.269999980926514,7.411499977111816,7.257999897003174,7.406499862670898,7.406499862670898,116540000,AMZN,7.3428564,7.813499927520752,0.0,-0.4070000648498535
2010-09-22,7.492000102996826,7.635000228881836,7.454999923706055,7.5914998054504395,7.5914998054504395,132248000,AMZN,7.469555,7.75850009918213,0.0,-0.16700029373169034
2010-09-24,7.771500110626221,8.044500350952148,7.770999908447266,8.036499977111816,8.036499977111816,211812000,AMZN,7.615373,8.232000350952148,0.0,-0.19550037384033203
2010-10-05,7.854000091552734,8.060500144958496,7.850500106811523,8.043499946594238,8.043499946594238,112400000,AMZN,7.713754,8.4975004196167,0.0,-0.45400047302246094
2010-10-06,8.029999732971191,8.034000396728516,7.730000019073486,7.769999980926514,7.769999980926514,121216000,AMZN,7.7122054,8.375499725341797,0.0,-0.6054997444152832
2010-10-07,7.825500011444092,7.869999885559082,7.66949987411499,7.813499927520752,7.813499927520752,92440000,AMZN,7.6908746,8.342000007629395,0.0,-0.5285000801086426
2010-10-08,7.758999824523926,7.814000129699707,7.638999938964844,7.777500152587891,7.777500152587891,138368000,AMZN,7.658086,8.261500358581543,0.0,-0.48400020599365234
2010-10-14,7.757999897003174,7.847499847412109,7.71150016784668,7.776500225067139,7.776500225067139,80482000,AMZN,7.584539,8.446499824523926,0.0,-0.6699995994567871
2010-10-15,7.921000003814697,8.244000434875488,7.837500095367432,8.232000350952148,8.232000350952148,202710000,AMZN,7.6954393,8.53849983215332,0.0,-0.3064994812011719
2010-10-22,8.1225004196167,8.508500099182129,8.113499641418457,8.456500053405762,8.456500053405762,326368000,AMZN,8.070875,8.284000396728516,0.0,0.1724996566772461
2010-10-26,8.378499984741211,8.550000190734863,8.375,8.4975004196167,8.4975004196167,93792000,AMZN,8.278294,7.888999938964844,0.0,0.6085004806518555
2010-11-04,8.493000030517578,8.626500129699707,8.420000076293945,8.446499824523926,8.446499824523926,147918000,AMZN,8.195009,8.859999656677246,0.0,-0.4134998321533203
2010-11-16,7.936999797821045,8.045499801635742,7.838500022888184,7.888999938964844,7.888999938964844,131428000,AMZN,8.050838,8.814499855041504,0.9254999160766602,0.0
2010-11-18,8.036999702453613,8.25,8.036999702453613,8.208499908447266,8.208499908447266,124506000,AMZN,7.7625117,8.781000137329102,0.0,-0.5725002288818359
2010-12-31,9.097999572753906,9.114999771118164,8.975500106811523,9.0,9.0,69038000,AMZN,9.129563,8.842499732971191,-0.1575002670288086,0.0
2011-01-12,9.267999649047852,9.269000053405762,9.164999961853027,9.204000473022461,9.204000473022461,53582000,AMZN,9.197322,8.685500144958496,0.0,0.5185003280639648
2011-01-24,8.897500038146973,8.924500465393066,8.707500457763672,8.842499732971191,8.842499732971191,112006000,AMZN,8.971315,9.520999908447266,0.6785001754760742,0.0
2011-02-10,9.219499588012695,9.362000465393066,9.180000305175781,9.310500144958496,9.310500144958496,106628000,AMZN,9.095346,8.583499908447266,0.0,0.7270002365112305
2011-02-14,9.462499618530273,9.569999694824219,9.417499542236328,9.520999908447266,9.520999908447266,81226000,AMZN,9.437386,8.344499588012695,0.0,1.1765003204345703
2011-02-16,9.488499641418457,9.5,9.317500114440918,9.331000328063965,9.331000328063965,92564000,AMZN,9.582292,8.307000160217285,-1.0240001678466797,0.0
2011-02-17,9.28849983215332,9.454500198364258,9.26550006866455,9.387999534606934,9.387999534606934,68510000,AMZN,9.549145,8.403499603271484,-0.9844999313354492,0.0
2011-02-25,8.947500228881836,9.037500381469727,8.854999542236328,8.862000465393066,8.862000465393066,83828000,AMZN,8.730327,8.090999603271484,0.0,0.771000862121582
2011-03-01,8.67650032043457,8.697999954223633,8.433500289916992,8.472000122070312,8.472000122070312,116942000,AMZN,8.421318,8.130000114440918,0.0,0.34200000762939453
2011-03-23,8.114999771118164,8.312999725341797,8.041000366210938,8.265999794006348,8.265999794006348,94426000,AMZN,8.022859,9.114500045776367,0.0,-0.8485002517700195
2011-03-29,8.536499977111816,8.741999626159668,8.503499984741211,8.730999946594238,8.730999946594238,97692000,AMZN,8.551394,8.940999984741211,0.0,-0.21000003814697266
2011-03-30,8.888999938964844,9.057999610900879,8.883000373840332,8.970999717712402,8.970999717712402,137186000,AMZN,8.729792,9.193499565124512,0.0,-0.22249984741210938
2011-04-05,9.104999542236328,9.317999839782715,9.09000015258789,9.26449966430664,9.26449966430664,111384000,AMZN,9.213316,9.831500053405762,0.0,-0.5670003890991211
2011-04-06,9.307499885559082,9.41349983215332,9.055999755859375,9.137999534606934,9.137999534606934,108614000,AMZN,9.264764,9.753499984741211,0.6155004501342773,0.0
2011-04-12,9.152999877929688,9.229499816894531,8.970999717712402,9.02400016784668,9.02400016784668,106690000,AMZN,9.185753,9.998499870300293,0.9744997024536133,0.0
2011-04-19,8.917499542236328,8.97350025177002,8.829999923706055,8.940999984741211,8.940999984741211,52920000,AMZN,8.782921,10.218999862670898,0.0,-1.2779998779296875
2011-04-21,9.227999687194824,9.298500061035156,9.15250015258789,9.294500350952148,9.294500350952148,66962000,AMZN,8.918977,10.128000259399414,0.0,-0.8334999084472656
2011-04-26,9.31350040435791,9.321000099182129,9.036999702453613,9.114999771118164,9.114999771118164,224000000,AMZN,9.118217,9.740500450134277,0.6255006790161133,0.0
2011-04-29,9.718999862670898,9.829500198364258,9.689000129699707,9.790499687194824,9.790499687194824,132818000,AMZN,9.487562,9.932499885559082,0.0,-0.1420001983642578
2011-05-04,9.912500381469727,10.093000411987305,9.768500328063965,9.998499870300293,9.998499870300293,131000000,AMZN,9.950317,9.61299991607666,0.0,0.3854999542236328
2011-05-16,10.027000427246094,10.045000076293945,9.568499565124512,9.625499725341797,9.625499725341797,187728000,AMZN,10.050791,9.3774995803833,-0.2480001449584961,0.0
2011-05-20,9.897500038146973,9.989999771118164,9.862000465393066,9.932499885559082,9.932499885559082,67620000,AMZN,9.634932,9.314499855041504,0.0,0.6180000305175781
2011-06-20,9.29800033569336,9.442500114440918,9.278499603271484,9.38599967956543,9.38599967956543,56634000,AMZN,9.187179,10.56149959564209,0.0,-1.1754999160766602
2011-07-14,10.678999900817871,10.795499801635742,10.468999862670898,10.519000053405762,10.519000053405762,78050000,AMZN,10.725768,10.074000358581543,-0.44499969482421875,0.0
2011-07-15,10.654000282287598,10.726499557495117,10.464500427246094,10.643500328063965,10.643500328063965,81452000,AMZN,10.63529,10.135000228881836,0.0,0.5085000991821289
2011-07-18,10.626500129699707,10.669500350952148,10.41450023651123,10.576499938964844,10.576499938964844,57962000,AMZN,10.548913,9.6850004196167,0.0,0.8914995193481445
2011-07-25,10.774499893188477,10.803999900817871,10.649999618530273,10.674500465393066,10.674500465393066,66856000,AMZN,10.671969,10.147500038146973,0.0,0.5270004272460938
2011-08-02,11.015999794006348,11.121500015258789,10.5649995803833,10.585000038146973,10.585000038146973,131734000,AMZN,10.992202,9.677499771118164,-0.9075002670288086,0.0
2011-08-05,10.233499526977539,10.366000175476074,9.741999626159668,10.135000228881836,10.135000228881836,200480000,AMZN,10.174404,9.963500022888184,-0.17150020599365234,0.0
2011-08-10,10.038000106811523,10.119999885559082,9.680000305175781,9.706500053405762,9.706500053405762,175152000,AMZN,9.38416,10.761500358581543,0.0,-1.0550003051757812
2011-08-22,9.141500473022461,9.210000038146973,8.854999542236328,8.876999855041504,8.876999855041504,106274000,AMZN,9.046405,10.976499557495117,2.0994997024536133,0.0
2011-08-26,9.562000274658203,9.986000061035156,9.479999542236328,9.963500022888184,9.963500022888184,106214000,AMZN,9.39275,12.084500312805176,0.0,-2.121000289916992
2011-08-29,10.140999794006348,10.333499908447266,10.1274995803833,10.326499938964844,10.326499938964844,90220000,AMZN,9.719342,11.662500381469727,0.0,-1.3360004425048828
2011-08-30,10.288999557495117,10.624500274658203,10.215999603271484,10.545999526977539,10.545999526977539,118314000,AMZN,10.082648,11.593500137329102,0.0,-1.0475006103515625
2011-09-06,10.238499641418457,10.829999923706055,10.22350025177002,10.809000015258789,10.809000015258789,124324000,AMZN,10.849587,11.21049976348877,0.40149974822998047,0.0
2011-09-07,10.9399995803833,11.009499549865723,10.711000442504883,10.994999885559082,10.994999885559082,105916000,AMZN,10.902989,11.48550033569336,0.0,-0.49050045013427734
2011-09-12,10.4375,10.833000183105469,10.432499885559082,10.82800006866455,10.82800006866455,106842000,AMZN,10.820642,10.598999977111816,0.0,0.22900009155273438
2011-09-15,11.19950008392334,11.359999656677246,11.0625,11.33899974822998,11.33899974822998,112176000,AMZN,10.946421,11.075499534606934,0.0,0.2635002136230469
2011-09-29,11.708499908447266,11.71500015258789,10.814499855041504,11.121999740600586,11.121999740600586,187570000,AMZN,11.09197,11.680500030517578,0.0,-0.5585002899169922
2011-09-30,10.909500122070312,11.149999618530273,10.760499954223633,10.81149959564209,10.81149959564209,131006000,AMZN,10.928674,11.73900032043457,0.9275007247924805,0.0
2011-10-04,10.480999946594238,10.75,10.021499633789062,10.625,10.625,174232000,AMZN,10.471467,11.357500076293945,0.0,-0.7325000762939453
2011-10-12,11.831999778747559,12.092000007629395,11.716500282287598,11.840499877929688,11.840499877929688,130216000,AMZN,11.522938,10.781000137329102,0.0,1.059499740600586
2011-10-13,11.850000381469727,11.984000205993652,11.761500358581543,11.807499885559082,11.807499885559082,96670000,AMZN,11.804659,10.91450023651123,0.0,0.8929996490478516
2011-10-21,11.845499992370605,11.850000381469727,11.529999732971191,11.73900032043457,11.73900032043457,91450000,AMZN,11.875298,10.869500160217285,-0.8695001602172852,0.0
2011-10-24,11.800999641418457,12.023500442504883,11.699999809265137,11.880499839782715,11.880499839782715,99516000,AMZN,11.759526,10.946499824523926,0.0,0.9340000152587891
2011-10-25,11.929499626159668,11.950499534606934,11.294500350952148,11.357500076293945,11.357500076293945,280252000,AMZN,11.6145935,10.891500473022461,-0.4659996032714844,0.0
2011-10-26,10.184499740600586,10.378999710083008,9.825499534606934,9.920000076293945,9.920000076293945,482684000,AMZN,11.011591,10.599499702453613,0.679499626159668,0.0
2011-11-09,10.7475004196167,10.78499984741211,10.529999732971191,10.560999870300293,10.560999870300293,93612000,AMZN,10.802663,9.856499671936035,-0.7045001983642578,0.0
2011-11-28,9.582500457763672,9.730999946594238,9.527000427246094,9.707500457763672,9.707500457763672,144146000,AMZN,8.888475,8.966500282287598,0.0,0.7410001754760742
2011-12-23,8.961000442504883,8.984000205993652,8.779999732971191,8.86400032043457,8.86400032043457,69930000,AMZN,8.673086,9.472000122070312,0.0,-0.6079998016357422
2011-12-29,8.480999946594238,8.727499961853027,8.34850025177002,8.692999839782715,8.692999839782715,164186000,AMZN,8.595932,9.304499626159668,0.0,-0.6114997863769531
2011-12-30,8.668000221252441,8.758500099182129,8.624500274658203,8.654999732971191,8.654999732971191,85596000,AMZN,8.530581,9.350000381469727,0.0,-0.6950006484985352
2012-01-04,8.96049976348877,9.024999618530273,8.803500175476074,8.875499725341797,8.875499725341797,84104000,AMZN,8.641398,9.666000366210938,0.0,-0.7905006408691406
2012-01-06,8.903499603271484,9.232500076293945,8.875,9.130499839782715,9.130499839782715,140168000,AMZN,8.813775,9.607500076293945,0.0,-0.47700023651123047
2012-01-09,9.137999534606934,9.218500137329102,8.850000381469727,8.928000450134277,8.928000450134277,101138000,AMZN,8.899661,9.722000122070312,0.0,-0.7939996719360352
2012-01-18,9.097000122070312,9.512499809265137,9.055999755859375,9.472000122070312,9.472000122070312,149470000,AMZN,8.977638,9.27400016784668,0.0,0.1979999542236328
2012-01-26,9.46500015258789,9.742500305175781,9.43649959564209,9.666000366210938,9.666000366210938,117472000,AMZN,9.449138,8.996500015258789,0.0,0.6695003509521484
2012-02-29,9.194499969482422,9.199999809265137,8.950499534606934,8.98449993133545,8.98449993133545,106006000,AMZN,8.841458,9.58650016784668,0.0,-0.6020002365112305
2012-03-06,8.934000015258789,9.175000190734863,8.902000427246094,9.054499626159668,9.054499626159668,112244000,AMZN,8.912865,10.272000312805176,0.0,-1.2175006866455078
2012-03-13,9.196000099182129,9.243499755859375,9.03849983215332,9.229499816894531,9.229499816894531,88116000,AMZN,9.219982,9.982999801635742,0.0,-0.7534999847412109
2012-03-20,9.244000434875488,9.720499992370605,9.144000053405762,9.616499900817871,9.616499900817871,183308000,AMZN,9.19396,9.398500442504883,0.0,0.21799945831298828
2012-03-30,10.25100040435791,10.342499732971191,10.093500137329102,10.125499725341797,10.125499725341797,88762000,AMZN,10.262919,9.411999702453613,-0.7135000228881836,0.0
2012-04-23,9.44950008392334,9.44950008392334,9.275500297546387,9.411999702453613,9.411999702453613,69620000,AMZN,9.451916,11.146499633789062,1.7344999313354492,0.0
2012-04-26,9.678500175476074,9.817999839782715,9.651000022888184,9.799500465393066,9.799500465393066,204680000,AMZN,9.591606,10.918000221252441,0.0,-1.118499755859375
2012-04-27,11.241499900817871,11.434499740600586,11.01099967956543,11.342499732971191,11.342499732971191,442338000,AMZN,10.084062,10.692500114440918,0.0,0.6499996185302734
2012-04-30,11.197500228881836,11.692000389099121,11.15250015258789,11.595000267028809,11.595000267028809,195138000,AMZN,10.645719,10.905500411987305,0.0,0.6894998550415039
2012-05-18,10.970499992370605,10.981499671936035,10.64050006866455,10.692500114440918,10.692500114440918,104634000,AMZN,10.893456,10.824999809265137,0.13249969482421875,0.0
2012-05-23,10.73550033569336,10.8774995803833,10.559000015258789,10.86400032043457,10.86400032043457,84876000,AMZN,10.581156,10.72249984741211,0.0,0.14150047302246094
2012-05-25,10.749500274658203,10.798999786376953,10.611000061035156,10.644499778747559,10.644499778747559,43428000,AMZN,10.536275,11.133000373840332,0.0,-0.48850059509277344
2012-06-06,10.731499671936035,10.920000076293945,10.72599983215332,10.881999969482422,10.881999969482422,54202000,AMZN,10.538812,11.281000137329102,0.0,-0.3990001678466797
2012-06-07,10.982500076293945,11.07450008392334,10.905500411987305,10.9399995803833,10.9399995803833,70078000,AMZN,10.710962,11.065500259399414,0.0,-0.12550067901611328
2012-06-12,10.882499694824219,10.899999618530273,10.72599983215332,10.821000099182129,10.821000099182129,56666000,AMZN,10.955926,11.476499557495117,0.6554994583129883,0.0
2012-06-13,10.776000022888184,10.869000434875488,10.675999641418457,10.736499786376953,10.736499786376953,46504000,AMZN,10.924576,11.352999687194824,0.6164999008178711,0.0
2012-06-14,10.762999534606934,10.824999809265137,10.628000259399414,10.72249984741211,10.72249984741211,61218000,AMZN,10.86409,11.2524995803833,0.5299997329711914,0.0
2012-06-20,11.225500106811523,11.237000465393066,11.041999816894531,11.151000022888184,11.151000022888184,48888000,AMZN,11.065343,10.767999649047852,0.0,0.38300037384033203
2012-06-21,11.192000389099121,11.30150032043457,11.026000022888184,11.028499603271484,11.028499603271484,56860000,AMZN,11.142003,10.919500350952148,-0.10899925231933594,0.0
2012-07-02,11.46500015258789,11.467000007629395,11.317000389099121,11.465999603271484,11.465999603271484,46614000,AMZN,11.285303,11.152000427246094,0.0,0.3139991760253906
2012-07-03,11.456999778747559,11.476499557495117,11.379500389099121,11.476499557495117,11.476499557495117,26634000,AMZN,11.375562,10.852499961853027,0.0,0.6239995956420898
2012-07-20,11.267999649047852,11.469499588012695,11.26449966430664,11.41450023651123,11.41450023651123,83400000,AMZN,10.973133,11.637499809265137,0.0,-0.22299957275390625
2012-07-27,11.262499809265137,11.916999816894531,11.225000381469727,11.866000175476074,11.866000175476074,226278000,AMZN,11.163765,12.058500289916992,0.0,-0.19250011444091797
2012-07-30,11.850000381469727,12.036999702453613,11.703499794006348,11.804499626159668,11.804499626159668,74728000,AMZN,11.359813,12.017499923706055,0.0,-0.21300029754638672
2012-08-23,12.107000350952148,12.173999786376953,11.951000213623047,12.0600004196167,12.0600004196167,49078000,AMZN,12.134033,13.06350040435791,1.003499984741211,0.0
2012-08-24,12.083999633789062,12.343500137329102,12.067999839782715,12.286999702453613,12.286999702453613,73976000,AMZN,12.182071,12.899999618530273,0.0,-0.6129999160766602
2012-08-28,12.19849967956543,12.33899974822998,12.149999618530273,12.305500030517578,12.305500030517578,54846000,AMZN,12.274942,13.083999633789062,0.0,-0.7784996032714844
2012-09-11,12.880000114440918,12.880000114440918,12.713000297546387,12.783499717712402,12.783499717712402,50496000,AMZN,12.82485,12.529999732971191,-0.25349998474121094,0.0
2012-09-17,13.0625,13.0625,12.850000381469727,12.899999618530273,12.899999618530273,46126000,AMZN,13.063789,12.95300006866455,0.053000450134277344,0.0
2012-09-24,12.76099967956543,12.779999732971191,12.649999618530273,12.739999771118164,12.739999771118164,54158000,AMZN,12.91991,12.208999633789062,-0.5310001373291016,0.0
2012-09-27,12.527000427246094,12.869999885559082,12.526000022888184,12.829500198364258,12.829500198364258,67948000,AMZN,12.555054,12.242500305175781,0.0,0.5869998931884766
2012-10-05,13.0600004196167,13.095000267028809,12.874500274658203,12.92549991607666,12.92549991607666,56130000,AMZN,12.786207,11.911999702453613,0.0,1.0135002136230469
2012-10-15,12.142499923706055,12.23900032043457,11.92549991607666,12.208999633789062,12.208999633789062,59196000,AMZN,12.139304,11.602999687194824,0.0,0.6059999465942383
2012-10-19,12.258000373840332,12.340999603271484,11.946999549865723,12.0,12.0,87906000,AMZN,12.043038,11.329999923706055,-0.6700000762939453,0.0
2012-10-24,11.793999671936035,11.79699993133545,11.397500038146973,11.424500465393066,11.424500465393066,73574000,AMZN,11.572666,11.261500358581543,-0.16300010681152344,0.0
2012-10-26,11.430000305175781,11.935500144958496,11.334500312805176,11.911999702453613,11.911999702453613,227350000,AMZN,11.26986,11.689000129699707,0.0,0.22299957275390625
2012-11-02,11.700499534606934,11.869999885559082,11.605500221252441,11.621000289916992,11.621000289916992,67494000,AMZN,11.40609,12.180999755859375,0.0,-0.5599994659423828
2012-11-06,11.770500183105469,11.887499809265137,11.72249984741211,11.878000259399414,11.878000259399414,53226000,AMZN,11.618556,12.355500221252441,0.0,-0.47749996185302734
2012-11-08,11.611000061035156,11.672499656677246,11.354999542236328,11.367500305175781,11.367500305175781,59648000,AMZN,11.656714,12.602499961853027,1.234999656677246,0.0
2012-11-27,12.16100025177002,12.283499717712402,12.07699966430664,12.170000076293945,12.170000076293945,60970000,AMZN,12.169201,13.020000457763672,0.0,-0.8500003814697266
2012-11-28,12.1225004196167,12.361499786376953,12.074999809265137,12.355500221252441,12.355500221252441,54868000,AMZN,12.333838,12.899499893188477,0.0,-0.5439996719360352
2012-12-05,12.621999740600586,12.77750015258789,12.519000053405762,12.697999954223633,12.697999954223633,57044000,AMZN,12.790083,12.415499687194824,-0.2825002670288086,0.0
2012-12-06,12.649999618530273,12.758500099182129,12.575499534606934,12.668499946594238,12.668499946594238,71158000,AMZN,12.793646,12.258999824523926,-0.4095001220703125,0.0
2012-12-18,12.728500366210938,13.155500411987305,12.728500366210938,13.020000457763672,13.020000457763672,99220000,AMZN,12.586346,13.267000198364258,0.0,-0.24699974060058594
2012-12-26,12.857500076293945,12.871000289916992,12.402000427246094,12.431500434875488,12.431500434875488,83054000,AMZN,12.912248,13.52400016784668,1.0924997329711914,0.0
2012-12-28,12.292499542236328,12.371999740600586,12.2524995803833,12.258999824523926,12.258999824523926,37174000,AMZN,12.49009,13.509499549865723,1.2504997253417969,0.0
2013-01-17,13.574999809265137,13.59850025177002,13.46049976348877,13.52400016784668,13.52400016784668,37692000,AMZN,13.663628,13.09749984741211,-0.4265003204345703,0.0
2013-01-18,13.541500091552734,13.725000381469727,13.479999542236328,13.605999946594238,13.605999946594238,58840000,AMZN,13.66749,12.86050033569336,-0.7454996109008789,0.0
2013-01-30,14.149999618530273,14.210000038146973,13.355500221252441,13.637999534606934,13.637999534606934,261508000,AMZN,13.637638,13.29699993133545,0.0,0.3409996032714844
2013-02-04,13.138999938964844,13.234000205993652,12.953499794006348,12.99899959564209,12.99899959564209,74472000,AMZN,13.125606,12.968000411987305,-0.030999183654785156,0.0
2013-02-12,12.959500312805176,13.008000373840332,12.850000381469727,12.9350004196167,12.9350004196167,58874000,AMZN,12.8514185,13.689499855041504,0.0,-0.7544994354248047
2013-02-20,13.510000228881836,13.71500015258789,13.318499565124512,13.320500373840332,13.320500373840332,70578000,AMZN,13.427781,13.755000114440918,0.43449974060058594,0.0
2013-02-21,13.255999565124512,13.473999977111816,13.162500381469727,13.29699993133545,13.29699993133545,72748000,AMZN,13.457708,13.286999702453613,-0.010000228881835938,0.0
2013-02-27,12.970000267028809,13.291500091552734,12.843000411987305,13.162500381469727,13.162500381469727,58162000,AMZN,13.097755,12.86400032043457,0.0,0.29850006103515625
2013-03-19,12.920000076293945,12.975000381469727,12.630999565124512,12.820500373840332,12.820500373840332,74770000,AMZN,12.925358,13.238499641418457,0.417999267578125,0.0
2013-03-25,12.928999900817871,12.971500396728516,12.725000381469727,12.800999641418457,12.800999641418457,50278000,AMZN,12.512293,13.616999626159668,0.0,-0.8159999847412109
2013-03-27,12.9375,13.296500205993652,12.895000457763672,13.265000343322754,13.265000343322754,57498000,AMZN,12.755087,12.970999717712402,0.0,0.29400062561035156
2013-03-28,13.291000366210938,13.369000434875488,13.20300006866455,13.32450008392334,13.32450008392334,49474000,AMZN,12.973805,13.015999794006348,0.0,0.3085002899169922
2013-04-04,12.96150016784668,13.020500183105469,12.805999755859375,12.954000473022461,12.954000473022461,39288000,AMZN,13.20264,13.734999656677246,0.7809991836547852,0.0
2013-04-09,12.942500114440918,13.130499839782715,12.850000381469727,13.057000160217285,13.057000160217285,43132000,AMZN,12.920857,12.690500259399414,0.0,0.3664999008178711
2013-04-12,13.505999565124512,13.66349983215332,13.35099983215332,13.643500328063965,13.643500328063965,57326000,AMZN,13.302982,12.90250015258789,0.0,0.7410001754760742
2013-04-22,12.967499732971191,13.229999542236328,12.90149974822998,13.177499771118164,13.177499771118164,42382000,AMZN,13.1673565,13.225500106811523,0.0,-0.048000335693359375
2013-04-30,12.468500137329102,12.734000205993652,12.428000450134277,12.690500259399414,12.690500259399414,84976000,AMZN,12.719346,13.442999839782715,0.7524995803833008,0.0
2013-05-02,12.446999549865723,12.646499633789062,12.288999557495117,12.6274995803833,12.6274995803833,78724000,AMZN,12.275362,13.09000015258789,0.0,-0.46250057220458984
2013-05-06,12.904500007629395,12.975000381469727,12.670999526977539,12.78600025177002,12.78600025177002,46956000,AMZN,12.393713,13.364500045776367,0.0,-0.5784997940063477
2013-05-24,12.992500305175781,13.096500396728516,12.916999816894531,13.086999893188477,13.086999893188477,33926000,AMZN,13.208006,13.902999877929688,0.8159999847412109,0.0
2013-06-19,14.062999725341797,14.166999816894531,13.893500328063965,13.907999992370605,13.907999992370605,56550000,AMZN,14.026124,14.982999801635742,1.0749998092651367,0.0
2013-06-25,13.614999771118164,13.673500061035156,13.449999809265137,13.604499816894531,13.604499816894531,48992000,AMZN,13.585997,15.434499740600586,0.0,-1.8299999237060547
2013-07-03,14.100000381469727,14.270000457763672,14.100000381469727,14.201499938964844,14.201499938964844,27460000,AMZN,14.13612,15.170000076293945,0.0,-0.9685001373291016
2013-07-10,14.570500373840332,14.666999816894531,14.470000267028809,14.616499900817871,14.616499900817871,36204000,AMZN,14.670728,15.060999870300293,0.4444999694824219,0.0
2013-07-16,15.364999771118164,15.469499588012695,15.275500297546387,15.343500137329102,15.343500137329102,53204000,AMZN,15.45877,15.037500381469727,-0.305999755859375,0.0
2013-07-17,15.34850025177002,15.4399995803833,15.284500122070312,15.434499740600586,15.434499740600586,40594000,AMZN,15.595849,14.845499992370605,-0.5889997482299805,0.0
2013-08-01,15.154000282287598,15.310500144958496,14.944999694824219,15.278499603271484,15.278499603271484,59434000,AMZN,15.163433,14.486499786376953,0.0,0.7919998168945312
2013-08-14,14.714500427246094,14.714500427246094,14.527000427246094,14.567000389099121,14.567000389099121,28300000,AMZN,14.686057,14.704999923706055,0.1379995346069336,0.0
2013-08-15,14.439499855041504,14.46500015258789,14.257499694824219,14.32349967956543,14.32349967956543,45228000,AMZN,14.555368,14.793000221252441,0.4695005416870117,0.0
2013-08-16,14.327500343322754,14.416500091552734,14.225000381469727,14.241000175476074,14.241000175476074,48450000,AMZN,14.407266,14.98550033569336,0.7445001602172852,0.0
2013-08-20,14.293999671936035,14.475500106811523,14.286999702453613,14.354499816894531,14.354499816894531,31726000,AMZN,14.229933,14.982000350952148,0.0,-0.6275005340576172
2013-08-21,14.254500389099121,14.425000190734863,14.191499710083008,14.228500366210938,14.228500366210938,36306000,AMZN,14.200101,14.942999839782715,0.0,-0.7144994735717773
2013-08-23,14.560500144958496,14.574999809265137,14.395000457763672,14.500499725341797,14.500499725341797,39238000,AMZN,14.3104105,14.803000450134277,0.0,-0.30250072479248047
2013-08-28,14.017999649047852,14.149999618530273,13.966500282287598,14.079000473022461,14.079000473022461,29142000,AMZN,14.259061,15.602999687194826,1.523999214172365,0.0
2013-08-29,14.072500228881836,14.298999786376953,14.0,14.199000358581543,14.199000358581543,31328000,AMZN,14.194116,15.81700038909912,0.0,-1.6180000305175763
2013-08-30,14.229499816894531,14.243499755859375,14.0,14.048999786376953,14.048999786376953,30694000,AMZN,14.149472,15.57450008392334,1.5255002975463867,0.0
2013-09-05,14.681500434875488,14.850000381469727,14.635499954223633,14.704999923706055,14.704999923706055,36332000,AMZN,14.52002,15.906000137329102,0.0,-1.2010002136230469
2013-09-13,15.006999969482422,15.01099967956543,14.8100004196167,14.895999908447266,14.895999908447266,27012000,AMZN,15.2294035,15.951999664306639,1.0559997558593732,0.0
2013-09-19,15.68850040435791,15.72700023651123,15.552000045776367,15.602999687194824,15.602999687194824,47018000,AMZN,15.424561,15.258500099182129,0.0,0.3444995880126953
2013-10-03,16.019500732421875,16.145999908447266,15.651000022888184,15.73799991607666,15.73799991607666,53496000,AMZN,15.984299,16.61050033569336,0.8725004196166992,0.0
2013-10-04,15.756500244140625,15.960000038146973,15.630999565124512,15.95199966430664,15.95199966430664,36300000,AMZN,15.96879,18.16950035095215,2.217500686645508,0.0
2013-10-17,15.353500366210938,15.550000190734863,15.26200008392334,15.53849983215332,15.53849983215332,52968000,AMZN,15.388825,17.17799949645996,0.0,-1.6394996643066406
2013-10-23,16.54199981689453,16.586000442504883,16.202999114990234,16.33799934387207,16.33799934387207,56364000,AMZN,16.60859,17.81100082397461,1.473001480102539,0.0
2013-10-25,17.93000030517578,18.420000076293945,17.631000518798828,18.16950035095215,18.16950035095215,240736000,AMZN,17.235125,18.458499908447266,0.0,-0.2889995574951172
2013-10-31,18.08650016784668,18.299999237060547,17.950000762939453,18.201499938964844,18.201499938964844,49336000,AMZN,18.609755,18.445999145507812,0.24449920654296875,0.0
2013-11-04,18.006000518798828,18.049999237060547,17.719999313354492,17.937000274658203,17.937000274658203,38768000,AMZN,18.549986,18.832000732421875,0.8950004577636719,0.0
2013-11-08,17.297500610351562,17.552499771118164,17.20199966430664,17.515499114990234,17.515499114990234,53138000,AMZN,17.68294,19.614999771118164,2.0995006561279297,0.0
2013-11-15,18.381500244140625,18.645000457763672,18.27750015258789,18.458499908447266,18.458499908447266,89832000,AMZN,17.88552,19.24449920654297,0.0,-0.7859992980957031
2013-11-25,18.69099998474121,18.88949966430664,18.659000396728516,18.832000732421875,18.832000732421875,59446000,AMZN,18.792118,19.38249969482422,0.0,-0.5504989624023438
2013-11-26,18.88050079345703,19.125,18.740999221801758,19.068500518798828,19.068500518798828,54488000,AMZN,18.96353,19.79800033569336,0.0,-0.7294998168945312
2013-11-27,19.174999237060547,19.350000381469727,19.13050079345703,19.335500717163086,19.335500717163086,45394000,AMZN,19.197657,19.75950050354004,0.0,-0.4239997863769531
2013-11-29,19.454999923706055,19.704999923706055,19.430999755859375,19.680999755859375,19.680999755859375,48120000,AMZN,19.494738,20.110000610351562,0.0,-0.4290008544921875
2013-12-02,19.950000762939453,19.950000762939453,19.454999923706055,19.614999771118164,19.614999771118164,94280000,AMZN,19.774591,20.145999908447266,0.5310001373291016,0.0
2013-12-03,19.50550079345703,19.547500610351562,19.155000686645508,19.232999801635742,19.232999801635742,74058000,AMZN,19.863766,19.959999084472656,0.7269992828369141,0.0
2013-12-18,19.46150016784668,19.815000534057617,19.155000686645508,19.79800033569336,19.79800033569336,69782000,AMZN,19.480043,19.882999420166016,0.0,-0.08499908447265625
2013-12-20,19.827499389648438,20.236000061035156,19.788999557495117,20.110000610351562,20.110000610351562,100678000,AMZN,19.844397,19.87700080871582,0.0,0.2329998016357422
2013-12-27,20.232500076293945,20.2814998626709,19.8125,19.90399932861328,19.90399932861328,39738000,AMZN,20.38806,20.352500915527344,0.4485015869140625,0.0
2013-12-31,19.729000091552734,19.941499710083008,19.690000534057617,19.93950080871582,19.93950080871582,39930000,AMZN,20.211761,19.993499755859375,0.05399894714355469,0.0
2014-01-08,19.923500061035156,20.149999618530273,19.802000045776367,20.09600067138672,20.09600067138672,46330000,AMZN,19.922266,20.15049934387207,0.0,-0.05449867248535156
2014-01-10,20.12649917602539,20.187999725341797,19.690000534057617,19.882999420166016,19.882999420166016,53590000,AMZN,20.07296,17.3075008392334,-2.575498580932617,0.0
2014-01-16,19.68400001525879,19.964500427246094,19.470500946044922,19.790000915527344,19.790000915527344,52024000,AMZN,19.870476,18.054000854492188,-1.7360000610351562,0.0
2014-01-30,19.688499450683594,20.3125,19.385000228881836,20.15049934387207,20.15049934387207,209478000,AMZN,19.516436,17.33799934387207,0.0,2.8125
2014-02-05,17.299999237060547,17.4685001373291,16.886499404907227,17.322500228881836,17.322500228881836,88708000,AMZN,17.005287,18.006500244140625,0.0,-0.6840000152587891
2014-02-07,17.948999404907227,18.09000015258789,17.624500274658203,18.054000854492188,18.054000854492188,86610000,AMZN,16.827814,17.98900032043457,0.0,0.06500053405761719
2014-02-12,17.821500778198242,17.887500762939453,17.31599998474121,17.462499618530273,17.462499618530273,131754000,AMZN,17.603489,18.607999801635742,1.1455001831054688,0.0
2014-02-14,17.966999053955078,17.966999053955078,17.667499542236328,17.86750030517578,17.86750030517578,70404000,AMZN,17.75531,18.526500701904297,0.0,-0.6590003967285156
2014-02-24,17.25950050354004,17.649999618530273,17.164499282836914,17.589000701904297,17.589000701904297,72894000,AMZN,17.495092,18.75200080871582,0.0,-1.1630001068115234
2014-02-28,18.030000686645508,18.293500900268555,17.854000091552734,18.104999542236328,18.104999542236328,77640000,AMZN,18.040602,18.0310001373291,0.0,0.07399940490722656
2014-03-07,18.729000091552734,18.749500274658203,18.476499557495117,18.60300064086914,18.60300064086914,45596000,AMZN,18.738873,16.914499282836914,-1.6885013580322266,0.0
2014-03-28,17.002500534057617,17.350000381469727,16.804000854492188,16.914499282836914,16.914499282836914,79736000,AMZN,16.844696,16.543500900268555,0.0,0.3709983825683594
2014-04-01,16.904499053955078,17.221500396728516,16.899999618530273,17.149499893188477,17.149499893188477,72002000,AMZN,16.574837,16.229000091552734,0.0,0.9204998016357422
2014-04-10,16.530000686645508,16.549999237060547,15.824999809265137,15.855500221252441,15.855500221252441,122534000,AMZN,15.883751,15.400500297546387,-0.4549999237060547,0.0
2014-04-28,15.199999809265137,15.219499588012695,14.399999618530273,14.829000473022461,14.829000473022461,289596000,AMZN,15.742629,14.838000297546387,0.008999824523925781,0.0
2014-04-29,14.821999549865723,15.092000007629395,14.522500038146973,15.019000053405762,15.019000053405762,130186000,AMZN,15.118817,15.059499740600586,0.04049968719482422,0.0
2014-04-30,14.904999732971191,15.227999687194824,14.904999732971191,15.206500053405762,15.206500053405762,81772000,AMZN,14.725746,15.250499725341797,0.0,-0.043999671936035156
2014-05-02,15.520999908447266,15.66450023651123,15.215499877929688,15.400500297546387,15.400500297546387,79902000,AMZN,14.7097025,15.612000465393065,0.0,-0.2115001678466779
2014-05-09,14.528499603271484,14.684000015258789,14.218999862670898,14.612000465393066,14.612000465393066,81260000,AMZN,14.498268,15.44200038909912,0.0,-0.8299999237060529
2014-05-13,15.130000114440918,15.279999732971191,15.037500381469727,15.232000350952148,15.232000350952148,70198000,AMZN,14.660043,15.338999748229979,0.0,-0.10699939727783025
2014-06-09,16.578500747680664,16.649999618530273,16.282499313354492,16.375,16.375,64244000,AMZN,16.112606,16.23900032043457,0.0,0.1359996795654297
2014-06-11,16.799999237060547,17.035999298095703,16.694000244140625,16.760000228881836,16.760000228881836,88736000,AMZN,16.711123,16.642499923706055,0.0,0.11750030517578125
2014-06-12,16.77750015258789,16.77750015258789,16.232999801635742,16.295499801635742,16.295499801635742,85526000,AMZN,16.840044,16.874500274658203,0.5790004730224609,0.0
2014-06-26,16.42449951171875,16.4325008392334,16.10650062561035,16.284500122070312,16.284500122070312,53990000,AMZN,16.21011,17.933000564575195,0.0,-1.6485004425048828
2014-07-02,16.65999984741211,16.83799934387207,16.58300018310547,16.642499923706055,16.642499923706055,53626000,AMZN,16.448156,17.930500030517578,0.0,-1.2880001068115234
2014-07-14,17.351499557495117,17.78849983215332,17.26799964904785,17.766000747680664,17.766000747680664,112198000,AMZN,16.927591,15.68249988555908,0.0,2.083500862121584
2014-07-18,17.719999313354492,17.983999252319336,17.604000091552734,17.933000564575195,17.933000564575195,68148000,AMZN,18.044594,15.84000015258789,-2.0930004119873047,0.0
2014-07-29,16.099000930786133,16.145000457763672,15.975000381469727,16.0,16.0,57676000,AMZN,16.083195,16.756500244140625,0.756500244140625,0.0
2014-08-01,15.684499740600586,15.791500091552734,15.229499816894531,15.352999687194824,15.352999687194824,148830000,AMZN,15.095023,16.579500198364258,0.0,-1.2265005111694336
2014-08-05,15.664999961853027,15.727499961853027,15.503000259399414,15.616000175476074,15.616000175476074,57042000,AMZN,14.983869,17.09149932861328,0.0,-1.475499153137207
2014-08-12,15.944499969482422,16.065500259399414,15.84749984741211,15.965999603271484,15.965999603271484,38316000,AMZN,15.849152,16.950000762939453,0.0,-0.9840011596679688
2014-08-14,16.389999389648438,16.704500198364258,16.335500717163086,16.660499572753906,16.660499572753906,68408000,AMZN,16.436361,17.319000244140625,0.0,-0.6585006713867188
2014-09-10,16.71500015258789,16.749000549316406,16.44099998474121,16.566499710083008,16.566499710083008,75948000,AMZN,16.94321,15.873000144958496,-0.6934995651245117,0.0
2014-09-15,16.545499801635742,16.566499710083008,15.949999809265137,16.194499969482422,16.194499969482422,80008000,AMZN,16.341267,16.110000610351562,-0.08449935913085938,0.0
2014-09-24,16.208499908447266,16.472000122070312,15.977999687194824,16.410499572753906,16.410499572753906,52844000,AMZN,16.197811,15.298500061035158,0.0,1.1119995117187482
2014-10-15,15.217499732971191,15.395000457763672,14.954999923706055,15.298500061035156,15.298500061035156,106878000,AMZN,15.299799,14.826000213623047,-0.4724998474121094,0.0
2014-10-27,14.28499984741211,14.520999908447266,14.25100040435791,14.498499870300293,14.498499870300293,119012000,AMZN,14.775199,16.15250015258789,1.6540002822875977,0.0
2014-10-31,15.257499694824219,15.28600025177002,15.074999809265137,15.27299976348877,15.27299976348877,91014000,AMZN,14.555607,16.631500244140625,0.0,-1.3585004806518555
2014-11-11,15.29699993133545,15.619000434875488,15.182499885559082,15.600500106811523,15.600500106811523,76072000,AMZN,15.183426,15.824999809265135,0.0,-0.2244997024536115
2014-11-20,16.200000762939453,16.633499145507812,16.166500091552734,16.527000427246094,16.527000427246094,68734000,AMZN,16.603462,15.366000175476072,-1.1610002517700213,0.0
2014-12-02,16.375,16.396499633789062,16.162500381469727,16.315500259399414,16.315500259399414,55806000,AMZN,16.749859,15.314499855041504,-1.0010004043579102,0.0
2014-12-19,14.845499992370605,15.07699966430664,14.776000022888184,14.994999885559082,14.994999885559082,174182000,AMZN,14.727577,14.737000465393066,0.0,0.2579994201660156
2014-12-30,15.495499610900879,15.696999549865723,15.467000007629395,15.515000343322754,15.515000343322754,41860000,AMZN,15.587653,15.515999794006348,0.00099945068359375,0.0
2015-01-27,15.3149995803833,15.51200008392334,15.131500244140625,15.337499618530273,15.337499618530273,58406000,AMZN,15.525546,18.668500900268555,3.3310012817382812,0.0
2015-01-29,15.236499786376953,15.640000343322754,14.966500282287598,15.58899974822998,15.58899974822998,173132000,AMZN,15.632033,19.183000564575195,3.594000816345215,0.0
2015-03-05,19.280500411987305,19.42099952697754,19.194499969482422,19.39150047302246,19.39150047302246,53870000,AMZN,19.40406,18.36750030517578,-1.0240001678466797,0.0
2015-03-16,18.518999099731445,18.69700050354004,18.336000442504883,18.667499542236328,18.667499542236328,47082000,AMZN,18.44303,18.720500946044922,0.0,-0.05300140380859375
2015-03-18,18.49850082397461,18.79949951171875,18.334999084472656,18.756999969482422,18.756999969482422,53082000,AMZN,18.492004,19.177000045776367,0.0,-0.4200000762939453
2015-03-24,18.699499130249023,18.761999130249023,18.613500595092773,18.704500198364258,18.704500198364258,44564000,AMZN,18.912611,19.172500610351562,0.4680004119873047,0.0
2015-03-26,18.47949981689453,18.56999969482422,18.282499313354492,18.36750030517578,18.36750030517578,58600000,AMZN,18.815989,18.777999877929688,0.41049957275390625,0.0
2015-04-15,19.232500076293945,19.288999557495117,19.082000732421875,19.172500610351562,19.172500610351562,38664000,AMZN,19.450367,20.954999923706055,1.7824993133544922,0.0
2015-04-17,19.131500244140625,19.17799949645996,18.719999313354492,18.777999877929688,18.777999877929688,76794000,AMZN,19.394125,21.684499740600586,2.9064998626708984,0.0
2015-04-24,21.950000762939453,22.63249969482422,21.950000762939453,22.2549991607666,22.2549991607666,343538000,AMZN,20.281466,21.299999237060547,0.0,0.9549999237060547
2015-05-05,21.142499923706055,21.375499725341797,21.051000595092773,21.059499740600586,21.059499740600586,57128000,AMZN,21.64251,21.570999145507812,0.5114994049072266,0.0
2015-05-06,21.071500778198242,21.13599967956543,20.727500915527344,20.954999923706055,20.954999923706055,51050000,AMZN,21.414385,21.328500747680664,0.3735008239746094,0.0
2015-05-07,21.207500457763672,21.424999237060547,21.142499923706055,21.3439998626709,21.3439998626709,55322000,AMZN,21.307936,21.46150016784668,0.0,-0.11750030517578125
2015-05-12,21.554000854492188,21.662500381469727,21.335500717163086,21.551000595092773,21.551000595092773,38956000,AMZN,21.633705,21.829500198364258,0.2784996032714844,0.0
2015-05-26,21.309999465942383,21.350000381469727,21.100000381469727,21.273500442504883,21.273500442504883,44884000,AMZN,21.466194,21.363000869750977,0.08950042724609375,0.0
2015-05-27,21.372499465942383,21.592500686645508,21.250499725341797,21.570999145507812,21.570999145507812,44622000,AMZN,21.512043,21.390499114990234,0.0,0.18050003051757812
2015-06-04,21.719999313354492,21.83799934387207,21.46299934387207,21.538999557495117,21.538999557495117,50216000,AMZN,21.850052,22.0049991607666,0.4659996032714844,0.0
2015-06-05,21.482999801635742,21.540000915527344,21.325000762939453,21.34749984741211,21.34749984741211,38158000,AMZN,21.824486,21.905000686645508,0.5575008392333984,0.0
2015-06-09,21.148000717163086,21.374500274658203,20.957000732421875,21.27400016784668,21.27400016784668,45774000,AMZN,21.547531,21.704500198364258,0.4305000305175781,0.0
2015-06-11,21.614500045776367,21.944499969482422,21.57349967956543,21.648500442504883,21.648500442504883,58450000,AMZN,21.557573,21.885499954223633,0.0,-0.23699951171875
2015-06-19,22.01300048828125,22.249500274658203,21.66200065612793,21.746000289916992,21.746000289916992,89902000,AMZN,21.766739,22.778499603271484,1.0324993133544922,0.0
2015-06-26,22.08799934387207,22.17449951171875,21.753000259399414,21.905000686645508,21.905000686645508,52490000,AMZN,22.3401,24.405000686645508,2.5,0.0
2015-07-02,21.850000381469727,21.90999984741211,21.673999786376953,21.885499954223633,21.885499954223633,26868000,AMZN,21.97992,26.47100067138672,4.585500717163086,0.0
2015-07-13,22.414499282836914,22.89349937438965,22.37700080871582,22.778499603271484,22.778499603271484,79136000,AMZN,22.21881,26.75149917602539,0.0,-3.9729995727539062
2015-07-30,26.38249969482422,26.959999084472656,26.214500427246094,26.83799934387207,26.83799934387207,74862000,AMZN,27.272102,25.788999557495117,-1.0489997863769531,0.0
2015-08-03,26.872499465942383,27.02199935913086,26.468000411987305,26.75149917602539,26.75149917602539,60284000,AMZN,27.415052,23.168500900268555,-3.582998275756836,0.0
2015-08-14,26.412500381469727,26.70549964904785,26.412500381469727,26.576000213623047,26.576000213623047,39896000,AMZN,26.437344,24.950000762939453,0.0,1.6259994506835938
2015-08-20,26.519500732421875,26.662500381469727,25.78849983215332,25.788999557495117,25.788999557495117,88160000,AMZN,26.842073,26.472000122070312,0.6830005645751953,0.0
2015-09-10,25.75749969482422,26.306499481201172,25.73900032043457,26.11199951171875,26.11199951171875,51520000,AMZN,26.149826,26.035999298095703,-0.07600021362304688,0.0
2015-09-11,26.053499221801758,26.472000122070312,26.030500411987305,26.472000122070312,26.472000122070312,64558000,AMZN,26.397606,26.62700080871582,0.0,-0.1550006866455078
2015-09-14,26.472000122070312,26.622499465942383,25.929000854492188,26.069000244140625,26.069000244140625,62604000,AMZN,26.587322,27.18400001525879,1.114999771118164,0.0
2015-09-16,26.099000930786133,26.415000915527344,25.926000595092773,26.36949920654297,26.36949920654297,45056000,AMZN,26.704102,27.097000122070312,0.7275009155273438,0.0
2015-09-18,26.731000900268555,27.312000274658203,26.5674991607666,27.01300048828125,27.01300048828125,123202000,AMZN,27.016111,26.989999771118164,-0.023000717163085938,0.0
2015-09-24,26.52750015258789,26.72800064086914,26.14349937438965,26.6875,26.6875,70020000,AMZN,27.298328,28.121999740600586,1.434499740600586,0.0
2015-10-02,25.649499893188477,26.6299991607666,25.405000686645508,26.62700080871582,26.62700080871582,91956000,AMZN,25.420172,29.951499938964844,0.0,-3.3244991302490234
2015-10-05,26.84950065612793,27.295499801635742,26.799999237060547,27.18400001525879,27.18400001525879,67828000,AMZN,25.914085,30.43050003051758,0.0,-3.2465000152587926
2015-10-29,30.885000228881836,31.37700080871582,30.769500732421875,31.327499389648438,31.327499389648438,77920000,AMZN,31.42804,33.063499450683594,1.7360000610351562,0.0
2015-11-09,32.932498931884766,33.097999572753906,32.39250183105469,32.77450180053711,32.77450180053711,80976000,AMZN,33.2771,33.952999114990234,1.178497314453125,0.0
2015-11-11,33.162498474121094,33.79800033569336,33.162498474121094,33.662498474121094,33.662498474121094,107746000,AMZN,33.69364,33.3125,-0.34999847412109375,0.0
2015-11-12,33.650001525878906,33.78200149536133,33.21099853515625,33.279998779296875,33.279998779296875,85694000,AMZN,33.913708,33.63199996948242,0.3520011901855469,0.0
2015-11-17,32.532501220703125,32.662498474121094,32.04999923706055,32.165000915527344,32.165000915527344,86404000,AMZN,32.98195,33.239498138427734,1.0744972229003906,0.0
2015-11-18,32.32550048828125,33.24399948120117,32.31850051879883,33.176998138427734,33.176998138427734,89396000,AMZN,32.837917,33.11600112915039,0.0,0.06099700927734375
2015-11-19,33.2495002746582,33.643001556396484,32.95000076293945,33.063499450683594,33.063499450683594,94104000,AMZN,32.94571,32.00749969482422,0.0,1.055999755859375
2015-11-30,33.79499816894531,34.06449890136719,33.22999954223633,33.2400016784668,33.2400016784668,113864000,AMZN,34.337982,33.22549819946289,-0.01450347900390625,0.0
2015-12-03,33.97200012207031,34.13949966430664,33.07400131225586,33.3125,33.3125,101294000,AMZN,34.32429,33.13949966430664,-0.17300033569335938,0.0
2015-12-04,33.29999923706055,33.73899841308594,33.06999969482422,33.63199996948242,33.63199996948242,90696000,AMZN,34.17788,33.7599983215332,0.12799835205078125,0.0
2015-12-07,33.73699951171875,33.77299880981445,33.025001525878906,33.49150085449219,33.49150085449219,74656000,AMZN,34.041473,34.69850158691406,1.207000732421875,0.0
2015-12-18,33.432498931884766,33.84199905395508,33.20650100708008,33.207000732421875,33.207000732421875,136826000,AMZN,33.67551,30.89450073242187,-2.3125000000000036,0.0
2015-12-21,33.42499923706055,33.494998931884766,32.94649887084961,33.22549819946289,33.22549819946289,65018000,AMZN,33.7836,29.090499877929688,-4.134998321533203,0.0
2016-01-14,29.012500762939453,30.112499237060547,28.493999481201172,29.649999618530273,29.649999618530273,144760000,AMZN,29.62302,25.10650062561035,0.0,4.543498992919922
2016-01-21,28.679000854492188,29.440500259399414,28.410999298095703,28.750999450683594,28.750999450683594,99044000,AMZN,28.153448,25.19099998474121,0.0,3.559999465942383
2016-01-22,29.436500549316406,30.0049991607666,29.20549964904785,29.819000244140625,29.819000244140625,102402000,AMZN,28.462374,25.354000091552734,0.0,4.465000152587891
2016-01-26,30.172500610351562,30.225000381469727,29.518999099731445,30.0625,30.0625,75314000,AMZN,29.59146,26.704999923706055,0.0,3.3575000762939453
2016-01-28,30.418500900268555,31.902999877929688,29.877500534057617,31.767499923706055,31.767499923706055,280304000,AMZN,30.416632,26.7450008392334,0.0,5.022499084472656
2016-01-29,28.599000930786133,29.649999618530273,28.5,29.350000381469727,29.350000381469727,293552000,AMZN,30.299627,27.975000381469727,-1.375,0.0
2016-02-01,28.907499313354492,29.09000015258789,28.515499114990234,28.74049949645996,28.74049949645996,127102000,AMZN,29.907537,27.64699935913086,-1.0935001373291016,0.0
2016-02-03,27.674999237060547,27.799999237060547,26.094999313354492,26.553499221801758,26.553499221801758,200974000,AMZN,28.30493,27.75749969482422,1.204000473022461,0.0
2016-02-04,26.25,26.949499130249023,25.961000442504883,26.812999725341797,26.812999725341797,123982000,AMZN,27.315817,27.761499404907227,0.9484996795654297,0.0
2016-02-10,24.58799934387207,25.232999801635742,24.299999237060547,24.52400016784668,24.52400016784668,135724000,AMZN,23.492367,28.874500274658203,0.0,-4.350500106811523
2016-02-16,25.974000930786133,26.22249984741211,25.58300018310547,26.05500030517578,26.05500030517578,102370000,AMZN,24.374598,28.01300048828125,0.0,-1.9580001831054688
2016-02-17,26.437000274658203,26.874000549316406,25.969499588012695,26.704999923706055,26.704999923706055,96480000,AMZN,25.224476,27.973499298095703,0.0,-1.2684993743896484
2016-02-24,27.287500381469727,27.713499069213867,26.657499313354492,27.70199966430664,27.70199966430664,124634000,AMZN,28.138395,28.713499069213867,1.0114994049072266,0.0
2016-02-29,27.700000762939453,28.24049949645996,27.625499725341797,27.625999450683594,27.625999450683594,82908000,AMZN,28.546247,27.698999404907227,0.07299995422363281,0.0
2016-03-08,27.89349937438965,28.5674991607666,27.73699951171875,28.01300048828125,28.01300048828125,94600000,AMZN,29.010527,29.934499740600586,1.921499252319336,0.0
2016-03-10,28.336999893188477,28.350000381469727,27.395000457763672,27.946500778198242,27.946500778198242,78398000,AMZN,28.348663,29.924999237060547,1.9784984588623047,0.0
2016-03-17,28.475500106811523,28.56999969482422,27.750499725341797,27.972000122070312,27.972000122070312,118562000,AMZN,28.731672,29.729999542236328,1.7579994201660156,0.0
2016-03-23,28.049999237060547,28.624000549316406,27.905000686645508,28.48150062561035,28.48150062561035,79674000,AMZN,27.890713,31.037500381469727,0.0,-2.555999755859375
2016-03-24,28.355499267578125,29.177499771118164,28.354000091552734,29.147499084472656,29.147499084472656,103710000,AMZN,28.168697,31.29450035095215,0.0,-2.147001266479492
2016-03-31,29.964000701904297,30.037500381469727,29.61050033569336,29.68199920654297,29.68199920654297,53636000,AMZN,30.116331,31.54999923706055,1.8680000305175817,0.0
2016-04-04,29.950000762939453,29.975000381469727,29.52750015258789,29.659500122070312,29.659500122070312,49416000,AMZN,30.534485,31.309999465942383,1.6504993438720703,0.0
2016-04-12,29.920000076293945,30.202999114990234,29.61549949645996,30.15850067138672,30.15850067138672,52822000,AMZN,30.288614,33.566001892089844,3.407501220703125,0.0
2016-05-18,34.47800064086914,35.12699890136719,34.4379997253418,34.872501373291016,34.872501373291016,85664000,AMZN,36.06754,36.38249969482422,1.5099983215332031,0.0
2016-05-19,34.59400177001953,34.970001220703125,34.47800064086914,34.92599868774414,34.92599868774414,60512000,AMZN,35.744186,35.89550018310547,0.9695014953613281,0.0
2016-05-24,34.9005012512207,35.375,34.900001525878906,35.209999084472656,35.209999084472656,60676000,AMZN,35.476078,35.7130012512207,0.5030021667480469,0.0
2016-05-25,35.400001525878906,35.542999267578125,35.2760009765625,35.41749954223633,35.41749954223633,65354000,AMZN,35.57513,35.8754997253418,0.45800018310546875,0.0
2016-06-02,36.048500061035156,36.41400146484375,35.775001525878906,36.4119987487793,36.4119987487793,60532000,AMZN,36.66331,36.104000091552734,-0.3079986572265625,0.0
2016-06-24,34.650001525878906,35.62649917602539,34.61000061035156,34.948001861572266,34.948001861572266,152650000,AMZN,35.999043,36.80350112915039,1.855499267578125,0.0
2016-06-28,35.0,35.400001525878906,34.90850067138672,35.397499084472656,35.397499084472656,80740000,AMZN,35.398693,37.2859992980957,1.8885002136230469,0.0
2016-07-06,36.285499572753906,36.88850021362305,36.12900161743164,36.88050079345703,36.88050079345703,78764000,AMZN,36.83714,36.833499908447266,0.0,0.047000885009765625
2016-07-08,37.00699996948242,37.30500030517578,36.900001525878906,37.29050064086914,37.29050064086914,68584000,AMZN,37.56166,37.94049835205078,0.6499977111816406,0.0
2016-07-21,37.375,37.46799850463867,37.13949966430664,37.221500396728516,37.221500396728516,46342000,AMZN,37.715317,38.5620002746582,1.3404998779296875,0.0
2016-07-25,37.32749938964844,37.42499923706055,36.76750183105469,36.980499267578125,36.980499267578125,53586000,AMZN,37.827877,38.42449951171875,1.444000244140625,0.0
2016-07-27,36.89849853515625,37.047000885009766,36.69300079345703,36.833499908447266,36.833499908447266,58262000,AMZN,37.659836,38.23149871826172,1.3979988098144531,0.0
2016-07-28,37.29899978637695,37.667999267578125,36.98500061035156,37.63050079345703,37.63050079345703,152352000,AMZN,37.655346,38.222999572753906,0.592498779296875,0.0
2016-07-29,38.25,38.29999923706055,37.75,37.94049835205078,37.94049835205078,135542000,AMZN,37.872765,37.865501403808594,0.0,0.0749969482421875
2016-08-08,38.34049987792969,38.349998474121094,38.05099868774414,38.327999114990234,38.327999114990234,39726000,AMZN,38.93015,38.56449890136719,0.23649978637695312,0.0
2016-08-16,38.430999755859375,38.436500549316406,38.191001892089844,38.20199966430664,38.20199966430664,32092000,AMZN,39.364536,39.2239990234375,1.0219993591308594,0.0
2016-08-17,38.22050094604492,38.26100158691406,37.959999084472656,38.23149871826172,38.23149871826172,37822000,AMZN,39.233505,39.202999114990234,0.9715003967285156,0.0
2016-08-18,38.20000076293945,38.25849914550781,38.029998779296875,38.222999572753906,38.222999572753906,29176000,AMZN,39.105194,38.00699996948242,-0.21599960327148438,0.0
2016-08-22,37.875,37.99250030517578,37.60499954223633,37.9739990234375,37.9739990234375,33586000,AMZN,38.761337,38.050498962402344,0.07649993896484375,0.0
2016-08-23,38.16550064086914,38.23500061035156,38.04999923706055,38.122501373291016,38.122501373291016,30482000,AMZN,38.703384,38.054500579833984,-0.06800079345703125,0.0
2016-08-26,38.002498626708984,38.5,37.9900016784668,38.45000076293945,38.45000076293945,55536000,AMZN,38.67387,38.755001068115234,0.30500030517578125,0.0
2016-08-30,38.5525016784668,38.59199905395508,38.27799987792969,38.37900161743164,38.37900161743164,34184000,AMZN,39.024635,39.48699951171875,1.1079978942871094,0.0
2016-08-31,38.33000183105469,38.481998443603516,38.20000076293945,38.45800018310547,38.45800018310547,32676000,AMZN,39.13999,40.23500061035156,1.7770004272460938,0.0
2016-09-01,38.54499816894531,38.60200119018555,38.337501525878906,38.53099822998047,38.53099822998047,35846000,AMZN,39.240402,40.287498474121094,1.756500244140625,0.0
2016-09-15,38.099998474121094,38.54349899291992,37.87900161743164,38.484500885009766,38.484500885009766,60680000,AMZN,38.84939,42.08300018310547,3.598499298095703,0.0
2016-09-26,40.09000015258789,40.29650115966797,39.85749816894531,39.95800018310547,39.95800018310547,53028000,AMZN,40.863094,40.647499084472656,0.6894989013671875,0.0
2016-09-30,41.63050079345703,41.997501373291016,41.619998931884766,41.865501403808594,41.865501403808594,88612000,AMZN,42.38824,40.949501037597656,-0.9160003662109375,0.0
2016-10-03,41.79999923706055,41.99300003051758,41.5625,41.83700180053711,41.83700180053711,55388000,AMZN,42.705704,41.90449905395508,0.06749725341796875,0.0
2016-10-11,42.05099868774414,42.06449890136719,41.41749954223633,41.54999923706055,41.54999923706055,71764000,AMZN,43.098156,39.27050018310547,-2.279499053955078,0.0
2016-10-18,41.105499267578125,41.16299819946289,40.750999450683594,40.88249969482422,40.88249969482422,50250000,AMZN,41.795395,39.38750076293945,-1.4949989318847656,0.0
2016-10-24,41.247501373291016,41.915000915527344,41.11050033569336,41.90449905395508,41.90449905395508,81218000,AMZN,41.454376,35.95349884033203,0.0,5.951000213623047
2016-10-27,41.5620002746582,41.58599853515625,40.77149963378906,40.917999267578125,40.917999267578125,148128000,AMZN,42.06547,37.81999969482422,-3.0979995727539062,0.0
2016-10-28,39.099998474121094,39.4744987487793,38.730499267578125,38.816001892089844,38.816001892089844,216822000,AMZN,41.370556,38.007999420166016,-0.8080024719238281,0.0
2016-11-03,38.252498626708984,38.849998474121094,38.20000076293945,38.35150146484375,38.35150146484375,77450000,AMZN,39.04203,39.01850128173828,0.6669998168945312,0.0
2016-11-04,38.13949966430664,38.29999923706055,37.6614990234375,37.752498626708984,37.752498626708984,102442000,AMZN,38.566647,38.3385009765625,0.5860023498535156,0.0
2016-11-08,39.24850082397461,39.58700180053711,38.95500183105469,39.38750076293945,39.38750076293945,68252000,AMZN,38.72892,37.528499603271484,0.0,1.8590011596679688
2016-11-10,38.94049835205078,38.94150161743164,35.8849983215332,37.11899948120117,37.11899948120117,254940000,AMZN,38.474007,37.016998291015625,-0.10200119018554688,0.0
2016-11-17,37.465999603271484,37.875,37.400001525878906,37.81999969482422,37.81999969482422,73802000,AMZN,37.084076,38.43299865722656,0.0,-0.6129989624023438
2016-11-21,38.29999923706055,39.01750183105469,38.25550079345703,39.0,39.0,92292000,AMZN,38.18561,38.71699905395508,0.0,0.2830009460449219
2016-12-06,38.199501037597656,38.4119987487793,37.86249923706055,38.236000061035156,38.236000061035156,75894000,AMZN,37.988876,38.60649871826172,0.0,-0.3704986572265625
2016-12-07,38.227500915527344,38.520999908447266,37.79100036621094,38.520999908447266,38.520999908447266,73698000,AMZN,38.1787,38.25749969482422,0.0,0.2635002136230469
2016-12-19,37.94449996948242,38.525001525878906,37.80799865722656,38.29999923706055,38.29999923706055,62264000,AMZN,38.877754,39.95100021362305,1.6510009765625,0.0
2016-12-28,38.8125,39.0,38.525001525878906,38.60649871826172,38.60649871826172,66020000,AMZN,39.1356,40.416500091552734,1.8100013732910156,0.0
2017-01-03,37.895999908447266,37.9379997253418,37.3849983215332,37.68349838256836,37.68349838256836,70422000,AMZN,38.747097,41.82600021362305,4.1425018310546875,0.0
2017-01-04,37.919498443603516,37.98400115966797,37.709999084472656,37.85900115966797,37.85900115966797,50210000,AMZN,38.567528,41.95750045776367,4.098499298095703,0.0
2017-01-10,39.83000183105469,39.900001525878906,39.47700119018555,39.79499816894531,39.79499816894531,51168000,AMZN,40.09104,41.61750030517578,1.8225021362304688,0.0
2017-01-19,40.5,40.675498962402344,40.36600112915039,40.45199966430664,40.45199966430664,50816000,AMZN,41.64551,41.06800079345703,0.6160011291503906,0.0
2017-02-08,40.634498596191406,41.07400131225586,40.625,40.98550033569336,40.98550033569336,57160000,AMZN,41.122147,42.445499420166016,1.4599990844726562,0.0
2017-02-22,42.84749984741211,42.92150115966797,42.60900115966797,42.78049850463867,42.78049850463867,52340000,AMZN,43.567444,42.64849853515625,-0.13199996948242188,0.0
2017-02-28,42.5724983215332,42.704498291015625,42.102500915527344,42.25199890136719,42.25199890136719,55874000,AMZN,43.426025,42.15999984741211,-0.09199905395507812,0.0
2017-03-02,42.65399932861328,42.74100112915039,42.36399841308594,42.445499420166016,42.445499420166016,42642000,AMZN,43.417526,42.36899948120117,-0.07649993896484375,0.0
2017-03-10,42.849998474121094,42.86750030517578,42.58599853515625,42.62300109863281,42.62300109863281,48728000,AMZN,43.431675,44.32699966430664,1.7039985656738281,0.0
2017-03-17,42.67449951171875,42.69150161743164,42.53200149536133,42.615501403808594,42.615501403808594,67688000,AMZN,43.586334,44.74399948120117,2.128498077392578,0.0
2017-03-20,42.57550048828125,42.88999938964844,42.550498962402344,42.8484992980957,42.8484992980957,45654000,AMZN,43.6002,45.35200119018555,2.5035018920898438,0.0
2017-04-05,45.54100036621094,46.18600082397461,45.28099822998047,45.4640007019043,45.4640007019043,150168000,AMZN,45.9862,45.91899871826172,0.4549980163574219,0.0
2017-04-17,44.375,45.11899948120117,44.375,45.0994987487793,45.0994987487793,57094000,AMZN,45.86335,47.45199966430664,2.3525009155273438,0.0
2017-04-18,45.04949951171875,45.480499267578125,45.03900146484375,45.18899917602539,45.18899917602539,59984000,AMZN,45.84915,47.64099884033203,2.4519996643066406,0.0
2017-05-02,47.33250045776367,47.505001068115234,47.070499420166016,47.34700012207031,47.34700012207031,76976000,AMZN,47.811226,48.57699966430664,1.2299995422363281,0.0
2017-05-05,47.0260009765625,47.03950119018555,46.51499938964844,46.70750045776367,46.70750045776367,57328000,AMZN,48.340233,49.78900146484375,3.081501007080078,0.0
2017-05-09,47.63999938964844,47.894500732421875,47.5099983215332,47.64099884033203,47.64099884033203,65242000,AMZN,48.51969,49.73099899291992,2.0900001525878906,0.0
2017-05-10,47.67499923706055,47.6875,47.25,47.4474983215332,47.4474983215332,41930000,AMZN,48.64299,49.79750061035156,2.3500022888183594,0.0
2017-05-15,47.936500549316406,48.157501220703125,47.803001403808594,47.89849853515625,47.89849853515625,85412000,AMZN,48.89871,50.150001525878906,2.2515029907226562,0.0
2017-05-17,47.73500061035156,48.02000045776367,47.20600128173828,47.237998962402344,47.237998962402344,102912000,AMZN,49.033348,50.51350021362305,3.275501251220703,0.0
2017-05-26,49.75,49.932498931884766,49.462501525878906,49.78900146484375,49.78900146484375,69384000,AMZN,50.438858,49.75849914550781,-0.0305023193359375,0.0
2017-05-30,49.82550048828125,50.060001373291016,49.7760009765625,49.834999084472656,49.834999084472656,65262000,AMZN,50.825897,49.62950134277344,-0.20549774169921875,0.0
2017-06-06,50.599998474121094,50.82500076293945,50.0625,50.150001525878906,50.150001525878906,66928000,AMZN,51.65071,48.8390007019043,-1.3110008239746094,0.0
2017-06-08,50.60300064086914,50.68050003051758,50.30550003051758,50.51350021362305,50.51350021362305,55358000,AMZN,51.80738,48.79650115966797,-1.7169990539550781,0.0
2017-06-23,50.12699890136719,50.23099899291992,49.9010009765625,50.1870002746582,50.1870002746582,57582000,AMZN,51.215866,50.50199890136719,0.3149986267089844,0.0
2017-06-26,50.42499923706055,50.4900016784668,49.599998474121094,49.69900131225586,49.69900131225586,67724000,AMZN,51.361168,51.22249984741211,1.52349853515625,0.0
2017-06-30,49.00600051879883,49.173500061035156,48.38050079345703,48.400001525878906,48.400001525878906,67806000,AMZN,50.156254,51.9474983215332,3.547496795654297,0.0
2017-07-05,48.076499938964844,48.75,47.76250076293945,48.56999969482422,48.56999969482422,73060000,AMZN,49.397774,52.63999938964844,4.069999694824219,0.0
2017-07-24,51.41699981689453,52.1505012512207,51.371498107910156,51.9474983215332,51.9474983215332,65760000,AMZN,52.89576,49.165000915527344,-2.7824974060058594,0.0
2017-08-03,49.9734992980957,49.974998474121094,49.22949981689453,49.34600067138672,49.34600067138672,65116000,AMZN,50.69904,47.622501373291016,-1.7234992980957031,0.0
2017-08-04,49.48400115966797,49.583499908447266,49.099998474121094,49.37900161743164,49.37900161743164,54606000,AMZN,50.347294,47.26300048828125,-2.1160011291503906,0.0
2017-08-07,49.532501220703125,49.75,49.356998443603516,49.61349868774414,49.61349868774414,53532000,AMZN,50.19868,47.30099868774414,-2.3125,0.0
2017-08-11,48.0,48.519500732421875,47.569000244140625,48.39950180053711,48.39950180053711,69360000,AMZN,49.43146,48.912498474121094,0.5129966735839844,0.0
2017-08-16,49.08250045776367,49.323001861572266,48.6609992980957,48.909000396728516,48.909000396728516,62642000,AMZN,49.799164,48.9734992980957,0.0644989013671875,0.0
2017-08-18,48.06999969482422,48.27149963378906,47.73249816894531,47.923500061035156,47.923500061035156,65696000,AMZN,49.587223,48.89799880981445,0.9744987487792969,0.0
2017-08-28,47.32699966430664,47.650001525878906,47.11249923706055,47.30099868774414,47.30099868774414,51934000,AMZN,48.45771,48.49300003051758,1.1920013427734375,0.0
2017-09-05,48.77000045776367,48.8385009765625,48.01850128173828,48.26350021362305,48.26350021362305,57664000,AMZN,49.73186,46.93000030517578,-1.3334999084472656,0.0
2017-09-08,48.95500183105469,48.99399948120117,48.173500061035156,48.29499816894531,48.29499816894531,52106000,AMZN,50.00138,48.067501068115234,-0.22749710083007812,0.0
2017-09-11,48.722999572753906,49.09700012207031,48.71099853515625,48.89799880981445,48.89799880981445,43734000,AMZN,50.068867,47.95949935913086,-0.9384994506835938,0.0
2017-09-20,48.589500427246094,48.740501403808594,48.108001708984375,48.660499572753906,48.660499572753906,57776000,AMZN,50.14517,49.75,1.0895004272460938,0.0
2017-09-21,48.56549835205078,48.584999084472656,48.10100173950195,48.23249816894531,48.23249816894531,46752000,AMZN,49.84262,50.04650115966797,1.8140029907226562,0.0
2017-09-27,47.400001525878906,47.76499938964844,47.165000915527344,47.54349899291992,47.54349899291992,62978000,AMZN,48.126766,49.849998474121094,2.306499481201172,0.0
2017-09-29,48.00550079345703,48.24150085449219,47.91899871826172,48.067501068115234,48.067501068115234,50876000,AMZN,48.327717,49.14550018310547,1.0779991149902344,0.0
2017-10-09,49.6619987487793,49.92499923706055,49.375,49.54949951171875,49.54949951171875,58772000,AMZN,50.22845,55.54249954223633,5.993000030517578,0.0
2017-10-13,50.349998474121094,50.38850021362305,50.05149841308594,50.14699935913086,50.14699935913086,48630000,AMZN,51.397934,55.58000183105469,5.433002471923828,0.0
2017-10-17,50.27949905395508,50.57350158691406,50.21900177001953,50.45650100708008,50.45650100708008,46394000,AMZN,51.784115,56.15850067138672,5.701999664306641,0.0
2017-10-19,49.5,49.5525016784668,49.012001037597656,49.330501556396484,49.330501556396484,62164000,AMZN,51.57466,56.45650100708008,7.125999450683594,0.0
2017-10-20,49.67649841308594,49.73099899291992,49.099998474121094,49.14550018310547,49.14550018310547,47302000,AMZN,51.23462,56.26750183105469,7.122001647949219,0.0
2017-10-30,54.7504997253418,56.13949966430664,54.678001403808594,55.54249954223633,55.54249954223633,132262000,AMZN,52.651,56.31549835205078,0.0,-0.7729988098144531
2017-11-10,56.30500030517578,56.587501525878906,56.202999114990234,56.26750183105469,56.26750183105469,43598000,AMZN,58.305584,56.6974983215332,0.4299964904785156,0.0
2017-11-14,56.50550079345703,56.900001525878906,56.19449996948242,56.84199905395508,56.84199905395508,62768000,AMZN,58.304485,57.61750030517578,0.7755012512207031,0.0
2017-11-29,59.7400016784668,59.7400016784668,57.259498596191406,58.063499450683594,58.063499450683594,185150000,AMZN,60.84431,58.88100051879883,0.8175010681152344,0.0
2017-12-06,56.89950180053711,57.794498443603516,56.80400085449219,57.61750030517578,57.61750030517578,57066000,AMZN,58.96594,59.30500030517578,1.6875,0.0
2017-12-18,59.368499755859375,59.73899841308594,59.045501708984375,59.52899932861328,59.52899932861328,58952000,AMZN,60.477783,62.71649932861328,3.1875,0.0
2017-12-22,58.604000091552734,58.73099899291992,58.39149856567383,58.417999267578125,58.417999267578125,31702000,AMZN,60.80215,64.75,6.332000732421875,0.0
2018-01-03,59.415000915527344,60.27450180053711,59.415000915527344,60.209999084472656,60.209999084472656,62176000,AMZN,60.93014,68.89749908447266,8.6875,0.0
2018-01-04,60.25,60.79349899291992,60.233001708984375,60.47949981689453,60.47949981689453,60442000,AMZN,61.340336,70.10250091552734,9.623001098632812,0.0
2018-01-05,60.8754997253418,61.457000732421875,60.5,61.457000732421875,61.457000732421875,70894000,AMZN,61.893574,70.88400268554688,9.427001953125,0.0
2018-01-24,68.74099731445312,69.40799713134766,66.9000015258789,67.87550354003906,67.87550354003906,136150000,AMZN,68.84713,72.55249786376953,4.676994323730469,0.0
2018-01-29,70.45899963378906,71.56950378417969,70.02200317382812,70.88400268554688,70.88400268554688,114038000,AMZN,71.53857,73.4175033569336,2.5335006713867188,0.0
2018-02-01,72.25,72.99400329589844,69.25700378417969,69.5,69.5,182276000,AMZN,73.72709,75.0,5.5,0.0
2018-02-02,73.86949920654297,74.9000015258789,70.69999694824219,71.49749755859375,71.49749755859375,222514000,AMZN,74.05087,76.09750366210938,4.600006103515625,0.0
2018-02-06,68.072998046875,72.19950103759766,67.5895004272461,72.14199829101562,72.14199829101562,221336000,AMZN,72.81816,75.62249755859375,3.480499267578125,0.0
2018-02-26,75.45999908447266,76.14199829101562,75.3499984741211,76.09750366210938,76.09750366210938,99100000,AMZN,77.41303,77.24649810791016,1.1489944458007812,0.0
2018-02-27,76.2249984741211,76.33899688720703,75.3604965209961,75.5989990234375,75.5989990234375,96176000,AMZN,77.968124,79.32550048828125,3.72650146484375,0.0
2018-02-28,75.97550201416016,76.43499755859375,75.5999984741211,75.62249755859375,75.62249755859375,90300000,AMZN,78.35465,79.09300231933594,3.4705047607421875,0.0
2018-03-08,77.5,77.74400329589844,77.26249694824219,77.59300231933594,77.59300231933594,77252000,AMZN,78.87396,72.36699676513672,-5.226005554199219,0.0
2018-03-13,80.7979965209961,80.87699890136719,78.90049743652344,79.40899658203125,79.40899658203125,130638000,AMZN,81.44408,70.52850341796875,-8.8804931640625,0.0
2018-03-15,79.75,79.84549713134766,78.90550231933594,79.11599731445312,79.11599731445312,81394000,AMZN,82.369736,70.2614974975586,-8.854499816894531,0.0
2018-03-16,79.17250061035156,79.47200012207031,78.375,78.58399963378906,78.58399963378906,108500000,AMZN,82.28976,70.30400085449219,-8.279998779296875,0.0
2018-03-19,77.72650146484375,78.08300018310547,76.26750183105469,77.24649810791016,77.24649810791016,131616000,AMZN,81.63775,71.81099700927734,-5.4355010986328125,0.0
2018-03-21,79.32250213623047,79.5,78.15850067138672,79.09300231933594,79.09300231933594,95016000,AMZN,81.06781,72.42500305175781,-6.667999267578125,0.0
2018-03-26,76.5,77.84950256347656,74.9625015258789,77.79299926757812,77.79299926757812,112494000,AMZN,79.28764,75.19149780273438,-2.60150146484375,0.0
2018-03-27,78.62000274658203,78.79850006103516,74.11599731445312,74.85250091552734,74.85250091552734,139992000,AMZN,78.75197,76.39199829101562,1.5394973754882812,0.0
2018-04-04,67.91200256347656,70.76950073242188,67.64399719238281,70.52850341796875,70.52850341796875,139646000,AMZN,70.413,73.00849914550781,0.0,-2.4799957275390625
2018-04-09,71.25150299072266,71.92400360107422,70.12850189208984,70.30400085449219,70.30400085449219,84164000,AMZN,71.561806,78.30650329589844,8.00250244140625,0.0
2018-04-12,71.9749984741211,72.60600280761719,71.75299835205078,72.42500305175781,72.42500305175781,62700000,AMZN,73.42873,78.60399627685547,6.178993225097656,0.0
2018-04-13,72.45700073242188,72.98899841308594,71.22599792480469,71.53949737548828,71.53949737548828,73706000,AMZN,73.90007,79.04750061035156,7.508003234863281,0.0
2018-04-16,72.25,72.3499984741211,71.3740005493164,72.07499694824219,72.07499694824219,56172000,AMZN,74.22821,80.00700378417969,7.9320068359375,0.0
2018-05-03,78.00050354003906,78.73999786376953,77.3010025024414,78.60399627685547,78.60399627685547,85038000,AMZN,81.02579,80.15350341796875,1.5495071411132812,0.0
2018-05-15,79.38999938964844,79.38999938964844,78.26100158691406,78.80599975585938,78.80599975585938,101550000,AMZN,82.84083,84.7874984741211,5.981498718261719,0.0
2018-05-18,79.06649780273438,79.17949676513672,78.6050033569336,78.71849822998047,78.71849822998047,52852000,AMZN,81.96662,84.45600128173828,5.7375030517578125,0.0
2018-05-21,79.25,79.60250091552734,78.75,79.27300262451172,79.27300262451172,58504000,AMZN,81.82032,84.9375,5.664497375488281,0.0
2018-05-29,80.0354995727539,81.0895004272461,80.00749969482422,80.64350128173828,80.64350128173828,76930000,AMZN,82.63941,86.73899841308594,6.095497131347656,0.0
2018-06-12,84.6500015258789,84.97550201416016,84.57599639892578,84.9375,84.9375,45184000,AMZN,87.765884,84.697998046875,-0.239501953125,0.0
2018-06-13,85.1405029296875,85.6875,85.00599670410156,85.24299621582031,85.24299621582031,66550000,AMZN,87.99254,84.98650360107422,-0.25649261474609375,0.0
2018-06-19,85.4520034790039,86.80549621582031,85.01950073242188,86.73899841308594,86.73899841308594,85802000,AMZN,88.85866,87.75,1.0110015869140625,0.0
2018-06-21,88.0,88.15499877929688,85.87799835205078,86.51100158691406,86.51100158691406,98822000,AMZN,89.612885,90.65149688720703,4.140495300292969,0.0
2018-06-27,85.40550231933594,85.59750366210938,83.0,83.02549743652344,83.02549743652344,97444000,AMZN,87.49335,90.64849853515625,7.6230010986328125,0.0
2018-07-03,86.197998046875,86.25,84.6240005493164,84.697998046875,84.697998046875,43546000,AMZN,87.51109,93.18049621582031,8.482498168945312,0.0
2018-07-10,86.92649841308594,87.5,86.55000305175781,87.15350341796875,87.15350341796875,60058000,AMZN,88.92153,88.87200164794922,1.7184982299804688,0.0
2018-07-13,90.19650268554688,90.76499938964844,89.7614974975586,90.65149688720703,90.65149688720703,87664000,AMZN,91.46629,91.16449737548828,0.51300048828125,0.0
2018-07-16,91.09750366210938,92.09750366210938,90.72250366210938,91.12449645996094,91.12449645996094,109324000,AMZN,92.59807,92.38749694824219,1.26300048828125,0.0
2018-07-23,90.6104965209961,90.94999694824219,88.49949645996094,90.0999984741211,90.0999984741211,77770000,AMZN,94.5065,94.80999755859375,4.709999084472656,0.0
2018-07-27,93.80249786376953,94.00250244140625,90.32649993896484,90.8635025024414,90.8635025024414,193620000,AMZN,94.41604,94.11100006103516,3.24749755859375,0.0
2018-07-31,89.32450103759766,90.09149932861328,86.96600341796875,88.87200164794922,88.87200164794922,114774000,AMZN,93.228874,94.1709976196289,5.2989959716796875,0.0
2018-08-07,92.72650146484375,93.48600006103516,92.3134994506836,93.1240005493164,93.1240005493164,67550000,AMZN,94.39303,96.64099884033203,3.516998291015625,0.0
2018-08-21,94.0,94.88749694824219,93.72049713134766,94.1709976196289,94.1709976196289,62112000,AMZN,97.68845,99.5,5.329002380371094,0.0
2018-08-29,97.67250061035156,99.93450164794922,97.4469985961914,99.90499877929688,99.90499877929688,130636000,AMZN,99.969765,97.21499633789062,-2.69000244140625,0.0
2018-09-06,100.32550048828125,100.375,96.760498046875,97.91549682617188,97.91549682617188,149774000,AMZN,103.62939,100.64900207519531,2.7335052490234375,0.0
2018-09-07,96.93550109863281,98.76000213623047,96.86750030517578,97.60350036621094,97.60350036621094,97852000,AMZN,102.966515,100.1500015258789,2.5465011596679688,0.0
2018-09-20,96.92900085449219,97.75,96.61250305175781,97.21499633789062,97.21499633789062,63098000,AMZN,100.13548,85.96800231933594,-11.246994018554688,0.0
2018-09-21,97.71099853515625,97.8655014038086,95.5250015258789,95.75050354003906,95.75050354003906,137118000,AMZN,99.865036,89.43049621582031,-6.32000732421875,0.0
2018-10-02,99.99949645996094,100.66950225830078,98.28849792480469,98.56549835205078,98.56549835205078,108014000,AMZN,103.327614,88.43499755859375,-10.130500793457031,0.0
2018-10-11,86.19999694824219,87.7699966430664,84.25499725341797,85.96800231933594,85.96800231933594,278718000,AMZN,93.209076,83.27649688720703,-2.6915054321289062,0.0
2018-10-18,91.07450103759766,91.50749969482422,88.39350128173828,88.53600311279297,88.53600311279297,117480000,AMZN,91.58336,87.74549865722656,-0.7905044555664062,0.0
2018-10-23,87.11199951171875,88.81700134277344,85.69999694824219,88.43499755859375,88.43499755859375,134478000,AMZN,91.351585,81.55850219726562,-6.876495361328125,0.0
2018-10-24,88.68499755859375,88.885498046875,82.8280029296875,83.20999908447266,83.20999908447266,138568000,AMZN,90.377,79.95050048828125,-3.2594985961914062,0.0
2018-10-26,82.47949981689453,84.9229965209961,80.1500015258789,82.1405029296875,82.1405029296875,299276000,AMZN,88.011505,79.67050170898438,-2.470001220703125,0.0
2018-10-29,83.0,83.28700256347656,74.75,76.94400024414062,76.94400024414062,277322000,AMZN,85.482544,75.614501953125,-1.329498291015625,0.0
2018-11-13,82.4645004272461,83.85299682617188,80.6875,81.55850219726562,81.55850219726562,118666000,AMZN,87.25739,84.95950317382812,3.4010009765625,0.0
2018-11-27,78.79949951171875,79.88249969482422,77.90049743652344,79.07099914550781,79.07099914550781,115664000,AMZN,78.33482,74.75399780273438,0.0,4.3170013427734375
2018-11-28,80.69599914550781,84.07250213623047,80.06099700927734,83.88749694824219,83.88749694824219,169174000,AMZN,79.98859,73.04149627685547,0.0,10.846000671386719
2018-12-14,81.9000015258789,82.12850189208984,79.25,79.59549713134766,79.59549713134766,127344000,AMZN,84.94226,82.8290023803711,3.2335052490234375,0.0
2019-01-04,76.5,79.69999694824219,75.91549682617188,78.76950073242188,78.76950073242188,183652000,AMZN,77.313576,81.89450073242188,0.0,-3.125
2019-01-08,83.2344970703125,83.83049774169922,80.83049774169922,82.8290023803711,82.8290023803711,177628000,AMZN,81.499405,83.52149963378906,0.0,-0.6924972534179688
2019-01-10,82.05049896240234,83.1624984741211,81.08100128173828,82.81099700927734,82.81099700927734,130154000,AMZN,84.67003,81.3115005493164,-1.4994964599609375,0.0
2019-01-17,84.0,85.00849914550781,83.875,84.66100311279297,84.66100311279297,84178000,AMZN,86.44401,79.41100311279297,-5.25,0.0
2019-01-25,83.5250015258789,84.17400360107422,83.08049774169922,83.52850341796875,83.52850341796875,98918000,AMZN,85.641525,80.39749908447266,-3.1310043334960938,0.0
2019-02-01,81.94400024414062,83.65299987792969,81.10050201416016,81.3115005493164,81.3115005493164,230124000,AMZN,84.839005,81.6500015258789,0.3385009765625,0.0
2019-02-13,82.3499984741211,82.81900024414062,81.85549926757812,82.0,82.0,71206000,AMZN,83.11015,81.29750061035156,-0.7024993896484375,0.0
2019-03-01,82.75650024414062,83.71299743652344,82.55000305175781,83.58650207519531,83.58650207519531,99498000,AMZN,84.91432,88.2385025024414,4.652000427246094,0.0
2019-03-25,87.8895034790039,89.13400268554688,87.375,88.71299743652344,88.71299743652344,102076000,AMZN,92.251686,92.24349975585938,3.5305023193359375,0.0
2019-03-27,89.20649719238281,89.375,87.28399658203125,88.28500366210938,88.28500366210938,86496000,AMZN,92.28679,93.24099731445312,4.95599365234375,0.0
2019-04-02,90.5510025024414,91.0,90.25599670410156,90.6989974975586,90.6989974975586,68962000,AMZN,92.86515,95.0875015258789,4.3885040283203125,0.0
2019-04-03,91.33599853515625,91.5,90.48100280761719,91.03500366210938,91.03500366210938,78522000,AMZN,93.36456,95.11250305175781,4.0774993896484375,0.0
2019-04-11,92.43499755859375,92.49749755859375,92.0155029296875,92.20349884033203,92.20349884033203,53096000,AMZN,95.43601,98.12300109863281,5.919502258300781,0.0
2019-05-09,95.0,95.47000122070312,93.80000305175781,94.99349975585938,94.99349975585938,106166000,AMZN,99.211945,88.75350189208984,-6.239997863769531,0.0
2019-05-16,94.2969970703125,95.87550354003906,94.114501953125,95.37850189208984,95.37850189208984,94156000,AMZN,95.77282,90.20149993896484,-5.177001953125,0.0
2019-05-23,91.82949829101562,92.19999694824219,90.20999908447266,90.77400207519531,90.77400207519531,88486000,AMZN,95.6972,93.4834976196289,2.7094955444335938,0.0
2019-06-05,87.4800033569336,87.5999984741211,85.76249694824219,86.92500305175781,86.92500305175781,84796000,AMZN,89.57856,94.8915023803711,7.966499328613281,0.0
2019-06-10,91.0999984741211,94.24349975585938,90.9000015258789,93.03150177001953,93.03150177001953,107420000,AMZN,91.0331,96.1094970703125,0.0,-3.0779953002929688
2019-06-12,92.6989974975586,93.25,92.21900177001953,92.76599884033203,92.76599884033203,53566000,AMZN,94.39777,96.94999694824219,4.183998107910156,0.0
2019-06-19,95.39199829101562,95.97899627685547,94.62349700927734,95.43949890136719,95.43949890136719,57906000,AMZN,98.39919,100.05349731445312,4.6139984130859375,0.0
2019-06-25,95.59200286865234,95.81950378417969,93.62100219726562,93.91349792480469,93.91349792480469,60246000,AMZN,99.236824,99.60150146484375,5.6880035400390625,0.0
2019-06-26,94.6240005493164,95.19000244140625,94.36599731445312,94.8915023803711,94.8915023803711,48838000,AMZN,98.977745,98.8949966430664,4.0034942626953125,0.0
2019-06-28,95.45500183105469,95.64700317382812,94.19999694824219,94.68150329589844,94.68150329589844,60748000,AMZN,98.68467,99.28150177001953,4.599998474121094,0.0
2019-07-01,96.14900207519531,96.49099731445312,95.73300170898438,96.1094970703125,96.1094970703125,63842000,AMZN,98.82799,99.72450256347656,3.6150054931640625,0.0
2019-07-09,97.38999938964844,99.50050354003906,97.17400360107422,99.41500091552734,99.41500091552734,86914000,AMZN,100.72286,94.92649841308594,-4.488502502441406,0.0
2019-07-11,101.28099822998047,101.79000091552734,99.76499938964844,100.05349731445312,100.05349731445312,86356000,AMZN,102.6023,92.76599884033203,-7.287498474121094,0.0
2019-07-12,100.41349792480469,100.8499984741211,100.19349670410156,100.55000305175781,100.55000305175781,50186000,AMZN,103.39092,91.16200256347656,-9.38800048828125,0.0
2019-07-18,99.00050354003906,99.375,97.57749938964844,98.8949966430664,98.8949966430664,69738000,AMZN,103.92941,91.64450073242188,-7.250495910644531,0.0
2019-08-05,88.51100158691406,89.43350219726562,87.43900299072266,88.25650024414062,88.25650024414062,121164000,AMZN,94.645256,88.44349670410156,0.1869964599609375,0.0
2019-08-30,89.87449645996094,89.98699951171875,88.22850036621094,88.81449890136719,88.81449890136719,61174000,AMZN,91.71988,89.26499938964844,0.45050048828125,0.0
2019-09-09,92.05000305175781,92.5,91.23049926757812,91.56749725341797,91.56749725341797,59990000,AMZN,94.40712,86.79550170898438,-4.771995544433594,0.0
2019-10-08,86.12449645996094,86.3499984741211,85.25,85.27549743652344,85.27549743652344,50840000,AMZN,88.98055,88.135498046875,2.8600006103515625,0.0
2019-10-14,86.44550323486328,87.09449768066406,86.0999984741211,86.82150268554688,86.82150268554688,38204000,AMZN,89.46588,90.23300170898438,3.4114990234375,0.0
2019-10-15,87.10700225830078,88.82250213623047,87.03099822998047,88.36900329589844,88.36900329589844,62234000,AMZN,89.89591,90.08550262451172,1.7164993286132812,0.0
2019-10-16,88.66649627685547,89.31199645996094,88.5260009765625,88.87149810791016,88.87149810791016,55268000,AMZN,90.5814,89.78849792480469,0.9169998168945312,0.0
2019-10-25,84.87750244140625,88.21050262451172,84.75,88.06649780273438,88.06649780273438,192528000,AMZN,91.2139,86.97450256347656,-1.0919952392578125,0.0
2019-10-31,88.79949951171875,89.5999984741211,88.5739974975586,88.83300018310547,88.83300018310547,55624000,AMZN,91.34153,86.7354965209961,-2.097503662109375,0.0
2019-11-07,90.18800354003906,90.29499816894531,89.17400360107422,89.41000366210938,89.41000366210938,53022000,AMZN,93.25615,90.04000091552734,0.6299972534179688,0.0
2019-11-12,88.73300170898438,89.31099700927734,88.59549713134766,88.9000015258789,88.9000015258789,40752000,AMZN,92.599464,88.03450012207031,-0.8655014038085938,0.0
2019-11-13,88.66950225830078,88.75,87.36599731445312,87.65550231933594,87.65550231933594,59790000,AMZN,92.16282,87.02400207519531,-0.631500244140625,0.0
2019-11-21,87.1500015258789,87.34349822998047,86.51799774169922,86.7354965209961,86.7354965209961,53258000,AMZN,90.209946,88.0469970703125,1.3115005493164062,0.0
2019-11-29,90.88899993896484,91.2344970703125,90.03949737548828,90.04000091552734,90.04000091552734,38468000,AMZN,92.63822,89.32499694824219,-0.7150039672851562,0.0
2019-12-10,87.37000274658203,87.53350067138672,86.75,86.96050262451172,86.96050262451172,50286000,AMZN,90.69427,94.90049743652344,7.939994812011719,0.0
2019-12-19,89.0250015258789,89.64949798583984,88.7030029296875,89.61399841308594,89.61399841308594,53056000,AMZN,92.10818,94.56500244140625,4.9510040283203125,0.0
2019-12-23,89.41300201416016,89.6500015258789,89.22550201416016,89.6500015258789,89.6500015258789,42728000,AMZN,92.6038,93.10099792480469,3.4509963989257812,0.0
2019-12-26,90.05049896240234,93.52300262451172,89.9749984741211,93.4384994506836,93.4384994506836,120108000,AMZN,93.33456,93.23600006103516,0.0,0.2024993896484375
2020-01-02,93.75,94.90049743652344,93.2074966430664,94.90049743652344,94.90049743652344,80580000,AMZN,96.38409,93.08200073242188,-1.8184967041015625,0.0
2020-01-03,93.2249984741211,94.30999755859375,93.2249984741211,93.74849700927734,93.74849700927734,75288000,AMZN,96.806366,91.41699981689453,-2.3314971923828125,0.0
2020-01-07,95.2249984741211,95.69450378417969,94.60199737548828,95.34300231933594,95.34300231933594,80898000,AMZN,97.64116,92.9000015258789,-2.4430007934570312,0.0
2020-01-08,94.9020004272461,95.55000305175781,94.3219985961914,94.59850311279297,94.59850311279297,70160000,AMZN,97.99794,93.53399658203125,-1.0645065307617188,0.0
2020-01-13,94.56549835205078,94.9000015258789,94.04000091552734,94.56500244140625,94.56500244140625,55616000,AMZN,98.40044,102.4834976196289,7.918495178222656,0.0
2020-01-15,93.61250305175781,93.94300079345703,92.75450134277344,93.10099792480469,93.10099792480469,57932000,AMZN,97.65883,102.5114974975586,9.410499572753906,0.0
2020-01-27,91.0,92.05000305175781,90.76699829101562,91.41699981689453,91.41699981689453,70570000,AMZN,96.596115,107.78350067138672,16.366500854492188,0.0
2020-02-05,103.5510025024414,103.5510025024414,101.5999984741211,101.99349975585938,101.99349975585938,87524000,AMZN,103.69799,94.21499633789062,-7.77850341796875,0.0
2020-02-14,107.78399658203125,107.9520034790039,106.29450225830078,106.74349975585938,106.74349975585938,52124000,AMZN,111.47704,90.03050231933594,-16.712997436523438,0.0
2020-02-18,106.2509994506836,108.30349731445312,106.20549774169922,107.78350067138672,107.78350067138672,58912000,AMZN,111.6467,94.59100341796875,-13.192497253417969,0.0
2020-03-11,92.89250183105469,93.56600189208984,90.07499694824219,91.04299926757812,91.04299926757812,112496000,AMZN,95.230415,95.38500213623047,4.342002868652344,0.0
2020-03-17,88.77349853515625,92.88899993896484,84.46199798583984,90.39199829101562,90.39199829101562,218342000,AMZN,88.6294,100.58000183105469,0.0,-10.188003540039062
2020-03-19,93.0,97.25,91.63249969482422,94.04650115966797,94.04650115966797,207998000,AMZN,90.68632,102.13800048828125,0.0,-8.091499328613281
2020-03-23,91.38749694824219,95.97000122070312,90.5999984741211,95.1415023803711,95.1415023803711,156170000,AMZN,94.15547,114.16600036621094,0.0,-19.024497985839844
2020-03-30,96.1415023803711,98.68150329589844,95.61699676513672,98.19750213623047,98.19750213623047,122522000,AMZN,99.6494,116.40599822998047,18.20849609375,0.0
2020-04-01,96.64849853515625,97.24800109863281,94.6500015258789,95.38500213623047,95.38500213623047,82438000,AMZN,100.425316,119.97250366210938,24.587501525878906,0.0
2020-04-08,101.05000305175781,102.19999694824219,100.55750274658203,102.1500015258789,102.1500015258789,79546000,AMZN,102.3677,123.6999969482422,21.549995422363295,0.0
2020-04-29,116.50050354003906,119.59449768066406,115.5,118.635498046875,118.635498046875,91832000,AMZN,122.908035,124.89700317382814,6.261505126953139,0.0
2020-04-30,120.99199676513672,123.75,119.80049896240234,123.69999694824219,123.69999694824219,190692000,AMZN,123.158,122.33699798583986,0.0,1.3629989624023295
2020-05-04,112.81900024414062,116.3489990234375,112.81900024414062,115.79949951171875,115.79949951171875,97318000,AMZN,121.03611,121.09300231933594,5.2935028076171875,0.0
2020-05-11,118.73500061035156,120.9834976196289,118.60549926757812,120.44999694824219,120.44999694824219,65184000,AMZN,121.871765,123.62049865722658,3.170501708984389,0.0
2020-05-18,120.21749877929688,121.6500015258789,119.20050048828125,121.31300354003906,121.31300354003906,87144000,AMZN,123.30574,130.04299926757812,8.729995727539062,0.0
2020-05-21,125.0,126.27249908447266,122.12699890136719,122.33699798583984,122.33699798583984,102288000,AMZN,126.31381,127.2509994506836,4.91400146484375,0.0
2020-05-22,122.75050354003906,123.49250030517578,121.50650024414062,121.84400177001953,121.84400177001953,57342000,AMZN,126.76833,128.63400268554688,6.790000915527344,0.0
2020-05-29,120.7969970703125,122.11849975585938,119.91000366210938,122.11849975585938,122.11849975585938,70198000,AMZN,125.084755,133.75050354003906,11.632003784179688,0.0
2020-06-04,123.87149810791016,125.37699890136719,122.50050354003906,123.02999877929688,123.02999877929688,58974000,AMZN,127.09681,137.72900390625,14.699005126953125,0.0
2020-06-05,122.22550201416016,124.43250274658203,121.85649871826172,124.1500015258789,124.1500015258789,66128000,AMZN,127.34389,134.64349365234375,10.493492126464844,0.0
2020-06-25,136.9774932861328,137.81149291992188,135.60699462890625,137.72900390625,137.72900390625,59374000,AMZN,140.30301,148.09849548339844,10.369491577148438,0.0
2020-06-26,138.7530059814453,139.1284942626953,134.39999389648438,134.64349365234375,134.64349365234375,130016000,AMZN,140.5638,159.8419952392578,25.198501586914062,0.0
2020-07-13,162.55299377441406,167.21449279785156,153.41949462890625,155.1999969482422,155.1999969482422,154408000,AMZN,158.64279,155.59449768066406,0.394500732421875,0.0
2020-07-16,148.55299377441406,151.60000610351562,145.9114990234375,149.9949951171875,149.9949951171875,127884000,AMZN,156.74002,161.25,11.2550048828125,0.0
2020-08-10,158.5155029296875,158.62550354003906,155.0760040283203,157.4080047607422,157.4080047607422,63346000,AMZN,161.59654,172.54800415039062,15.139999389648438,0.0
2020-08-12,155.39999389648438,158.71949768066406,155.0709991455078,158.11199951171875,158.11199951171875,70442000,AMZN,160.72755,176.57249450683594,18.460494995117188,0.0
2020-08-17,158.656005859375,159.74850463867188,157.70899963378906,159.12049865722656,159.12049865722656,53824000,AMZN,161.32713,157.49200439453125,-1.6284942626953125,0.0
2020-08-20,162.60000610351562,165.63099670410156,161.89999389648438,164.86849975585938,164.86849975585938,66650000,AMZN,164.74985,155.81100463867188,0.0,9.0574951171875
2020-08-27,172.50250244140625,172.64999389648438,168.89999389648438,170.0,170.0,85296000,AMZN,169.82408,147.74549865722656,0.0,22.254501342773438
2020-08-28,171.14999389648438,171.6685028076172,169.3249969482422,170.08999633789062,170.08999633789062,57940000,AMZN,170.97668,148.02349853515625,-22.066497802734375,0.0
2020-09-03,174.25,174.42050170898438,165.14999389648438,168.39999389648438,168.39999389648438,163222000,AMZN,174.58578,154.75650024414062,-13.64349365234375,0.0
2020-09-23,156.02149963378906,156.35000610351562,149.61900329589844,149.9929962158203,149.9929962158203,113054000,AMZN,154.18375,168.1855010986328,18.1925048828125,0.0
2020-09-24,148.88949584960938,153.46499633789062,148.25,150.989501953125,150.989501953125,110588000,AMZN,154.08046,166.9324951171875,15.9429931640625,0.0
2020-10-01,160.39999389648438,161.1999969482422,158.60000610351562,161.06300354003906,161.06300354003906,99438000,AMZN,160.08081,158.82000732421875,0.0,2.2429962158203125
2020-10-08,161.24949645996094,161.6645050048828,158.74949645996094,159.52749633789062,159.52749633789062,63482000,AMZN,161.54349,160.55050659179688,1.02301025390625,0.0
2020-10-09,160.5,164.44949340820312,159.89149475097656,164.33250427246094,164.33250427246094,98158000,AMZN,162.44345,151.8074951171875,0.0,12.525009155273438
2020-10-19,164.98049926757812,166.4499969482422,159.63699340820312,160.36050415039062,160.36050415039062,104472000,AMZN,168.42787,157.18699645996094,-3.1735076904296875,0.0
2020-10-21,160.625,161.69400024414062,158.0,159.2469940185547,159.2469940185547,91854000,AMZN,165.94032,156.8695068359375,-2.3774871826171875,0.0
2020-10-23,159.5500030517578,160.26649475097656,157.0,160.22000122070312,160.22000122070312,69334000,AMZN,163.68713,156.4405059814453,-3.7794952392578125,0.0
2020-10-29,160.06350708007812,162.8625030517578,158.1999969482422,160.55050659179688,160.55050659179688,131930000,AMZN,163.37337,155.8509979248047,-4.6995086669921875,0.0
2020-10-30,157.8874969482422,158.35000610351562,150.9499969482422,151.8074951171875,151.8074951171875,167728000,AMZN,161.98001,154.97000122070312,3.162506103515625,0.0
2020-11-03,150.92649841308594,153.7449951171875,149.0489959716797,152.42050170898438,152.42050170898438,97958000,AMZN,158.10265,155.9029998779297,3.4824981689453125,0.0
2020-11-04,157.99949645996094,162.24249267578125,156.9864959716797,162.05799865722656,162.05799865722656,136780000,AMZN,158.30797,159.2534942626953,0.0,2.80450439453125
2020-12-07,157.82400512695312,159.03799438476562,157.08450317382812,157.89999389648438,157.89999389648438,55026000,AMZN,162.57368,166.10000610351562,8.20001220703125,0.0
2020-12-23,160.25,160.50650024414062,159.20849609375,159.2635040283203,159.2635040283203,41876000,AMZN,163.33589,155.21249389648438,-4.0510101318359375,0.0
2021-01-08,159.0,159.53199768066406,157.11000061035156,159.13499450683594,159.13499450683594,70754000,AMZN,162.68597,167.1439971923828,8.009002685546875,0.0
2021-01-15,156.1510009765625,157.12750244140625,154.7584991455078,155.21249389648438,155.21249389648438,84880000,AMZN,160.22281,166.14700317382812,10.93450927734375,0.0
2021-01-25,166.4250030517578,168.1945037841797,162.15750122070312,164.6999969482422,164.6999969482422,74996000,AMZN,165.52826,163.44749450683594,-1.25250244140625,0.0
2021-02-01,162.1179962158203,167.51300048828125,161.75149536132812,167.1439971923828,167.1439971923828,83204000,AMZN,166.23964,159.72500610351562,0.0,7.4189910888671875
2021-02-03,171.25050354003906,171.6999969482422,165.43099975585938,165.62649536132812,165.62649536132812,141776000,AMZN,168.15186,152.85800170898438,-12.76849365234375,0.0
2021-02-11,164.60000610351562,164.60000610351562,162.4029998779297,163.10650634765625,163.10650634765625,46028000,AMZN,168.3319,150.0229949951172,-13.083511352539062,0.0
2021-02-22,160.406494140625,161.61599731445312,158.61300659179688,159.03700256347656,159.03700256347656,70314000,AMZN,166.47668,154.08399963378906,-4.9530029296875,0.0
2021-03-04,150.60000610351562,152.906494140625,147.27149963378906,148.8784942626953,148.8784942626953,109632000,AMZN,157.15593,152.31300354003906,3.43450927734375,0.0
2021-03-16,155.24850463867188,156.44549560546875,153.79299926757812,154.59300231933594,154.59300231933594,50776000,AMZN,157.348,163.96949768066406,9.376495361328125,0.0
2021-03-22,153.3925018310547,156.32899475097656,153.00250244140625,155.5435028076172,155.5435028076172,58044000,AMZN,157.49075,170.0,14.456497192382812,0.0
2021-03-25,153.64950561523438,155.48899841308594,151.85699462890625,152.31300354003906,152.31300354003906,71270000,AMZN,158.37923,169.9720001220703,17.65899658203125,0.0
2021-04-07,161.69000244140625,165.1804962158203,161.1824951171875,163.96949768066406,163.96949768066406,66924000,AMZN,162.45488,172.9250030517578,0.0,-8.95550537109375
2021-04-12,167.760498046875,169.7519989013672,167.5574951171875,168.96949768066406,168.96949768066406,65636000,AMZN,167.6226,169.32449340820312,0.0,-0.3549957275390625
2021-04-13,170.04249572753906,171.60000610351562,169.781494140625,170.0,170.0,66316000,AMZN,169.30074,165.593505859375,0.0,4.406494140625
2021-04-15,168.5500030517578,169.85000610351562,167.60000610351562,168.95449829101562,168.95449829101562,64672000,AMZN,170.79376,165.31849670410156,-3.6360015869140625,0.0
2021-04-21,165.8000030517578,168.14300537109375,165.1905059814453,168.1009979248047,168.1009979248047,44224000,AMZN,171.1389,157.5970001220703,-10.503997802734375,0.0
2021-04-23,165.9550018310547,168.75,165.4250030517578,167.04400634765625,167.04400634765625,63856000,AMZN,170.38527,161.14500427246094,-5.8990020751953125,0.0
2021-04-27,172.17349243164062,173.0,169.90049743652344,170.8715057373047,170.8715057373047,76542000,AMZN,171.14888,161.61399841308594,-9.25750732421875,0.0
2021-05-14,159.2779998779297,161.4429931640625,159.14999389648438,161.14500427246094,161.14500427246094,66500000,AMZN,163.06897,159.90049743652344,-1.2445068359375,0.0
2021-05-20,162.22000122070312,162.98399353027344,161.8090057373047,162.38400268554688,162.38400268554688,52664000,AMZN,164.64975,167.3415069580078,4.9575042724609375,0.0
2021-05-25,163.33349609375,163.99099731445312,160.68800354003906,162.95249938964844,162.95249938964844,65222000,AMZN,164.93214,170.7624969482422,7.80999755859375,0.0
2021-06-01,162.1750030517578,162.5489959716797,160.4530029296875,160.9324951171875,160.9324951171875,48600000,AMZN,165.33826,175.27200317382812,14.339508056640625,0.0
2021-06-07,159.8665008544922,160.39999389648438,158.61000061035156,159.90049743652344,159.90049743652344,44316000,AMZN,164.02158,172.1945037841797,12.29400634765625,0.0
2021-06-10,164.10049438476562,167.5500030517578,164.0574951171875,167.4824981689453,167.4824981689453,69530000,AMZN,165.85912,171.64849853515625,0.0,-4.1660003662109375
2021-06-16,169.60000610351562,171.3175048828125,168.02650451660156,170.7624969482422,170.7624969482422,84056000,AMZN,170.44423,186.57049560546875,0.0,-15.807998657226562
2021-06-18,173.99949645996094,175.35000610351562,173.6855010986328,174.34500122070312,174.34500122070312,104954000,AMZN,172.92715,185.92750549316406,0.0,-11.582504272460938
2021-06-22,172.9029998779297,176.18899536132812,172.80450439453125,175.27200317382812,175.27200317382812,66902000,AMZN,174.74985,184.08399963378906,0.0,-8.811996459960938
2021-06-29,171.9409942626953,172.80149841308594,171.15150451660156,172.40699768066406,172.40699768066406,41968000,AMZN,175.00557,179.25999450683594,6.852996826171875,0.0
2021-07-02,172.58200073242188,175.58599853515625,171.8459930419922,175.5489959716797,175.5489959716797,63388000,AMZN,174.98566,184.99099731445312,0.0,-9.442001342773438
2021-07-14,185.4425048828125,185.88299560546875,183.04150390625,184.08399963378906,184.08399963378906,65932000,AMZN,185.63959,167.73599243164062,-16.348007202148438,0.0
2021-07-27,184.9250030517578,184.9250030517578,179.3074951171875,181.3195037841797,181.3195037841797,82638000,AMZN,183.12123,162.09800720214844,-19.22149658203125,0.0
2021-08-12,164.5,165.72549438476562,163.48350524902344,165.1750030517578,165.1750030517578,46282000,AMZN,169.22972,173.156005859375,7.9810028076171875,0.0
2021-08-13,165.2834930419922,165.30349731445312,164.14999389648438,164.69850158691406,164.69850158691406,41134000,AMZN,168.75911,173.90249633789062,9.203994750976562,0.0
2021-08-25,165.49349975585938,166.0500030517578,164.3074951171875,164.95899963378906,164.95899963378906,33606000,AMZN,165.94916,174.41200256347656,9.4530029296875,0.0
2021-08-30,167.8715057373047,172.25,167.76100158691406,171.07850646972656,171.07850646972656,63844000,AMZN,168.96078,167.18150329589844,0.0,3.897003173828125
2021-09-07,173.89999389648438,176.4044952392578,173.8470001220703,175.46449279785156,175.46449279785156,54758000,AMZN,175.44061,165.79800415039062,0.0,9.666488647460938
2021-09-20,169.8000030517578,170.9499969482422,165.25050354003906,167.7864990234375,167.7864990234375,93382000,AMZN,174.76477,162.31500244140625,-5.47149658203125,0.0
2021-09-23,169.00250244140625,171.447998046875,169.00250244140625,170.8000030517578,170.8000030517578,47588000,AMZN,172.43352,164.9929962158203,-5.8070068359375,0.0
2021-09-28,167.885498046875,168.45950317382812,164.5050048828125,165.79800415039062,165.79800415039062,88616000,AMZN,171.62492,172.20750427246094,6.4095001220703125,0.0
2021-10-01,164.45050048828125,165.45849609375,162.7969970703125,164.16299438476562,164.16299438476562,56712000,AMZN,169.12863,166.77749633789062,2.614501953125,0.0
2021-10-04,163.96949768066406,163.99949645996094,158.8125,159.48899841308594,159.48899841308594,90462000,AMZN,167.80328,166.01849365234375,6.5294952392578125,0.0
2021-10-06,160.67649841308594,163.2169952392578,159.93099975585938,163.10049438476562,163.10049438476562,50660000,AMZN,165.93484,169.62449645996094,6.5240020751953125,0.0
2021-11-03,165.4499969482422,169.74600219726562,164.87600708007812,169.1999969482422,169.1999969482422,67944000,AMZN,169.98524,179.02049255371094,9.82049560546875,0.0
2021-11-17,178.23599243164062,179.3625030517578,177.2675018310547,177.4499969482422,177.4499969482422,51206000,AMZN,178.84186,174.17100524902344,-3.27899169921875,0.0
2021-11-24,178.1334991455078,180.6820068359375,176.84249877929688,179.02049255371094,179.02049255371094,46560000,AMZN,181.8046,168.87100219726562,-10.149490356445312,0.0
2021-11-29,177.3820037841797,179.8000030517578,176.5749969482422,178.07850646972656,178.07850646972656,65312000,AMZN,180.82704,167.07899475097656,-10.99951171875,0.0
2021-12-02,173.0,174.63499450683594,171.1875,171.8679962158203,171.8679962158203,64726000,AMZN,178.1439,171.06849670410156,-0.79949951171875,0.0
2021-12-14,167.5500030517578,169.49899291992188,166.44000244140625,169.0915069580078,169.0915069580078,55976000,AMZN,174.6021,164.35699462890625,-4.7345123291015625,0.0
2021-12-16,173.36849975585938,174.16600036621094,168.16050720214844,168.87100219726562,168.87100219726562,60876000,AMZN,173.4163,162.5540008544922,-6.3170013427734375,0.0
2021-12-17,167.7104949951172,170.89849853515625,165.61349487304688,170.0175018310547,170.0175018310547,85542000,AMZN,172.79694,161.48599243164062,-8.531509399414062,0.0
2022-01-21,149.9499969482422,150.89999389648438,142.07049560546875,142.64300537109375,142.64300537109375,163972000,AMZN,158.9373,153.2935028076172,10.650497436523438,0.0
2022-02-07,158.52000427246094,162.6909942626953,157.25,157.9355010986328,157.9355010986328,102624000,AMZN,153.84319,151.14199829101562,0.0,6.7935028076171875
2022-02-09,162.87350463867188,163.83450317382812,160.25,161.1894989013672,161.1894989013672,68786000,AMZN,159.2576,147.89849853515625,0.0,13.291000366210938
2022-02-15,157.60549926757812,158.0070037841797,154.6374969482422,156.510498046875,156.510498046875,56440000,AMZN,160.21472,139.2790069580078,-17.231491088867188,0.0
2022-02-16,155.79049682617188,158.83399963378906,154.7344970703125,158.10049438476562,158.10049438476562,52704000,AMZN,160.18849,146.8175048828125,-11.282989501953125,0.0
2022-02-22,150.47850036621094,152.9824981689453,148.48550415039062,150.19749450683594,150.19749450683594,66128000,AMZN,158.24825,147.3665008544922,-2.83099365234375,0.0
2022-02-24,139.83749389648438,151.74899291992188,139.5,151.35800170898438,151.35800170898438,100786000,AMZN,154.35847,157.23899841308594,5.8809967041015625,0.0
2022-02-28,152.4250030517578,154.4499969482422,150.85000610351562,153.56300354003906,153.56300354003906,57684000,AMZN,154.21106,161.4915008544922,7.928497314453125,0.0
2022-03-08,136.68350219726562,140.69949340820312,133.57249450683594,136.01449584960938,136.01449584960938,91662000,AMZN,148.4834,169.31500244140625,33.300506591796875,0.0
2022-03-11,149.57449340820312,149.6750030517578,145.36900329589844,145.52450561523438,145.52450561523438,68900000,AMZN,146.94675,163.55999755859375,18.035491943359375,0.0
2022-03-24,163.74949645996094,164.11849975585938,160.0500030517578,163.64950561523438,163.64950561523438,56798000,AMZN,164.58937,151.7064971923828,-11.943008422851562,0.0
2022-04-07,158.39999389648438,160.07899475097656,154.51150512695312,157.7845001220703,157.7845001220703,68136000,AMZN,165.82852,124.28150177001952,-33.502998352050795,0.0
2022-04-18,151.52349853515625,154.0395050048828,150.25050354003906,152.78500366210938,152.78500366210938,46514000,AMZN,156.96777,108.78900146484375,-43.996002197265625,0.0
2022-04-20,157.6024932861328,157.6024932861328,153.60350036621094,153.9980010986328,153.9980010986328,59630000,AMZN,157.51527,105.37200164794922,-48.625999450683594,0.0
2022-04-26,144.8000030517578,144.8560028076172,138.92950439453125,139.39100646972656,139.39100646972656,77530000,AMZN,151.21823,115.36849975585938,-24.022506713867188,0.0
2022-04-28,142.17799377441406,145.9375,140.3000030517578,144.59649658203125,144.59649658203125,117316000,AMZN,147.23245,107.31900024414062,-37.277496337890625,0.0
2022-05-02,122.4010009765625,124.66799926757812,118.375,124.5,124.5,148788000,AMZN,137.66048,107.55699920654297,-16.94300079345703,0.0
2022-05-04,123.5999984741211,126.0,119.18299865722656,125.92849731445312,125.92849731445312,110746000,AMZN,130.63303,106.7750015258789,-19.15349578857422,0.0
2022-05-09,111.3125,114.0,107.95700073242188,108.78900146484375,108.78900146484375,128124000,AMZN,120.712364,120.20950317382812,11.420501708984375,0.0
2022-05-10,111.25,112.64250183105469,107.1709976196289,108.85900115966797,108.85900115966797,105434000,AMZN,117.49542,121.68399810791017,12.824996948242202,0.0
2022-05-11,108.10350036621094,110.15599822998047,104.42849731445312,105.37200164794922,105.37200164794922,109704000,AMZN,114.44273,125.51100158691405,20.13899993896483,0.0
2022-06-09,119.98999786376953,121.30000305175781,116.0999984741211,116.1500015258789,116.1500015258789,67029800,AMZN,126.54631,109.55999755859375,-6.590003967285156,0.0
2022-06-13,104.19000244140625,106.54000091552734,101.86000061035156,103.66999816894531,103.66999816894531,99277700,AMZN,119.30795,114.33000183105469,10.660003662109375,0.0
2022-06-15,103.86000061035156,109.05999755859375,103.52999877929688,107.66999816894531,107.66999816894531,85011100,AMZN,111.82323,115.54000091552734,7.870002746582031,0.0
2022-06-17,102.80000305175781,106.9800033569336,102.51000213623047,106.22000122070312,106.22000122070312,99772100,AMZN,108.06317,109.22000122070312,3.0,0.0
2022-06-22,107.43000030517578,112.12999725341797,107.0199966430664,108.94999694824219,108.94999694824219,60040100,AMZN,109.01766,110.62999725341797,1.6800003051757812,0.0
2022-06-23,110.38999938964844,113.0,107.93000030517578,112.44000244140625,112.44000244140625,64345300,AMZN,110.53281,113.55000305175781,0.0,-1.1100006103515625
2022-06-24,112.37999725341797,116.70999908447266,111.43000030517578,116.45999908447266,116.45999908447266,69867600,AMZN,112.766266,113.76000213623047,0.0,2.6999969482421875
2022-06-29,107.37999725341797,110.98999786376953,106.91000366210938,108.91999816894531,108.91999816894531,66375300,AMZN,115.345406,124.62999725341798,15.70999908447267,0.0
2022-07-11,114.08000183105469,114.30000305175781,110.87000274658203,111.75,111.75,53487600,AMZN,117.466415,135.38999938964844,23.639999389648438,0.0
2022-07-14,110.23999786376953,111.18000030517578,107.58000183105469,110.62999725341797,110.62999725341797,51163100,AMZN,115.1733,142.57000732421875,31.94001007080078,0.0
2022-07-21,123.19999694824219,124.8499984741211,121.26000213623047,124.62999725341797,124.62999725341797,60239900,AMZN,122.21776,140.63999938964844,0.0,-16.01000213623047
2022-07-25,122.69999694824219,123.63999938964844,120.02999877929688,121.13999938964844,121.13999938964844,50221300,AMZN,125.723564,143.17999267578125,22.039993286132812,0.0
2022-07-28,121.56999969482422,122.83999633789062,118.08000183105469,122.27999877929688,122.27999877929688,82245500,AMZN,124.510704,142.3000030517578,20.020004272460938,0.0
2022-08-02,134.72000122070312,137.44000244140625,134.08999633789062,134.16000366210938,134.16000366210938,61922400,AMZN,134.50423,133.6199951171875,-0.540008544921875,0.0
2022-08-04,140.5800018310547,143.55999755859375,139.5500030517578,142.57000732421875,142.57000732421875,70585000,AMZN,140.30133,137.27999877929688,0.0,5.290008544921875
2022-08-11,143.86000061035156,144.49000549316406,139.75999450683594,140.63999938964844,140.63999938964844,44867300,AMZN,145.4529,127.8199996948242,-12.819999694824233,0.0
2022-08-18,141.32000732421875,142.77000427246094,140.3800048828125,142.3000030517578,142.3000030517578,37458700,AMZN,146.96597,133.27000427246094,-9.029998779296875,0.0
2022-08-26,136.5500030517578,137.8300018310547,130.5,130.75,130.75,53322700,AMZN,139.2332,124.66000366210938,-6.089996337890625,0.0
2022-09-09,130.91000366210938,133.69000244140625,130.75999450683594,133.27000427246094,133.27000427246094,49387600,AMZN,132.85243,113.0,0.0,20.270004272460938
2022-09-12,134.10000610351562,136.49000549316406,134.0,136.4499969482422,136.4499969482422,53826900,AMZN,134.62161,115.87999725341797,0.0,20.56999969482422
2022-09-13,131.00999450683594,131.39999389648438,126.2699966430664,126.81999969482422,126.81999969482422,72694000,AMZN,134.84305,121.08999633789062,-5.730003356933594,0.0
2022-09-19,122.16000366210938,124.70999908447266,121.80000305175781,124.66000366210938,124.66000366210938,47279700,AMZN,130.25423,113.66999816894531,-10.990005493164062,0.0
2022-09-28,114.37999725341797,118.69999694824219,113.80000305175781,118.01000213623047,118.01000213623047,55763800,AMZN,119.58166,115.06999969482422,-2.94000244140625,0.0
2022-10-18,119.05999755859375,119.5199966430664,114.79000091552734,116.36000061035156,116.36000061035156,65607400,AMZN,116.3631,89.9800033569336,-26.37999725341797,0.0
2022-10-26,116.0,119.3499984741211,114.76000213623047,115.66000366210938,115.66000366210938,68802300,AMZN,122.08134,97.12000274658203,-18.540000915527344,0.0
2022-11-03,92.47000122070312,93.5,89.0199966430664,89.30000305175781,89.30000305175781,136683300,AMZN,100.33303,93.41000366210938,4.1100006103515625,0.0
2022-11-21,93.97000122070312,95.0199966430664,90.58999633789062,92.45999908447266,92.45999908447266,84330300,AMZN,99.0658,92.48999786376953,0.029998779296875,0.0
2022-11-28,93.93000030517578,96.4000015258789,93.43000030517578,93.94999694824219,93.94999694824219,74943100,AMZN,96.96067,84.91999816894531,-9.029998779296875,0.0
2022-11-29,94.04000091552734,94.41000366210938,91.44000244140625,92.41999816894531,92.41999816894531,65567300,AMZN,96.77817,85.19000244140625,-7.2299957275390625,0.0
2022-12-06,90.5,91.04000091552734,87.9000015258789,88.25,88.25,75503600,AMZN,96.01936,81.81999969482422,-6.430000305175781,0.0
2022-12-14,92.5,93.45999908447266,89.87000274658203,91.58000183105469,91.58000183105469,70298000,AMZN,93.658745,86.08000183105469,-5.5,0.0
2022-12-28,82.80000305175781,83.4800033569336,81.69000244140625,81.81999969482422,81.81999969482422,58228600,AMZN,86.3139,97.25,15.430000305175781,0.0
2023-01-06,83.02999877929688,86.4000015258789,81.43000030517578,86.08000183105469,86.08000183105469,83303400,AMZN,87.21381,100.55000305175781,14.470001220703125,0.0
2023-01-18,97.25,99.31999969482422,95.37999725341797,95.45999908447266,95.45999908447266,79570400,AMZN,99.95211,100.05000305175781,4.590003967285156,0.0
2023-01-19,94.73999786376953,95.44000244140625,92.86000061035156,93.68000030517578,93.68000030517578,69002700,AMZN,100.09465,98.23999786376953,4.55999755859375,0.0
2023-01-26,98.23999786376953,99.48999786376953,96.91999816894531,99.22000122070312,99.22000122070312,68523600,AMZN,100.27795,98.1500015258789,-1.0699996948242188,0.0
2023-03-10,92.66999816894531,93.56999969482422,90.25,90.7300033569336,90.7300033569336,69827500,AMZN,96.48219,103.29000091552734,12.55999755859375,0.0
2023-03-21,98.13999938964844,100.8499984741211,98.0,100.61000061035156,100.61000061035156,58597300,AMZN,101.559235,97.83000183105469,-2.779998779296875,0.0
2023-03-22,100.44999694824219,102.0999984741211,98.61000061035156,98.69999694824219,98.69999694824219,57475400,AMZN,102.49417,102.4000015258789,3.7000045776367188,0.0
2023-03-24,98.06999969482422,98.30000305175781,96.4000015258789,98.12999725341797,98.12999725341797,56095400,AMZN,102.938,102.73999786376953,4.6100006103515625,0.0
2023-03-31,102.16000366210938,103.48999786376953,101.94999694824219,103.29000091552734,103.29000091552734,56750300,AMZN,104.265305,106.20999908447266,2.9199981689453125,0.0
2023-04-03,102.30000305175781,103.29000091552734,101.43000030517578,102.41000366210938,102.41000366210938,41135700,AMZN,105.15656,102.56999969482422,0.15999603271484375,0.0
2023-04-04,102.75,104.19999694824219,102.11000061035156,103.94999694824219,103.94999694824219,48662500,AMZN,105.985634,104.9800033569336,1.0300064086914062,0.0
2023-04-17,103.16000366210938,103.7300033569336,101.58999633789062,102.73999786376953,102.73999786376953,39919500,AMZN,104.97068,105.83000183105469,3.0900039672851562,0.0
2023-04-26,105.04000091552734,106.62000274658203,104.0999984741211,104.9800033569336,104.9800033569336,73803800,AMZN,109.11292,115.5,10.519996643066406,0.0
2023-05-05,104.2699966430664,105.76000213623047,103.55000305175781,105.66000366210938,105.66000366210938,56951700,AMZN,107.902,120.11000061035156,14.449996948242188,0.0
2023-05-11,111.02999877929688,113.27999877929688,110.48999786376953,112.18000030517578,112.18000030517578,74924800,AMZN,111.59327,124.24999999999999,0.0,-12.069999694824205
2023-05-15,111.1500015258789,112.29000091552734,109.25,111.19999694824219,111.19999694824219,53011100,AMZN,114.08511,126.61000061035158,15.41000366210939,0.0
2023-05-22,116.7699966430664,116.7699966430664,114.25,115.01000213623047,115.01000213623047,70741100,AMZN,120.133995,126.66000366210936,11.650001525878892,0.0
2023-05-25,116.62999725341797,116.87000274658203,114.30999755859375,115.0,115.0,66496700,AMZN,120.25906,125.48999786376955,10.489997863769545,0.0
2023-06-05,123.36000061035156,125.80000305175781,123.02999877929688,125.30000305175781,125.30000305175781,47950100,AMZN,126.96862,129.17999267578125,3.8799896240234375,0.0
2023-06-22,125.30999755859375,130.3300018310547,125.13999938964844,130.14999389648438,130.14999389648438,90354600,AMZN,130.44728,134.67999267578125,4.529998779296875,0.0
2023-07-05,130.24000549316406,131.39999389648438,129.63999938964844,130.3800048828125,130.3800048828125,35895400,AMZN,134.31166,128.14999389648438,-2.230010986328125,0.0
2023-07-17,134.55999755859375,135.6199951171875,133.2100067138672,133.55999755859375,133.55999755859375,48450200,AMZN,136.89038,142.22000122070312,8.660003662109375,0.0
2023-07-19,133.38999938964844,135.99000549316406,132.52999877929688,135.36000061035156,135.36000061035156,54531000,AMZN,137.774,137.85000610351562,2.4900054931640625,0.0
2023-07-20,134.07000732421875,134.7899932861328,129.3300018310547,129.9600067138672,129.9600067138672,59820600,AMZN,137.56926,138.55999755859375,8.599990844726562,0.0
2023-07-24,130.30999755859375,131.66000366210938,128.35000610351562,128.8000030517578,128.8000030517578,45591100,AMZN,135.86826,140.57000732421875,11.770004272460938,0.0
2023-07-27,131.0,132.6300048828125,127.79000091552734,128.25,128.25,52610700,AMZN,133.61047,133.97999572753906,5.7299957275390625,0.0
2023-08-22,135.0800018310547,135.64999389648438,133.72999572753906,134.25,134.25,32905400,AMZN,139.03195,144.85000610351562,10.600006103515625,0.0
2023-08-25,132.47000122070312,133.8699951171875,130.5800018310547,133.25999450683594,133.25999450683594,44147500,AMZN,138.16762,139.97999572753906,6.720001220703125,0.0
2023-08-29,133.3800048828125,135.13999938964844,133.25,134.91000366210938,134.91000366210938,38646100,AMZN,137.87634,135.2899932861328,0.3799896240234375,0.0
2023-09-13,140.9499969482422,144.97999572753906,140.8699951171875,144.85000610351562,144.85000610351562,60465200,AMZN,144.4604,127.0,0.0,17.850006103515625
2023-09-19,138.6999969482422,138.83999633789062,135.55999755859375,137.6300048828125,137.6300048828125,61482500,AMZN,145.10954,129.47999572753906,-8.150009155273438,0.0
2023-10-03,128.05999755859375,128.52000427246094,124.25,124.72000122070312,124.72000122070312,51565000,AMZN,130.84856,128.55999755859375,3.839996337890625,0.0
2023-10-04,126.05999755859375,127.36000061035156,125.68000030517578,127.0,127.0,44203900,AMZN,130.73767,121.38999938964844,-5.6100006103515625,0.0
2023-10-12,132.1699981689453,134.47999572753906,131.22999572753906,132.3300018310547,132.3300018310547,55528600,AMZN,133.68213,138.07000732421875,5.7400054931640625,0.0
2023-10-18,129.89999389648438,130.6699981689453,127.51000213623047,128.1300048828125,128.1300048828125,42699500,AMZN,135.15253,142.0800018310547,13.949996948242188,0.0
2023-10-26,120.62999725341797,121.63999938964844,118.3499984741211,119.56999969482422,119.56999969482422,100419500,AMZN,128.88359,142.8300018310547,23.26000213623047,0.0
2023-10-31,132.75,133.57000732421875,131.7100067138672,133.08999633789062,133.08999633789062,51589400,AMZN,131.77531,143.89999389648438,0.0,-10.80999755859375
2023-11-06,138.75999450683594,140.72999572753906,138.36000061035156,139.74000549316406,139.74000549316406,44970400,AMZN,140.91295,147.02999877929688,7.2899932861328125,0.0
2023-11-08,142.97000122070312,143.1199951171875,141.22000122070312,142.0800018310547,142.0800018310547,44521700,AMZN,144.23262,146.08999633789062,4.0099945068359375,0.0
2023-11-16,140.91000366210938,143.32000732421875,139.52000427246094,142.8300018310547,142.8300018310547,49653500,AMZN,147.68936,147.4199981689453,4.589996337890625,0.0
2023-11-27,147.52999877929688,149.25999450683594,146.8800048828125,147.72999572753906,147.72999572753906,53762400,AMZN,149.95839,154.07000732421875,6.3400115966796875,0.0
2023-12-12,145.52000427246094,147.5,145.3000030517578,147.47999572753906,147.47999572753906,44944300,AMZN,150.14253,144.57000732421875,-2.9099884033203125,0.0
2023-12-21,153.3000030517578,153.97000122070312,152.10000610351562,153.83999633789062,153.83999633789062,36305700,AMZN,156.02765,153.16000366210938,-0.67999267578125,0.0
2023-12-22,153.77000427246094,154.35000610351562,152.7100067138672,153.4199981689453,153.4199981689453,29514100,AMZN,156.63785,151.7100067138672,-1.709991455078125,0.0
2023-12-27,153.55999755859375,154.77999877929688,153.1199951171875,153.33999633789062,153.33999633789062,31434700,AMZN,157.33752,155.33999633789062,2.0,0.0
2023-12-28,153.72000122070312,154.0800018310547,152.9499969482422,153.3800048828125,153.3800048828125,27057000,AMZN,157.4934,154.77999877929688,1.399993896484375,0.0
2024-01-23,154.85000610351562,156.2100067138672,153.92999267578125,156.02000427246094,156.02000427246094,37986000,AMZN,158.14058,168.63999938964844,12.6199951171875,0.0
2024-02-09,170.89999389648438,175.0,170.5800018310547,174.4499969482422,174.4499969482422,56986000,AMZN,172.36034,177.5800018310547,0.0,-3.1300048828125
2024-03-11,174.30999755859375,174.47000122070312,171.47000122070312,171.9600067138672,171.9600067138672,28484800,AMZN,177.72234,180.69000244140625,8.729995727539062,0.0
2024-03-28,180.1699981689453,181.6999969482422,179.25999450683594,180.3800048828125,180.3800048828125,38051600,AMZN,181.17715,174.6300048828125,-5.75,0.0
2024-04-01,180.7899932861328,183.0,179.9499969482422,180.97000122070312,180.97000122070312,29174500,AMZN,181.72021,177.22999572753906,-3.7400054931640625,0.0
2024-04-02,179.07000732421875,180.7899932861328,178.3800048828125,180.69000244140625,180.69000244140625,32611500,AMZN,181.92287,179.5399932861328,-1.1500091552734375,0.0
2024-04-04,184.0,185.10000610351562,180.0,180.0,180.0,41624300,AMZN,182.66592,173.6699981689453,-6.3300018310546875,0.0
2024-04-16,183.27000427246094,184.8300018310547,182.25999450683594,183.32000732421875,183.32000732421875,32891300,AMZN,186.83577,188.75999450683594,5.4399871826171875,0.0
2024-04-17,184.30999755859375,184.57000732421875,179.82000732421875,181.27999877929688,181.27999877929688,31359700,AMZN,186.17393,188.0,6.720001220703125,0.0
2024-04-23,178.0800018310547,179.92999267578125,175.97999572753906,179.5399932861328,179.5399932861328,37046500,AMZN,181.32253,187.07000732421875,7.5300140380859375,0.0
2024-04-24,179.94000244140625,180.32000732421875,176.17999267578125,176.58999633789062,176.58999633789062,34185100,AMZN,180.83829,185.99000549316406,9.400009155273438,0.0
2024-05-01,181.63999938964844,185.14999389648438,176.55999755859375,179.0,179.0,94645100,AMZN,180.3666,183.1300048828125,4.1300048828125,0.0
2024-05-03,186.99000549316406,187.8699951171875,185.4199981689453,186.2100067138672,186.2100067138672,39172000,AMZN,182.94586,180.75,0.0,5.4600067138671875
2024-05-08,187.44000244140625,188.42999267578125,186.38999938964844,188.0,188.0,26136400,AMZN,187.18364,179.32000732421875,0.0,8.67999267578125
2024-05-22,183.8800048828125,185.22000122070312,181.97000122070312,183.1300048828125,183.1300048828125,28148800,AMZN,185.63318,183.8300018310547,0.6999969482421875,0.0
2024-06-07,184.89999389648438,186.2899932861328,183.36000061035156,184.3000030517578,184.3000030517578,28021500,AMZN,183.10495,197.1999969482422,0.0,-12.899993896484375
2024-06-11,187.05999755859375,187.77000427246094,184.5399932861328,187.22999572753906,187.22999572753906,27265100,AMZN,185.37524,197.58999633789062,0.0,-10.360000610351562
2024-06-12,188.02000427246094,188.35000610351562,185.42999267578125,186.88999938964844,186.88999938964844,33984200,AMZN,186.32817,200.0,0.0,-13.110000610351562
2024-06-14,183.0800018310547,183.72000122070312,182.22999572753906,183.66000366210938,183.66000366210938,25456400,AMZN,186.44524,199.33999633789062,15.67999267578125,0.0
2024-06-18,183.74000549316406,184.2899932861328,181.42999267578125,182.80999755859375,182.80999755859375,36659200,AMZN,185.66695,195.0500030517578,12.240005493164062,0.0
2024-06-28,197.72999572753906,198.85000610351562,192.5,193.25,193.25,76930200,AMZN,191.68858,182.5500030517578,0.0,10.699996948242188
2024-07-10,200.0,200.11000061035156,197.69000244140625,199.7899932861328,199.7899932861328,32883800,AMZN,198.46416,186.97999572753906,0.0,12.80999755859375
2024-07-16,195.58999633789062,196.6199951171875,192.24000549316406,193.02000427246094,193.02000427246094,33994700,AMZN,195.90462,161.92999267578125,-31.090011596679688,0.0
2024-07-17,191.35000610351562,191.5800018310547,185.99000549316406,187.92999267578125,187.92999267578125,48076100,AMZN,194.4758,162.77000427246094,-25.159988403320312,0.0
2024-07-24,183.1999969482422,185.4499969482422,180.41000366210938,180.8300018310547,180.8300018310547,41532400,AMZN,186.70004,170.10000610351562,-10.729995727539062,0.0
2024-07-29,183.83999633789062,184.75,182.3800048828125,183.1999969482422,183.1999969482422,33270100,AMZN,184.57886,178.22000122070312,-4.9799957275390625,0.0
2024-08-14,172.11000061035156,172.27999877929688,168.86000061035156,170.10000610351562,170.10000610351562,28843800,AMZN,170.63133,177.88999938964844,7.7899932861328125,0.0
2024-08-15,174.86000061035156,177.91000366210938,173.99000549316406,177.58999633789062,177.58999633789062,51698500,AMZN,172.53017,171.38999938964844,0.0,6.1999969482421875
2024-09-05,175.0,179.8800048828125,175.0,177.88999938964844,177.88999938964844,40170500,AMZN,177.73485,191.16000366210938,0.0,-13.270004272460938
2024-09-09,174.52999877929688,175.85000610351562,173.50999450683594,175.39999389648438,175.39999389648438,29037400,AMZN,177.60085,186.3300018310547,10.930007934570312,0.0
2024-09-17,186.85000610351562,189.4499969482422,186.13999938964844,186.8800048828125,186.8800048828125,26091700,AMZN,185.92455,182.72000122070312,0.0,4.160003662109375
2024-09-18,186.4499969482422,188.8000030517578,185.05999755859375,186.42999267578125,186.42999267578125,34448100,AMZN,186.73703,185.1699981689453,-1.2599945068359375,0.0
2024-09-30,187.13999938964844,188.49000549316406,184.64999389648438,186.3300018310547,186.3300018310547,41583900,AMZN,191.13794,189.07000732421875,2.7400054931640625,0.0
2024-10-07,182.9499969482422,183.60000610351562,180.25,180.8000030517578,180.8000030517578,42364200,AMZN,186.18053,188.38999938964844,7.589996337890625,0.0
2024-10-10,187.1300048828125,188.1300048828125,185.8300018310547,186.64999389648438,186.64999389648438,27785000,AMZN,185.81403,186.39999389648438,0.0,0.25
2024-11-06,200.00999450683594,207.5500030517578,199.13999938964844,207.08999633789062,207.08999633789062,72292200,AMZN,196.42693,205.74000549316406,0.0,1.3499908447265625
2024-11-07,207.44000244140625,212.25,207.19000244140625,210.0500030517578,210.0500030517578,52878400,AMZN,199.18459,207.88999938964844,0.0,2.160003662109375
2024-11-11,208.5,209.64999389648438,205.58999633789062,206.83999633789062,206.83999633789062,35456000,AMZN,203.15378,213.44000244140625,0.0,-6.600006103515625
2024-11-15,206.75999450683594,207.33999633789062,199.61000061035156,202.61000061035156,202.61000061035156,86591100,AMZN,206.39146,226.08999633789062,23.479995727539062,0.0
2024-11-19,199.3300018310547,205.3000030517578,198.77999877929688,204.61000061035156,204.61000061035156,31197900,AMZN,204.30019,230.25999450683594,0.0,-25.649993896484375
2024-11-22,198.25,199.25999450683594,196.75,197.1199951171875,197.1199951171875,31530800,AMZN,201.00305,232.92999267578125,35.80999755859375,0.0
2024-11-27,206.97999572753906,207.63999938964844,205.0500030517578,205.74000549316406,205.74000549316406,28061600,AMZN,201.81114,223.2899932861328,0.0,-17.54998779296875
2024-12-04,215.9600067138672,220.0,215.75,218.16000366210938,218.16000366210938,48745700,AMZN,207.80183,227.0500030517578,0.0,-8.889999389648438
2024-12-06,220.75,227.14999389648438,220.60000610351562,227.02999877929688,227.02999877929688,44178100,AMZN,212.46678,221.3000030517578,0.0,5.7299957275390625
2025-01-07,227.89999389648438,228.3800048828125,221.4600067138672,222.11000061035156,222.11000061035156,28084200,AMZN,219.34062,234.63999938964844,0.0,-12.529998779296875
2025-01-08,223.19000244140625,223.52000427246094,220.1999969482422,222.1300048828125,222.1300048828125,25033300,AMZN,219.19278,237.67999267578125,0.0,-15.54998779296875
2025-01-14,220.44000244140625,221.82000732421875,216.1999969482422,217.75999450683594,217.75999450683594,24711700,AMZN,216.797,236.1699981689453,0.0,-18.410003662109375
2025-01-16,224.4199981689453,224.64999389648438,220.30999755859375,220.66000366210938,220.66000366210938,24757300,AMZN,217.09747,229.14999389648438,0.0,-8.489990234375
2025-01-21,228.89999389648438,231.77999877929688,226.94000244140625,230.7100067138672,230.7100067138672,39951500,AMZN,219.1264,232.75999450683594,0.0,-2.04998779296875
2025-01-23,234.10000610351562,235.52000427246094,231.50999450683594,235.4199981689453,235.4199981689453,26404400,AMZN,222.77388,230.3699951171875,0.0,5.0500030517578125
2025-02-03,234.05999755859375,239.25,232.89999389648438,237.4199981689453,237.4199981689453,37285900,AMZN,228.40395,212.8000030517578,0.0,24.6199951171875
2025-02-04,239.00999450683594,242.52000427246094,238.02999877929688,242.05999755859375,242.05999755859375,29713800,AMZN,229.19943,214.35000610351562,0.0,27.709991455078125
2025-02-05,237.02000427246094,238.32000732421875,235.1999969482422,236.1699981689453,236.1699981689453,38727300,AMZN,229.37503,208.74000549316406,0.0,27.42999267578125
2025-02-10,230.5500030517578,233.9199981689453,229.1999969482422,233.13999938964844,233.13999938964844,35419900,AMZN,227.68051,203.8000030517578,0.0,29.339996337890625
2025-02-20,224.77999877929688,225.1300048828125,221.80999755859375,222.8800048828125,222.8800048828125,30001700,AMZN,222.025,193.88999938964844,0.0,28.990005493164062
2025-02-25,211.6300048828125,213.33999633789062,204.16000366210938,212.8000030517578,212.8000030517578,58958000,AMZN,215.62483,192.82000732421875,-19.979995727539062,0.0
2025-02-28,208.64999389648438,212.6199951171875,206.99000549316406,212.27999877929688,212.27999877929688,51771700,AMZN,211.70671,196.2100067138672,0.0,16.069992065429688
2025-03-04,200.11000061035156,206.8000030517578,197.42999267578125,203.8000030517578,203.8000030517578,60853100,AMZN,208.05612,205.7100067138672,1.910003662109375,0.0
2025-03-06,204.39999389648438,205.77000427246094,198.3000030517578,200.6999969482422,200.6999969482422,49863800,AMZN,205.3212,201.36000061035156,0.660003662109375,0.0
2025-03-13,198.1699981689453,198.8800048828125,191.82000732421875,193.88999938964844,193.88999938964844,41270800,AMZN,197.75885,178.41000366210938,-15.479995727539062,0.0
2025-03-21,192.89999389648438,196.99000549316406,192.52000427246094,196.2100067138672,196.2100067138672,60056900,AMZN,195.05534,184.8699951171875,0.0,11.340011596679688
2025-04-02,187.66000366210938,198.33999633789062,187.66000366210938,196.00999450683594,196.00999450683594,53679200,AMZN,194.23447,186.5399932861328,0.0,9.470001220703125
2025-04-03,183.0,184.1300048828125,176.9199981689453,178.41000366210938,178.41000366210938,95553600,AMZN,191.39398,188.99000549316406,10.580001831054688,0.0
2025-04-08,185.22999572753906,185.89999389648438,168.57000732421875,170.66000366210938,170.66000366210938,87710400,AMZN,180.33264,184.4199981689453,13.759994506835938,0.0
2025-04-17,176.0,176.2100067138672,172.0,172.61000061035156,172.61000061035156,44726500,AMZN,180.40544,193.05999755859375,20.449996948242188,0.0
2025-05-12,210.7100067138672,211.66000366210938,205.75,208.63999938964844,208.63999938964844,75205000,AMZN,193.86147,205.7100067138672,0.0,2.92999267578125
2025-05-13,211.0800018310547,214.83999633789062,210.10000610351562,211.3699951171875,211.3699951171875,56193700,AMZN,198.1178,207.22999572753906,0.0,4.1399993896484375
2025-05-14,211.4499969482422,211.92999267578125,208.85000610351562,210.25,210.25,38492100,AMZN,201.50105,207.91000366210938,0.0,2.339996337890625
2025-05-21,201.61000061035156,203.4600067138672,200.05999755859375,201.1199951171875,201.1199951171875,42460900,AMZN,203.07544,213.24000549316406,12.120010375976562,0.0
2025-06-03,207.11000061035156,208.9499969482422,205.02999877929688,205.7100067138672,205.7100067138672,33139100,AMZN,203.89865,211.99000549316406,0.0,-6.279998779296875
2025-06-06,212.39999389648438,213.8699951171875,210.5,213.57000732421875,213.57000732421875,39832500,AMZN,206.1913,219.38999938964844,0.0,-5.8199920654296875
2025-06-12,211.77999877929688,213.5800018310547,211.3300018310547,213.24000549316406,213.24000549316406,27640000,AMZN,210.66637,223.47000122070312,0.0,-10.229995727539062
2025-06-20,214.67999267578125,214.88999938964844,208.27000427246094,209.69000244140625,209.69000244140625,75350700,AMZN,210.7426,225.69000244140625,16.0,0.0
2025-06-23,209.7899932861328,210.38999938964844,207.30999755859375,208.47000122070312,208.47000122070312,37311700,AMZN,209.92822,226.35000610351562,17.8800048828125,0.0
2025-07-10,221.5500030517578,222.7899932861328,219.6999969482422,222.25999450683594,222.25999450683594,30370600,AMZN,217.21165,234.11000061035156,0.0,-11.850006103515625
2025-07-18,225.13999938964844,226.39999389648438,222.97999572753906,226.1300048828125,226.1300048828125,37833800,AMZN,219.48985,222.69000244140625,0.0,3.44000244140625
2025-07-25,232.22000122070312,232.47999572753906,231.17999267578125,231.44000244140625,231.44000244140625,28712100,AMZN,223.08145,231.02999877929688,0.0,0.410003662109375
2025-07-29,234.14999389648438,234.72000122070312,230.30999755859375,231.00999450683594,231.00999450683594,33716200,AMZN,224.62073,228.00999450683594,0.0,3.0
2025-07-31,235.77000427246094,236.52999877929688,231.39999389648438,234.11000061035156,234.11000061035156,104357300,AMZN,225.09688,221.9499969482422,0.0,12.160003662109375
2025-08-07,221.0,226.22000122070312,220.82000732421875,223.1300048828125,223.1300048828125,40603500,AMZN,216.01906,231.60000610351562,0.0,-8.470001220703125
2025-08-08,223.13999938964844,223.8000030517578,221.8800048828125,222.69000244140625,222.69000244140625,32970500,AMZN,216.50085,229.0,0.0,-6.30999755859375
2025-09-10,237.52000427246094,237.67999267578125,229.10000610351562,230.3300018310547,230.3300018310547,60907700,AMZN,226.45981,220.6300048828125,0.0,9.699996948242188
2025-09-16,232.94000244140625,235.89999389648438,232.22999572753906,234.0500030517578,234.0500030517578,38203900,AMZN,225.46503,221.77999877929688,0.0,12.270004272460938
